_mock_label,post_date,value_date,description,transaction_type,amount,running_balance,bank_reference,eft_trace
MOCK_RAD_GROUP_DEMO_ONLY,2023-07-12,2023-07-12,INTEREST CREDIT,CREDIT,33.15,25033.15,REF9851683,
MOCK_RAD_GROUP_DEMO_ONLY,2023-07-18,2023-07-18,ACCOUNT ANALYSIS FEE,DEBIT,-66.41,24966.74,REF2525258,
MOCK_RAD_GROUP_DEMO_ONLY,2023-07-18,2023-07-18,BOOK TRANSFER TO OPERATING 8841,DEBIT,-575.64,24391.1,REF4552983,
MOCK_RAD_GROUP_DEMO_ONLY,2023-07-18,2023-07-18,RETURNED ITEM CHARGEBACK,DEBIT,-556.22,23834.88,REF5953656,
MOCK_RAD_GROUP_DEMO_ONLY,2023-07-20,2023-07-20,ACH CREDIT PAYER REMIT EFT-UHC-20230717,CREDIT,61.3,23896.18,REF9185323,EFT-UHC-20230717
MOCK_RAD_GROUP_DEMO_ONLY,2023-07-21,2023-07-21,ACH CREDIT PAYER REMIT EFT-SELFPAY-20230717,CREDIT,4.72,23900.9,REF6617581,EFT-SELFPAY-20230717
MOCK_RAD_GROUP_DEMO_ONLY,2023-07-24,2023-07-24,ACH CREDIT PAYER REMIT EFT-BCBSTN-20230724,CREDIT,220.66,24121.56,REF1071233,EFT-BCBSTN-20230724
MOCK_RAD_GROUP_DEMO_ONLY,2023-07-24,2023-07-24,ACH CREDIT PAYER REMIT EFT-MCARE-20230724,CREDIT,86.48,24208.04,REF1714630,EFT-MCARE-20230724
MOCK_RAD_GROUP_DEMO_ONLY,2023-07-25,2023-07-25,ACH CREDIT PAYER REMIT EFT-MCARE-20230724,CREDIT,114.72,24322.76,REF2297087,EFT-MCARE-20230724
MOCK_RAD_GROUP_DEMO_ONLY,2023-07-25,2023-07-25,ACH CREDIT PAYER REMIT EFT-UHC-20230724,CREDIT,86.35,24409.11,REF9054284,EFT-UHC-20230724
MOCK_RAD_GROUP_DEMO_ONLY,2023-07-30,2023-07-30,ACH CREDIT PAYER REMIT EFT-BCBSTN-20230724,CREDIT,186.54,24595.65,REF1237026,EFT-BCBSTN-20230724
MOCK_RAD_GROUP_DEMO_ONLY,2023-07-31,2023-07-31,ACH CREDIT PAYER REMIT EFT-MCARE-20230731,CREDIT,61.58,24657.23,REF7237604,EFT-MCARE-20230731
MOCK_RAD_GROUP_DEMO_ONLY,2023-08-01,2023-08-01,ACH CREDIT PAYER REMIT EFT-BCBSTN-20230731,CREDIT,60.68,24717.91,REF4256078,EFT-BCBSTN-20230731
MOCK_RAD_GROUP_DEMO_ONLY,2023-08-01,2023-08-01,ACH CREDIT PAYER REMIT EFT-CIGNA-20230731,CREDIT,115.44,24833.35,REF9908994,EFT-CIGNA-20230731
MOCK_RAD_GROUP_DEMO_ONLY,2023-08-01,2023-08-01,ACH CREDIT PAYER REMIT EFT-MCARE-20230731,CREDIT,49.2,24882.55,REF5212737,EFT-MCARE-20230731
MOCK_RAD_GROUP_DEMO_ONLY,2023-08-02,2023-08-02,ACH CREDIT PAYER REMIT EFT-BCBSTN-20230731,CREDIT,153.3,25035.85,REF4480096,EFT-BCBSTN-20230731
MOCK_RAD_GROUP_DEMO_ONLY,2023-08-02,2023-08-02,ACH CREDIT PAYER REMIT EFT-CIGNA-20230731,CREDIT,105.47,25141.32,REF6644317,EFT-CIGNA-20230731
MOCK_RAD_GROUP_DEMO_ONLY,2023-08-03,2023-08-03,ACH CREDIT PAYER REMIT EFT-TENNCARE-20230731,CREDIT,4.25,25145.57,REF1987843,EFT-TENNCARE-20230731
MOCK_RAD_GROUP_DEMO_ONLY,2023-08-04,2023-08-04,ACH CREDIT PAYER REMIT EFT-UHC-20230731,CREDIT,74.04,25219.61,REF5087952,EFT-UHC-20230731
MOCK_RAD_GROUP_DEMO_ONLY,2023-08-05,2023-08-05,ACH CREDIT PAYER REMIT EFT-TENNCARE-20230731,CREDIT,71.08,25290.69,REF2886572,EFT-TENNCARE-20230731
MOCK_RAD_GROUP_DEMO_ONLY,2023-08-06,2023-08-06,ACH CREDIT PAYER REMIT EFT-MCARE-20230731,CREDIT,66.25,25356.94,REF4515622,EFT-MCARE-20230731
MOCK_RAD_GROUP_DEMO_ONLY,2023-08-06,2023-08-06,ACH CREDIT PAYER REMIT EFT-UHC-20230731,CREDIT,230.2,25587.14,REF8649634,EFT-UHC-20230731
MOCK_RAD_GROUP_DEMO_ONLY,2023-08-07,2023-08-07,ACH CREDIT PAYER REMIT EFT-BCBSTN-20230807,CREDIT,346.37,25933.51,REF4753441,EFT-BCBSTN-20230807
MOCK_RAD_GROUP_DEMO_ONLY,2023-08-07,2023-08-07,ACH CREDIT PAYER REMIT EFT-CIGNA-20230807,CREDIT,117.94,26051.45,REF4463023,EFT-CIGNA-20230807
MOCK_RAD_GROUP_DEMO_ONLY,2023-08-07,2023-08-07,ACH CREDIT PAYER REMIT EFT-MCARE-20230807,CREDIT,5.68,26057.13,REF2625598,EFT-MCARE-20230807
MOCK_RAD_GROUP_DEMO_ONLY,2023-08-08,2023-08-08,ACH CREDIT PAYER REMIT EFT-MCARE-20230807,CREDIT,121.85,26178.98,REF7333144,EFT-MCARE-20230807
MOCK_RAD_GROUP_DEMO_ONLY,2023-08-08,2023-08-08,ACH CREDIT PAYER REMIT EFT-SELFPAY-20230807,CREDIT,11.5,26190.48,REF7747517,EFT-SELFPAY-20230807
MOCK_RAD_GROUP_DEMO_ONLY,2023-08-08,2023-08-08,ACH CREDIT PAYER REMIT EFT-UHC-20230807,CREDIT,139.61,26330.09,REF1080928,EFT-UHC-20230807
MOCK_RAD_GROUP_DEMO_ONLY,2023-08-09,2023-08-09,ACH CREDIT PAYER REMIT EFT-BCBSTN-20230807,CREDIT,226.76,26556.85,REF3371868,EFT-BCBSTN-20230807
MOCK_RAD_GROUP_DEMO_ONLY,2023-08-09,2023-08-09,ACH CREDIT PAYER REMIT EFT-SELFPAY-20230807,CREDIT,0.59,26557.44,REF8914357,EFT-SELFPAY-20230807
MOCK_RAD_GROUP_DEMO_ONLY,2023-08-10,2023-08-10,ACH CREDIT PAYER REMIT EFT-BCBSTN-20230807,CREDIT,62.29,26619.73,REF8093523,EFT-BCBSTN-20230807
MOCK_RAD_GROUP_DEMO_ONLY,2023-08-10,2023-08-10,ACH CREDIT PAYER REMIT EFT-MCARE-20230807,CREDIT,34.98,26654.71,REF9408929,EFT-MCARE-20230807
MOCK_RAD_GROUP_DEMO_ONLY,2023-08-11,2023-08-11,ACH CREDIT PAYER REMIT EFT-BCBSTN-20230807,CREDIT,131.63,26786.34,REF9799935,EFT-BCBSTN-20230807
MOCK_RAD_GROUP_DEMO_ONLY,2023-08-11,2023-08-11,ACH CREDIT PAYER REMIT EFT-CIGNA-20230807,CREDIT,49.19,26835.53,REF9967675,EFT-CIGNA-20230807
MOCK_RAD_GROUP_DEMO_ONLY,2023-08-11,2023-08-11,ACH CREDIT PAYER REMIT EFT-MCARE-20230807,CREDIT,114.37,26949.9,REF1370751,EFT-MCARE-20230807
MOCK_RAD_GROUP_DEMO_ONLY,2023-08-11,2023-08-11,ACH CREDIT PAYER REMIT EFT-UHC-20230807,CREDIT,22.81,26972.71,REF3259869,EFT-UHC-20230807
MOCK_RAD_GROUP_DEMO_ONLY,2023-08-12,2023-08-12,ACH CREDIT PAYER REMIT EFT-CIGNA-20230807,CREDIT,69.52,27042.23,REF8337146,EFT-CIGNA-20230807
MOCK_RAD_GROUP_DEMO_ONLY,2023-08-12,2023-08-12,ACH CREDIT PAYER REMIT EFT-TENNCARE-20230807,CREDIT,15.74,27057.97,REF9213590,EFT-TENNCARE-20230807
MOCK_RAD_GROUP_DEMO_ONLY,2023-08-13,2023-08-13,ACH CREDIT PAYER REMIT EFT-MCARE-20230807,CREDIT,65.24,27123.21,REF8765619,EFT-MCARE-20230807
MOCK_RAD_GROUP_DEMO_ONLY,2023-08-14,2023-08-14,ACH CREDIT PAYER REMIT EFT-BCBSTN-20230814,CREDIT,139.23,27262.44,REF6519526,EFT-BCBSTN-20230814
MOCK_RAD_GROUP_DEMO_ONLY,2023-08-14,2023-08-14,ACH CREDIT PAYER REMIT EFT-CIGNA-20230814,CREDIT,54.01,27316.45,REF8741603,EFT-CIGNA-20230814
MOCK_RAD_GROUP_DEMO_ONLY,2023-08-14,2023-08-14,ACH CREDIT PAYER REMIT EFT-MCARE-20230814,CREDIT,97.48,27413.93,REF8365145,EFT-MCARE-20230814
MOCK_RAD_GROUP_DEMO_ONLY,2023-08-14,2023-08-14,ACH CREDIT PAYER REMIT EFT-TENNCARE-20230814,CREDIT,17.92,27431.85,REF3691043,EFT-TENNCARE-20230814
MOCK_RAD_GROUP_DEMO_ONLY,2023-08-14,2023-08-14,ACH CREDIT PAYER REMIT EFT-UHC-20230814,CREDIT,284.39,27716.24,REF6165964,EFT-UHC-20230814
MOCK_RAD_GROUP_DEMO_ONLY,2023-08-15,2023-08-15,ACH CREDIT PAYER REMIT EFT-MCARE-20230814,CREDIT,90.76,27807.0,REF1604320,EFT-MCARE-20230814
MOCK_RAD_GROUP_DEMO_ONLY,2023-08-15,2023-08-15,ACH CREDIT PAYER REMIT EFT-TENNCARE-20230814,CREDIT,60.44,27867.44,REF8929116,EFT-TENNCARE-20230814
MOCK_RAD_GROUP_DEMO_ONLY,2023-08-16,2023-08-16,ACH CREDIT PAYER REMIT EFT-MCARE-20230814,CREDIT,41.7,27909.14,REF1429860,EFT-MCARE-20230814
MOCK_RAD_GROUP_DEMO_ONLY,2023-08-16,2023-08-16,ACH CREDIT PAYER REMIT EFT-UHC-20230814,CREDIT,140.79,28049.93,REF3566437,EFT-UHC-20230814
MOCK_RAD_GROUP_DEMO_ONLY,2023-08-17,2023-08-17,ACH CREDIT PAYER REMIT EFT-MCARE-20230814,CREDIT,134.24,28184.17,REF8874328,EFT-MCARE-20230814
MOCK_RAD_GROUP_DEMO_ONLY,2023-08-17,2023-08-17,ACH CREDIT PAYER REMIT EFT-TENNCARE-20230814,CREDIT,38.76,28222.93,REF7908266,EFT-TENNCARE-20230814
MOCK_RAD_GROUP_DEMO_ONLY,2023-08-17,2023-08-17,ACH CREDIT PAYER REMIT EFT-UHC-20230814,CREDIT,59.25,28282.18,REF6096103,EFT-UHC-20230814
MOCK_RAD_GROUP_DEMO_ONLY,2023-08-18,2023-08-18,ACH CREDIT PAYER REMIT EFT-CIGNA-20230814,CREDIT,112.69,28394.87,REF3625391,EFT-CIGNA-20230814
MOCK_RAD_GROUP_DEMO_ONLY,2023-08-18,2023-08-18,ACH CREDIT PAYER REMIT EFT-MCARE-20230814,CREDIT,39.37,28434.24,REF6437496,EFT-MCARE-20230814
MOCK_RAD_GROUP_DEMO_ONLY,2023-08-18,2023-08-18,ACCOUNT ANALYSIS FEE,DEBIT,-70.4,28363.84,REF6744830,
MOCK_RAD_GROUP_DEMO_ONLY,2023-08-18,2023-08-18,BOOK TRANSFER TO OPERATING 8841,DEBIT,-4278.99,24084.85,REF7453895,
MOCK_RAD_GROUP_DEMO_ONLY,2023-08-19,2023-08-19,ACH CREDIT PAYER REMIT EFT-MCARE-20230814,CREDIT,29.67,24114.52,REF9511035,EFT-MCARE-20230814
MOCK_RAD_GROUP_DEMO_ONLY,2023-08-20,2023-08-20,ACH CREDIT PAYER REMIT EFT-UHC-20230814,CREDIT,143.64,24258.16,REF4712658,EFT-UHC-20230814
MOCK_RAD_GROUP_DEMO_ONLY,2023-08-21,2023-08-21,ACH CREDIT PAYER REMIT EFT-CIGNA-20230821,CREDIT,63.49,24321.65,REF7732021,EFT-CIGNA-20230821
MOCK_RAD_GROUP_DEMO_ONLY,2023-08-21,2023-08-21,ACH CREDIT PAYER REMIT EFT-MCARE-20230821,CREDIT,43.51,24365.16,REF9318241,EFT-MCARE-20230821
MOCK_RAD_GROUP_DEMO_ONLY,2023-08-21,2023-08-21,ACH CREDIT PAYER REMIT EFT-TENNCARE-20230821,CREDIT,30.91,24396.07,REF3642685,EFT-TENNCARE-20230821
MOCK_RAD_GROUP_DEMO_ONLY,2023-08-22,2023-08-22,ACH CREDIT PAYER REMIT EFT-MCARE-20230821,CREDIT,69.92,24465.99,REF1696517,EFT-MCARE-20230821
MOCK_RAD_GROUP_DEMO_ONLY,2023-08-23,2023-08-23,ACH CREDIT PAYER REMIT EFT-BCBSTN-20230821,CREDIT,16.82,24482.81,REF6650672,EFT-BCBSTN-20230821
MOCK_RAD_GROUP_DEMO_ONLY,2023-08-23,2023-08-23,ACH CREDIT PAYER REMIT EFT-CIGNA-20230821,CREDIT,180.15,24662.96,REF8661634,EFT-CIGNA-20230821
MOCK_RAD_GROUP_DEMO_ONLY,2023-08-23,2023-08-23,ACH CREDIT PAYER REMIT EFT-MCARE-20230821,CREDIT,56.31,24719.27,REF1389077,EFT-MCARE-20230821
MOCK_RAD_GROUP_DEMO_ONLY,2023-08-23,2023-08-23,ACH CREDIT PAYER REMIT EFT-TENNCARE-20230821,CREDIT,11.42,24730.69,REF5268349,EFT-TENNCARE-20230821
MOCK_RAD_GROUP_DEMO_ONLY,2023-08-23,2023-08-23,ACH CREDIT PAYER REMIT EFT-UHC-20230821,CREDIT,44.85,24775.54,REF5079177,EFT-UHC-20230821
MOCK_RAD_GROUP_DEMO_ONLY,2023-08-24,2023-08-24,ACH CREDIT PAYER REMIT EFT-BCBSTN-20230821,CREDIT,160.5,24936.04,REF2452452,EFT-BCBSTN-20230821
MOCK_RAD_GROUP_DEMO_ONLY,2023-08-24,2023-08-24,ACH CREDIT PAYER REMIT EFT-CIGNA-20230821,CREDIT,122.89,25058.93,REF7118285,EFT-CIGNA-20230821
MOCK_RAD_GROUP_DEMO_ONLY,2023-08-24,2023-08-24,ACH CREDIT PAYER REMIT EFT-MCARE-20230821,CREDIT,7.67,25066.6,REF1376254,EFT-MCARE-20230821
MOCK_RAD_GROUP_DEMO_ONLY,2023-08-24,2023-08-24,INTEREST CREDIT,CREDIT,31.12,25097.72,REF1045013,
MOCK_RAD_GROUP_DEMO_ONLY,2023-08-26,2023-08-26,ACH CREDIT PAYER REMIT EFT-BCBSTN-20230821,CREDIT,133.98,25231.7,REF4952547,EFT-BCBSTN-20230821
MOCK_RAD_GROUP_DEMO_ONLY,2023-08-26,2023-08-26,ACH CREDIT PAYER REMIT EFT-CIGNA-20230821,CREDIT,69.19,25300.89,REF4708879,EFT-CIGNA-20230821
MOCK_RAD_GROUP_DEMO_ONLY,2023-08-26,2023-08-26,ACH CREDIT PAYER REMIT EFT-TENNCARE-20230821,CREDIT,43.38,25344.27,REF5564561,EFT-TENNCARE-20230821
MOCK_RAD_GROUP_DEMO_ONLY,2023-08-27,2023-08-27,ACH CREDIT PAYER REMIT EFT-MCARE-20230821,CREDIT,77.79,25422.06,REF5021458,EFT-MCARE-20230821
MOCK_RAD_GROUP_DEMO_ONLY,2023-08-28,2023-08-28,ACH CREDIT PAYER REMIT EFT-BCBSTN-20230828,CREDIT,189.78,25611.84,REF5321688,EFT-BCBSTN-20230828
MOCK_RAD_GROUP_DEMO_ONLY,2023-08-28,2023-08-28,ACH CREDIT PAYER REMIT EFT-MCARE-20230828,CREDIT,63.04,25674.88,REF4201115,EFT-MCARE-20230828
MOCK_RAD_GROUP_DEMO_ONLY,2023-08-29,2023-08-29,ACH CREDIT PAYER REMIT EFT-MCARE-20230828,CREDIT,36.18,25711.06,REF8131689,EFT-MCARE-20230828
MOCK_RAD_GROUP_DEMO_ONLY,2023-08-29,2023-08-29,ACH CREDIT PAYER REMIT EFT-TENNCARE-20230828,CREDIT,48.18,25759.24,REF6268838,EFT-TENNCARE-20230828
MOCK_RAD_GROUP_DEMO_ONLY,2023-08-30,2023-08-30,ACH CREDIT PAYER REMIT EFT-BCBSTN-20230828,CREDIT,228.22,25987.46,REF6796657,EFT-BCBSTN-20230828
MOCK_RAD_GROUP_DEMO_ONLY,2023-08-30,2023-08-30,ACH CREDIT PAYER REMIT EFT-CIGNA-20230828,CREDIT,140.02,26127.48,REF7160696,EFT-CIGNA-20230828
MOCK_RAD_GROUP_DEMO_ONLY,2023-08-30,2023-08-30,ACH CREDIT PAYER REMIT EFT-TENNCARE-20230828,CREDIT,39.74,26167.22,REF9608183,EFT-TENNCARE-20230828
MOCK_RAD_GROUP_DEMO_ONLY,2023-08-30,2023-08-30,ACH CREDIT PAYER REMIT EFT-UHC-20230828,CREDIT,65.7,26232.92,REF9296586,EFT-UHC-20230828
MOCK_RAD_GROUP_DEMO_ONLY,2023-08-31,2023-08-31,ACH CREDIT PAYER REMIT EFT-UHC-20230828,CREDIT,218.88,26451.8,REF1571725,EFT-UHC-20230828
MOCK_RAD_GROUP_DEMO_ONLY,2023-09-01,2023-09-01,ACH CREDIT PAYER REMIT EFT-SELFPAY-20230828,CREDIT,0.89,26452.69,REF5787271,EFT-SELFPAY-20230828
MOCK_RAD_GROUP_DEMO_ONLY,2023-09-01,2023-09-01,ACH CREDIT PAYER REMIT EFT-UHC-20230828,CREDIT,106.66,26559.35,REF2471028,EFT-UHC-20230828
MOCK_RAD_GROUP_DEMO_ONLY,2023-09-02,2023-09-02,ACH CREDIT PAYER REMIT EFT-CIGNA-20230828,CREDIT,14.24,26573.59,REF5729283,EFT-CIGNA-20230828
MOCK_RAD_GROUP_DEMO_ONLY,2023-09-02,2023-09-02,ACH CREDIT PAYER REMIT EFT-MCARE-20230828,CREDIT,48.58,26622.17,REF9948678,EFT-MCARE-20230828
MOCK_RAD_GROUP_DEMO_ONLY,2023-09-03,2023-09-03,ACH CREDIT PAYER REMIT EFT-CIGNA-20230828,CREDIT,133.64,26755.81,REF5115860,EFT-CIGNA-20230828
MOCK_RAD_GROUP_DEMO_ONLY,2023-09-03,2023-09-03,ACH CREDIT PAYER REMIT EFT-MCARE-20230828,CREDIT,102.42,26858.23,REF1207123,EFT-MCARE-20230828
MOCK_RAD_GROUP_DEMO_ONLY,2023-09-04,2023-09-04,ACH CREDIT PAYER REMIT EFT-BCBSTN-20230904,CREDIT,204.5,27062.73,REF3099281,EFT-BCBSTN-20230904
MOCK_RAD_GROUP_DEMO_ONLY,2023-09-04,2023-09-04,ACH CREDIT PAYER REMIT EFT-CIGNA-20230904,CREDIT,61.99,27124.72,REF6281883,EFT-CIGNA-20230904
MOCK_RAD_GROUP_DEMO_ONLY,2023-09-04,2023-09-04,ACH CREDIT PAYER REMIT EFT-MCARE-20230904,CREDIT,92.31,27217.03,REF5507163,EFT-MCARE-20230904
MOCK_RAD_GROUP_DEMO_ONLY,2023-09-04,2023-09-04,ACH CREDIT PAYER REMIT EFT-UHC-20230904,CREDIT,65.02,27282.05,REF7526750,EFT-UHC-20230904
MOCK_RAD_GROUP_DEMO_ONLY,2023-09-05,2023-09-05,ACH CREDIT PAYER REMIT EFT-MCARE-20230904,CREDIT,80.02,27362.07,REF2798843,EFT-MCARE-20230904
MOCK_RAD_GROUP_DEMO_ONLY,2023-09-05,2023-09-05,ACH CREDIT PAYER REMIT EFT-UHC-20230904,CREDIT,181.81,27543.88,REF8908474,EFT-UHC-20230904
MOCK_RAD_GROUP_DEMO_ONLY,2023-09-06,2023-09-06,ACH CREDIT PAYER REMIT EFT-CIGNA-20230904,CREDIT,95.38,27639.26,REF2675948,EFT-CIGNA-20230904
MOCK_RAD_GROUP_DEMO_ONLY,2023-09-06,2023-09-06,ACH CREDIT PAYER REMIT EFT-TENNCARE-20230904,CREDIT,32.63,27671.89,REF4795837,EFT-TENNCARE-20230904
MOCK_RAD_GROUP_DEMO_ONLY,2023-09-07,2023-09-07,ACH CREDIT PAYER REMIT EFT-CIGNA-20230904,CREDIT,106.2,27778.09,REF2047231,EFT-CIGNA-20230904
MOCK_RAD_GROUP_DEMO_ONLY,2023-09-07,2023-09-07,ACH CREDIT PAYER REMIT EFT-MCARE-20230904,CREDIT,65.56,27843.65,REF7372238,EFT-MCARE-20230904
MOCK_RAD_GROUP_DEMO_ONLY,2023-09-07,2023-09-07,ACH CREDIT PAYER REMIT EFT-UHC-20230904,CREDIT,71.42,27915.07,REF4654905,EFT-UHC-20230904
MOCK_RAD_GROUP_DEMO_ONLY,2023-09-08,2023-09-08,ACH CREDIT PAYER REMIT EFT-CIGNA-20230904,CREDIT,142.4,28057.47,REF2430548,EFT-CIGNA-20230904
MOCK_RAD_GROUP_DEMO_ONLY,2023-09-08,2023-09-08,ACH CREDIT PAYER REMIT EFT-MCARE-20230904,CREDIT,97.45,28154.92,REF3965277,EFT-MCARE-20230904
MOCK_RAD_GROUP_DEMO_ONLY,2023-09-08,2023-09-08,ACH CREDIT PAYER REMIT EFT-TENNCARE-20230904,CREDIT,13.14,28168.06,REF4998083,EFT-TENNCARE-20230904
MOCK_RAD_GROUP_DEMO_ONLY,2023-09-08,2023-09-08,ACH CREDIT PAYER REMIT EFT-UHC-20230904,CREDIT,231.65,28399.71,REF5886592,EFT-UHC-20230904
MOCK_RAD_GROUP_DEMO_ONLY,2023-09-09,2023-09-09,ACH CREDIT PAYER REMIT EFT-BCBSTN-20230904,CREDIT,63.17,28462.88,REF9362594,EFT-BCBSTN-20230904
MOCK_RAD_GROUP_DEMO_ONLY,2023-09-09,2023-09-09,ACH CREDIT PAYER REMIT EFT-MCARE-20230904,CREDIT,59.89,28522.77,REF8416204,EFT-MCARE-20230904
MOCK_RAD_GROUP_DEMO_ONLY,2023-09-09,2023-09-09,ACH CREDIT PAYER REMIT EFT-SELFPAY-20230904,CREDIT,14.05,28536.82,REF3650804,EFT-SELFPAY-20230904
MOCK_RAD_GROUP_DEMO_ONLY,2023-09-09,2023-09-09,ACH CREDIT PAYER REMIT EFT-TENNCARE-20230904,CREDIT,11.34,28548.16,REF1537529,EFT-TENNCARE-20230904
MOCK_RAD_GROUP_DEMO_ONLY,2023-09-09,2023-09-09,ACH CREDIT PAYER REMIT EFT-UHC-20230904,CREDIT,63.64,28611.8,REF7406929,EFT-UHC-20230904
MOCK_RAD_GROUP_DEMO_ONLY,2023-09-10,2023-09-10,ACH CREDIT PAYER REMIT EFT-TENNCARE-20230904,CREDIT,16.64,28628.44,REF8361191,EFT-TENNCARE-20230904
MOCK_RAD_GROUP_DEMO_ONLY,2023-09-11,2023-09-11,ACH CREDIT PAYER REMIT EFT-CIGNA-20230911,CREDIT,172.13,28800.57,REF9299794,EFT-CIGNA-20230911
MOCK_RAD_GROUP_DEMO_ONLY,2023-09-11,2023-09-11,ACH CREDIT PAYER REMIT EFT-TENNCARE-20230911,CREDIT,19.29,28819.86,REF3014012,EFT-TENNCARE-20230911
MOCK_RAD_GROUP_DEMO_ONLY,2023-09-12,2023-09-12,ACH CREDIT PAYER REMIT EFT-TENNCARE-20230911,CREDIT,13.18,28833.04,REF3968263,EFT-TENNCARE-20230911
MOCK_RAD_GROUP_DEMO_ONLY,2023-09-13,2023-09-13,ACH CREDIT PAYER REMIT EFT-MCARE-20230911,CREDIT,163.95,28996.99,REF2863492,EFT-MCARE-20230911
MOCK_RAD_GROUP_DEMO_ONLY,2023-09-14,2023-09-14,ACH CREDIT PAYER REMIT EFT-BCBSTN-20230911,CREDIT,149.09,29146.08,REF2041067,EFT-BCBSTN-20230911
MOCK_RAD_GROUP_DEMO_ONLY,2023-09-14,2023-09-14,ACH CREDIT PAYER REMIT EFT-CIGNA-20230911,CREDIT,150.56,29296.64,REF8625525,EFT-CIGNA-20230911
MOCK_RAD_GROUP_DEMO_ONLY,2023-09-14,2023-09-14,ACH CREDIT PAYER REMIT EFT-UHC-20230911,CREDIT,181.16,29477.8,REF7098306,EFT-UHC-20230911
MOCK_RAD_GROUP_DEMO_ONLY,2023-09-15,2023-09-15,ACH CREDIT PAYER REMIT EFT-CIGNA-20230911,CREDIT,69.32,29547.12,REF7039960,EFT-CIGNA-20230911
MOCK_RAD_GROUP_DEMO_ONLY,2023-09-15,2023-09-15,ACH CREDIT PAYER REMIT EFT-MCARE-20230911,CREDIT,67.82,29614.94,REF6487516,EFT-MCARE-20230911
MOCK_RAD_GROUP_DEMO_ONLY,2023-09-15,2023-09-15,ACH CREDIT PAYER REMIT EFT-SELFPAY-20230911,CREDIT,1.77,29616.71,REF9354678,EFT-SELFPAY-20230911
MOCK_RAD_GROUP_DEMO_ONLY,2023-09-15,2023-09-15,ACH CREDIT PAYER REMIT EFT-TENNCARE-20230911,CREDIT,28.09,29644.8,REF2415672,EFT-TENNCARE-20230911
MOCK_RAD_GROUP_DEMO_ONLY,2023-09-16,2023-09-16,ACH CREDIT PAYER REMIT EFT-BCBSTN-20230911,CREDIT,16.15,29660.95,REF9521124,EFT-BCBSTN-20230911
MOCK_RAD_GROUP_DEMO_ONLY,2023-09-16,2023-09-16,ACH CREDIT PAYER REMIT EFT-UHC-20230911,CREDIT,116.29,29777.24,REF6775866,EFT-UHC-20230911
MOCK_RAD_GROUP_DEMO_ONLY,2023-09-17,2023-09-17,ACH CREDIT PAYER REMIT EFT-MCARE-20230911,CREDIT,49.67,29826.91,REF2831457,EFT-MCARE-20230911
MOCK_RAD_GROUP_DEMO_ONLY,2023-09-17,2023-09-17,ACH CREDIT PAYER REMIT EFT-TENNCARE-20230911,CREDIT,28.26,29855.17,REF9371490,EFT-TENNCARE-20230911
MOCK_RAD_GROUP_DEMO_ONLY,2023-09-17,2023-09-17,INTEREST CREDIT,CREDIT,37.59,29892.76,REF2085885,
MOCK_RAD_GROUP_DEMO_ONLY,2023-09-18,2023-09-18,ACH CREDIT PAYER REMIT EFT-UHC-20230918,CREDIT,121.62,30014.38,REF7556203,EFT-UHC-20230918
MOCK_RAD_GROUP_DEMO_ONLY,2023-09-18,2023-09-18,ACCOUNT ANALYSIS FEE,DEBIT,-142.21,29872.17,REF2140180,
MOCK_RAD_GROUP_DEMO_ONLY,2023-09-18,2023-09-18,BOOK TRANSFER TO OPERATING 8841,DEBIT,-4146.68,25725.49,REF5092875,
MOCK_RAD_GROUP_DEMO_ONLY,2023-09-19,2023-09-19,ACH CREDIT PAYER REMIT EFT-MCARE-20230918,CREDIT,19.14,25744.63,REF2228809,EFT-MCARE-20230918
MOCK_RAD_GROUP_DEMO_ONLY,2023-09-20,2023-09-20,ACH CREDIT PAYER REMIT EFT-CIGNA-20230918,CREDIT,161.02,25905.65,REF9126955,EFT-CIGNA-20230918
MOCK_RAD_GROUP_DEMO_ONLY,2023-09-20,2023-09-20,ACH CREDIT PAYER REMIT EFT-MCARE-20230918,CREDIT,127.33,26032.98,REF9169708,EFT-MCARE-20230918
MOCK_RAD_GROUP_DEMO_ONLY,2023-09-21,2023-09-21,ACH CREDIT PAYER REMIT EFT-MCARE-20230918,CREDIT,50.7,26083.68,REF2998060,EFT-MCARE-20230918
MOCK_RAD_GROUP_DEMO_ONLY,2023-09-21,2023-09-21,ACH CREDIT PAYER REMIT EFT-TENNCARE-20230918,CREDIT,22.66,26106.34,REF1923509,EFT-TENNCARE-20230918
MOCK_RAD_GROUP_DEMO_ONLY,2023-09-21,2023-09-21,ACH CREDIT PAYER REMIT EFT-UHC-20230918,CREDIT,110.57,26216.91,REF4401848,EFT-UHC-20230918
MOCK_RAD_GROUP_DEMO_ONLY,2023-09-23,2023-09-23,ACH CREDIT PAYER REMIT EFT-TENNCARE-20230918,CREDIT,77.83,26294.74,REF1262667,EFT-TENNCARE-20230918
MOCK_RAD_GROUP_DEMO_ONLY,2023-09-24,2023-09-24,ACH CREDIT PAYER REMIT EFT-CIGNA-20230918,CREDIT,108.53,26403.27,REF8968041,EFT-CIGNA-20230918
MOCK_RAD_GROUP_DEMO_ONLY,2023-09-24,2023-09-24,ACH CREDIT PAYER REMIT EFT-MCARE-20230918,CREDIT,20.86,26424.13,REF7132564,EFT-MCARE-20230918
MOCK_RAD_GROUP_DEMO_ONLY,2023-09-24,2023-09-24,ACH CREDIT PAYER REMIT EFT-TENNCARE-20230918,CREDIT,39.79,26463.92,REF7486743,EFT-TENNCARE-20230918
MOCK_RAD_GROUP_DEMO_ONLY,2023-09-25,2023-09-25,ACH CREDIT PAYER REMIT EFT-BCBSTN-20230925,CREDIT,89.3,26553.22,REF5188735,EFT-BCBSTN-20230925
MOCK_RAD_GROUP_DEMO_ONLY,2023-09-25,2023-09-25,ACH CREDIT PAYER REMIT EFT-MCARE-20230925,CREDIT,132.71,26685.93,REF3858539,EFT-MCARE-20230925
MOCK_RAD_GROUP_DEMO_ONLY,2023-09-26,2023-09-26,ACH CREDIT PAYER REMIT EFT-BCBSTN-20230925,CREDIT,126.26,26812.19,REF6554298,EFT-BCBSTN-20230925
MOCK_RAD_GROUP_DEMO_ONLY,2023-09-26,2023-09-26,ACH CREDIT PAYER REMIT EFT-CIGNA-20230925,CREDIT,242.44,27054.63,REF5883475,EFT-CIGNA-20230925
MOCK_RAD_GROUP_DEMO_ONLY,2023-09-27,2023-09-27,ACH CREDIT PAYER REMIT EFT-BCBSTN-20230925,CREDIT,115.52,27170.15,REF6379692,EFT-BCBSTN-20230925
MOCK_RAD_GROUP_DEMO_ONLY,2023-09-27,2023-09-27,ACH CREDIT PAYER REMIT EFT-MCARE-20230925,CREDIT,32.19,27202.34,REF1178115,EFT-MCARE-20230925
MOCK_RAD_GROUP_DEMO_ONLY,2023-09-27,2023-09-27,ACH CREDIT PAYER REMIT EFT-TENNCARE-20230925,CREDIT,34.71,27237.05,REF1564147,EFT-TENNCARE-20230925
MOCK_RAD_GROUP_DEMO_ONLY,2023-09-27,2023-09-27,ACH CREDIT PAYER REMIT EFT-UHC-20230925,CREDIT,170.1,27407.15,REF6272846,EFT-UHC-20230925
MOCK_RAD_GROUP_DEMO_ONLY,2023-09-28,2023-09-28,ACH CREDIT PAYER REMIT EFT-UHC-20230925,CREDIT,56.23,27463.38,REF7106050,EFT-UHC-20230925
MOCK_RAD_GROUP_DEMO_ONLY,2023-09-29,2023-09-29,ACH CREDIT PAYER REMIT EFT-BCBSTN-20230925,CREDIT,371.75,27835.13,REF9441001,EFT-BCBSTN-20230925
MOCK_RAD_GROUP_DEMO_ONLY,2023-09-29,2023-09-29,ACH CREDIT PAYER REMIT EFT-MCARE-20230925,CREDIT,58.18,27893.31,REF5823356,EFT-MCARE-20230925
MOCK_RAD_GROUP_DEMO_ONLY,2023-09-29,2023-09-29,ACH CREDIT PAYER REMIT EFT-UHC-20230925,CREDIT,108.22,28001.53,REF2565306,EFT-UHC-20230925
MOCK_RAD_GROUP_DEMO_ONLY,2023-09-30,2023-09-30,ACH CREDIT PAYER REMIT EFT-SELFPAY-20230925,CREDIT,5.42,28006.95,REF3359197,EFT-SELFPAY-20230925
MOCK_RAD_GROUP_DEMO_ONLY,2023-09-30,2023-09-30,ACH CREDIT PAYER REMIT EFT-UHC-20230925,CREDIT,117.38,28124.33,REF2270921,EFT-UHC-20230925
MOCK_RAD_GROUP_DEMO_ONLY,2023-10-01,2023-10-01,ACH CREDIT PAYER REMIT EFT-BCBSTN-20230925,CREDIT,145.24,28269.57,REF3148355,EFT-BCBSTN-20230925
MOCK_RAD_GROUP_DEMO_ONLY,2023-10-01,2023-10-01,ACH CREDIT PAYER REMIT EFT-MCARE-20230925,CREDIT,56.99,28326.56,REF1450322,EFT-MCARE-20230925
MOCK_RAD_GROUP_DEMO_ONLY,2023-10-01,2023-10-01,INTEREST CREDIT,CREDIT,13.67,28340.23,REF7989598,
MOCK_RAD_GROUP_DEMO_ONLY,2023-10-02,2023-10-02,ACH CREDIT PAYER REMIT EFT-MCARE-20231002,CREDIT,75.29,28415.52,REF4743980,EFT-MCARE-20231002
MOCK_RAD_GROUP_DEMO_ONLY,2023-10-02,2023-10-02,ACH CREDIT PAYER REMIT EFT-UHC-20231002,CREDIT,68.98,28484.5,REF3729756,EFT-UHC-20231002
MOCK_RAD_GROUP_DEMO_ONLY,2023-10-03,2023-10-03,ACH CREDIT PAYER REMIT EFT-BCBSTN-20231002,CREDIT,119.4,28603.9,REF5920293,EFT-BCBSTN-20231002
MOCK_RAD_GROUP_DEMO_ONLY,2023-10-03,2023-10-03,ACH CREDIT PAYER REMIT EFT-MCARE-20231002,CREDIT,76.6,28680.5,REF4504105,EFT-MCARE-20231002
MOCK_RAD_GROUP_DEMO_ONLY,2023-10-03,2023-10-03,ACH CREDIT PAYER REMIT EFT-UHC-20231002,CREDIT,187.18,28867.68,REF7793695,EFT-UHC-20231002
MOCK_RAD_GROUP_DEMO_ONLY,2023-10-04,2023-10-04,ACH CREDIT PAYER REMIT EFT-BCBSTN-20231002,CREDIT,75.45,28943.13,REF4904056,EFT-BCBSTN-20231002
MOCK_RAD_GROUP_DEMO_ONLY,2023-10-04,2023-10-04,ACH CREDIT PAYER REMIT EFT-MCARE-20231002,CREDIT,66.23,29009.36,REF8400053,EFT-MCARE-20231002
MOCK_RAD_GROUP_DEMO_ONLY,2023-10-04,2023-10-04,ACH CREDIT PAYER REMIT EFT-TENNCARE-20231002,CREDIT,4.21,29013.57,REF3052481,EFT-TENNCARE-20231002
MOCK_RAD_GROUP_DEMO_ONLY,2023-10-04,2023-10-04,ACH CREDIT PAYER REMIT EFT-UHC-20231002,CREDIT,206.69,29220.26,REF4877536,EFT-UHC-20231002
MOCK_RAD_GROUP_DEMO_ONLY,2023-10-05,2023-10-05,ACH CREDIT PAYER REMIT EFT-CIGNA-20231002,CREDIT,131.56,29351.82,REF1846125,EFT-CIGNA-20231002
MOCK_RAD_GROUP_DEMO_ONLY,2023-10-06,2023-10-06,ACH CREDIT PAYER REMIT EFT-BCBSTN-20231002,CREDIT,202.87,29554.69,REF3872749,EFT-BCBSTN-20231002
MOCK_RAD_GROUP_DEMO_ONLY,2023-10-06,2023-10-06,ACH CREDIT PAYER REMIT EFT-MCARE-20231002,CREDIT,92.67,29647.36,REF8185859,EFT-MCARE-20231002
MOCK_RAD_GROUP_DEMO_ONLY,2023-10-06,2023-10-06,ACH CREDIT PAYER REMIT EFT-TENNCARE-20231002,CREDIT,38.71,29686.07,REF2764228,EFT-TENNCARE-20231002
MOCK_RAD_GROUP_DEMO_ONLY,2023-10-06,2023-10-06,ACH CREDIT PAYER REMIT EFT-UHC-20231002,CREDIT,87.86,29773.93,REF8060042,EFT-UHC-20231002
MOCK_RAD_GROUP_DEMO_ONLY,2023-10-07,2023-10-07,ACH CREDIT PAYER REMIT EFT-MCARE-20231002,CREDIT,88.26,29862.19,REF1970354,EFT-MCARE-20231002
MOCK_RAD_GROUP_DEMO_ONLY,2023-10-07,2023-10-07,ACH CREDIT PAYER REMIT EFT-UHC-20231002,CREDIT,111.23,29973.42,REF2902751,EFT-UHC-20231002
MOCK_RAD_GROUP_DEMO_ONLY,2023-10-08,2023-10-08,ACH CREDIT PAYER REMIT EFT-TENNCARE-20231002,CREDIT,60.05,30033.47,REF3644526,EFT-TENNCARE-20231002
MOCK_RAD_GROUP_DEMO_ONLY,2023-10-09,2023-10-09,ACH CREDIT PAYER REMIT EFT-BCBSTN-20231009,CREDIT,18.52,30051.99,REF5313768,EFT-BCBSTN-20231009
MOCK_RAD_GROUP_DEMO_ONLY,2023-10-10,2023-10-10,ACH CREDIT PAYER REMIT EFT-BCBSTN-20231009,CREDIT,121.58,30173.57,REF1728419,EFT-BCBSTN-20231009
MOCK_RAD_GROUP_DEMO_ONLY,2023-10-10,2023-10-10,ACH CREDIT PAYER REMIT EFT-TENNCARE-20231009,CREDIT,34.81,30208.38,REF8631611,EFT-TENNCARE-20231009
MOCK_RAD_GROUP_DEMO_ONLY,2023-10-11,2023-10-11,ACH CREDIT PAYER REMIT EFT-BCBSTN-20231009,CREDIT,69.4,30277.78,REF2470283,EFT-BCBSTN-20231009
MOCK_RAD_GROUP_DEMO_ONLY,2023-10-11,2023-10-11,ACH CREDIT PAYER REMIT EFT-MCARE-20231009,CREDIT,35.6,30313.38,REF9570775,EFT-MCARE-20231009
MOCK_RAD_GROUP_DEMO_ONLY,2023-10-11,2023-10-11,ACH CREDIT PAYER REMIT EFT-TENNCARE-20231009,CREDIT,58.87,30372.25,REF4911009,EFT-TENNCARE-20231009
MOCK_RAD_GROUP_DEMO_ONLY,2023-10-12,2023-10-12,ACH CREDIT PAYER REMIT EFT-SELFPAY-20231009,CREDIT,6.6,30378.85,REF1626523,EFT-SELFPAY-20231009
MOCK_RAD_GROUP_DEMO_ONLY,2023-10-13,2023-10-13,ACH CREDIT PAYER REMIT EFT-MCARE-20231009,CREDIT,40.55,30419.4,REF5740371,EFT-MCARE-20231009
MOCK_RAD_GROUP_DEMO_ONLY,2023-10-13,2023-10-13,ACH CREDIT PAYER REMIT EFT-TENNCARE-20231009,CREDIT,27.31,30446.71,REF4915563,EFT-TENNCARE-20231009
MOCK_RAD_GROUP_DEMO_ONLY,2023-10-13,2023-10-13,ACH CREDIT PAYER REMIT EFT-UHC-20231009,CREDIT,190.4,30637.11,REF8087754,EFT-UHC-20231009
MOCK_RAD_GROUP_DEMO_ONLY,2023-10-14,2023-10-14,ACH CREDIT PAYER REMIT EFT-BCBSTN-20231009,CREDIT,161.93,30799.04,REF6299900,EFT-BCBSTN-20231009
MOCK_RAD_GROUP_DEMO_ONLY,2023-10-14,2023-10-14,ACH CREDIT PAYER REMIT EFT-MCARE-20231009,CREDIT,115.46,30914.5,REF5977958,EFT-MCARE-20231009
MOCK_RAD_GROUP_DEMO_ONLY,2023-10-15,2023-10-15,ACH CREDIT PAYER REMIT EFT-MCARE-20231009,CREDIT,41.21,30955.71,REF7536737,EFT-MCARE-20231009
MOCK_RAD_GROUP_DEMO_ONLY,2023-10-15,2023-10-15,ACH CREDIT PAYER REMIT EFT-SELFPAY-20231009,CREDIT,1.49,30957.2,REF8638073,EFT-SELFPAY-20231009
MOCK_RAD_GROUP_DEMO_ONLY,2023-10-15,2023-10-15,ACH CREDIT PAYER REMIT EFT-TENNCARE-20231009,CREDIT,29.91,30987.11,REF3455535,EFT-TENNCARE-20231009
MOCK_RAD_GROUP_DEMO_ONLY,2023-10-15,2023-10-15,ACH CREDIT PAYER REMIT EFT-UHC-20231009,CREDIT,252.58,31239.69,REF7368855,EFT-UHC-20231009
MOCK_RAD_GROUP_DEMO_ONLY,2023-10-16,2023-10-16,ACH CREDIT PAYER REMIT EFT-BCBSTN-20231016,CREDIT,19.26,31258.95,REF2249125,EFT-BCBSTN-20231016
MOCK_RAD_GROUP_DEMO_ONLY,2023-10-16,2023-10-16,ACH CREDIT PAYER REMIT EFT-CIGNA-20231016,CREDIT,120.89,31379.84,REF5165417,EFT-CIGNA-20231016
MOCK_RAD_GROUP_DEMO_ONLY,2023-10-16,2023-10-16,ACH CREDIT PAYER REMIT EFT-MCARE-20231016,CREDIT,205.89,31585.73,REF8528403,EFT-MCARE-20231016
MOCK_RAD_GROUP_DEMO_ONLY,2023-10-16,2023-10-16,ACH CREDIT PAYER REMIT EFT-TENNCARE-20231016,CREDIT,23.23,31608.96,REF8576079,EFT-TENNCARE-20231016
MOCK_RAD_GROUP_DEMO_ONLY,2023-10-17,2023-10-17,ACH CREDIT PAYER REMIT EFT-BCBSTN-20231016,CREDIT,115.81,31724.77,REF1199300,EFT-BCBSTN-20231016
MOCK_RAD_GROUP_DEMO_ONLY,2023-10-18,2023-10-18,ACH CREDIT PAYER REMIT EFT-BCBSTN-20231016,CREDIT,304.11,32028.88,REF9367233,EFT-BCBSTN-20231016
MOCK_RAD_GROUP_DEMO_ONLY,2023-10-18,2023-10-18,ACH CREDIT PAYER REMIT EFT-CIGNA-20231016,CREDIT,56.67,32085.55,REF4289708,EFT-CIGNA-20231016
MOCK_RAD_GROUP_DEMO_ONLY,2023-10-18,2023-10-18,ACH CREDIT PAYER REMIT EFT-MCARE-20231016,CREDIT,39.82,32125.37,REF2432370,EFT-MCARE-20231016
MOCK_RAD_GROUP_DEMO_ONLY,2023-10-18,2023-10-18,ACH CREDIT PAYER REMIT EFT-TENNCARE-20231016,CREDIT,41.99,32167.36,REF9637392,EFT-TENNCARE-20231016
MOCK_RAD_GROUP_DEMO_ONLY,2023-10-18,2023-10-18,ACCOUNT ANALYSIS FEE,DEBIT,-77.47,32089.89,REF7413126,
MOCK_RAD_GROUP_DEMO_ONLY,2023-10-18,2023-10-18,BOOK TRANSFER TO OPERATING 8841,DEBIT,-4633.12,27456.77,REF9032542,
MOCK_RAD_GROUP_DEMO_ONLY,2023-10-19,2023-10-19,ACH CREDIT PAYER REMIT EFT-MCARE-20231016,CREDIT,51.93,27508.7,REF4047521,EFT-MCARE-20231016
MOCK_RAD_GROUP_DEMO_ONLY,2023-10-19,2023-10-19,ACH CREDIT PAYER REMIT EFT-UHC-20231016,CREDIT,182.73,27691.43,REF7930496,EFT-UHC-20231016
MOCK_RAD_GROUP_DEMO_ONLY,2023-10-20,2023-10-20,ACH CREDIT PAYER REMIT EFT-CIGNA-20231016,CREDIT,123.29,27814.72,REF4041590,EFT-CIGNA-20231016
MOCK_RAD_GROUP_DEMO_ONLY,2023-10-20,2023-10-20,ACH CREDIT PAYER REMIT EFT-MCARE-20231016,CREDIT,155.11,27969.83,REF1668610,EFT-MCARE-20231016
MOCK_RAD_GROUP_DEMO_ONLY,2023-10-20,2023-10-20,ACH CREDIT PAYER REMIT EFT-UHC-20231016,CREDIT,267.46,28237.29,REF8156674,EFT-UHC-20231016
MOCK_RAD_GROUP_DEMO_ONLY,2023-10-21,2023-10-21,ACH CREDIT PAYER REMIT EFT-MCARE-20231016,CREDIT,48.73,28286.02,REF7483829,EFT-MCARE-20231016
MOCK_RAD_GROUP_DEMO_ONLY,2023-10-22,2023-10-22,ACH CREDIT PAYER REMIT EFT-CIGNA-20231016,CREDIT,14.99,28301.01,REF8489902,EFT-CIGNA-20231016
MOCK_RAD_GROUP_DEMO_ONLY,2023-10-22,2023-10-22,ACH CREDIT PAYER REMIT EFT-MCARE-20231016,CREDIT,43.43,28344.44,REF5988404,EFT-MCARE-20231016
MOCK_RAD_GROUP_DEMO_ONLY,2023-10-22,2023-10-22,ACH CREDIT PAYER REMIT EFT-SELFPAY-20231016,CREDIT,2.36,28346.8,REF7433038,EFT-SELFPAY-20231016
MOCK_RAD_GROUP_DEMO_ONLY,2023-10-22,2023-10-22,ACH CREDIT PAYER REMIT EFT-TENNCARE-20231016,CREDIT,30.82,28377.62,REF8075080,EFT-TENNCARE-20231016
MOCK_RAD_GROUP_DEMO_ONLY,2023-10-23,2023-10-23,ACH CREDIT PAYER REMIT EFT-BCBSTN-20231023,CREDIT,98.77,28476.39,REF1021654,EFT-BCBSTN-20231023
MOCK_RAD_GROUP_DEMO_ONLY,2023-10-23,2023-10-23,ACH CREDIT PAYER REMIT EFT-TENNCARE-20231023,CREDIT,35.58,28511.97,REF3240091,EFT-TENNCARE-20231023
MOCK_RAD_GROUP_DEMO_ONLY,2023-10-24,2023-10-24,ACH CREDIT PAYER REMIT EFT-TENNCARE-20231023,CREDIT,58.25,28570.22,REF7464371,EFT-TENNCARE-20231023
MOCK_RAD_GROUP_DEMO_ONLY,2023-10-25,2023-10-25,ACH CREDIT PAYER REMIT EFT-TENNCARE-20231023,CREDIT,18.04,28588.26,REF7233713,EFT-TENNCARE-20231023
MOCK_RAD_GROUP_DEMO_ONLY,2023-10-25,2023-10-25,ACH CREDIT PAYER REMIT EFT-UHC-20231023,CREDIT,70.48,28658.74,REF7054842,EFT-UHC-20231023
MOCK_RAD_GROUP_DEMO_ONLY,2023-10-26,2023-10-26,ACH CREDIT PAYER REMIT EFT-MCARE-20231023,CREDIT,52.14,28710.88,REF8169965,EFT-MCARE-20231023
MOCK_RAD_GROUP_DEMO_ONLY,2023-10-26,2023-10-26,ACH CREDIT PAYER REMIT EFT-UHC-20231023,CREDIT,46.77,28757.65,REF1322505,EFT-UHC-20231023
MOCK_RAD_GROUP_DEMO_ONLY,2023-10-27,2023-10-27,ACH CREDIT PAYER REMIT EFT-MCARE-20231023,CREDIT,56.61,28814.26,REF5620923,EFT-MCARE-20231023
MOCK_RAD_GROUP_DEMO_ONLY,2023-10-28,2023-10-28,ACH CREDIT PAYER REMIT EFT-BCBSTN-20231023,CREDIT,216.42,29030.68,REF3207479,EFT-BCBSTN-20231023
MOCK_RAD_GROUP_DEMO_ONLY,2023-10-28,2023-10-28,ACH CREDIT PAYER REMIT EFT-CIGNA-20231023,CREDIT,71.47,29102.15,REF8288487,EFT-CIGNA-20231023
MOCK_RAD_GROUP_DEMO_ONLY,2023-10-28,2023-10-28,ACH CREDIT PAYER REMIT EFT-MCARE-20231023,CREDIT,74.81,29176.96,REF6219082,EFT-MCARE-20231023
MOCK_RAD_GROUP_DEMO_ONLY,2023-10-28,2023-10-28,ACH CREDIT PAYER REMIT EFT-UHC-20231023,CREDIT,109.19,29286.15,REF9921301,EFT-UHC-20231023
MOCK_RAD_GROUP_DEMO_ONLY,2023-10-29,2023-10-29,ACH CREDIT PAYER REMIT EFT-CIGNA-20231023,CREDIT,129.49,29415.64,REF7908230,EFT-CIGNA-20231023
MOCK_RAD_GROUP_DEMO_ONLY,2023-10-29,2023-10-29,ACH CREDIT PAYER REMIT EFT-MCARE-20231023,CREDIT,34.02,29449.66,REF9214966,EFT-MCARE-20231023
MOCK_RAD_GROUP_DEMO_ONLY,2023-10-29,2023-10-29,ACH CREDIT PAYER REMIT EFT-UHC-20231023,CREDIT,69.06,29518.72,REF1535862,EFT-UHC-20231023
MOCK_RAD_GROUP_DEMO_ONLY,2023-10-30,2023-10-30,ACH CREDIT PAYER REMIT EFT-BCBSTN-20231030,CREDIT,112.42,29631.14,REF8309575,EFT-BCBSTN-20231030
MOCK_RAD_GROUP_DEMO_ONLY,2023-10-31,2023-10-31,ACH CREDIT PAYER REMIT EFT-BCBSTN-20231030,CREDIT,146.1,29777.24,REF7373165,EFT-BCBSTN-20231030
MOCK_RAD_GROUP_DEMO_ONLY,2023-10-31,2023-10-31,ACH CREDIT PAYER REMIT EFT-UHC-20231030,CREDIT,268.91,30046.15,REF8996191,EFT-UHC-20231030
MOCK_RAD_GROUP_DEMO_ONLY,2023-11-01,2023-11-01,ACH CREDIT PAYER REMIT EFT-CIGNA-20231030,CREDIT,172.17,30218.32,REF7910479,EFT-CIGNA-20231030
MOCK_RAD_GROUP_DEMO_ONLY,2023-11-01,2023-11-01,ACH CREDIT PAYER REMIT EFT-TENNCARE-20231030,CREDIT,26.32,30244.64,REF4576643,EFT-TENNCARE-20231030
MOCK_RAD_GROUP_DEMO_ONLY,2023-11-02,2023-11-02,ACH CREDIT PAYER REMIT EFT-BCBSTN-20231030,CREDIT,323.57,30568.21,REF5069874,EFT-BCBSTN-20231030
MOCK_RAD_GROUP_DEMO_ONLY,2023-11-02,2023-11-02,ACH CREDIT PAYER REMIT EFT-MCARE-20231030,CREDIT,120.93,30689.14,REF2654250,EFT-MCARE-20231030
MOCK_RAD_GROUP_DEMO_ONLY,2023-11-02,2023-11-02,ACH CREDIT PAYER REMIT EFT-TENNCARE-20231030,CREDIT,74.6,30763.74,REF4997143,EFT-TENNCARE-20231030
MOCK_RAD_GROUP_DEMO_ONLY,2023-11-03,2023-11-03,ACH CREDIT PAYER REMIT EFT-SELFPAY-20231030,CREDIT,13.18,30776.92,REF2797130,EFT-SELFPAY-20231030
MOCK_RAD_GROUP_DEMO_ONLY,2023-11-03,2023-11-03,ACH CREDIT PAYER REMIT EFT-TENNCARE-20231030,CREDIT,26.2,30803.12,REF9074509,EFT-TENNCARE-20231030
MOCK_RAD_GROUP_DEMO_ONLY,2023-11-03,2023-11-03,ACH CREDIT PAYER REMIT EFT-UHC-20231030,CREDIT,125.79,30928.91,REF5711010,EFT-UHC-20231030
MOCK_RAD_GROUP_DEMO_ONLY,2023-11-04,2023-11-04,ACH CREDIT PAYER REMIT EFT-BCBSTN-20231030,CREDIT,141.27,31070.18,REF9657283,EFT-BCBSTN-20231030
MOCK_RAD_GROUP_DEMO_ONLY,2023-11-04,2023-11-04,ACH CREDIT PAYER REMIT EFT-CIGNA-20231030,CREDIT,91.86,31162.04,REF9194990,EFT-CIGNA-20231030
MOCK_RAD_GROUP_DEMO_ONLY,2023-11-04,2023-11-04,ACH CREDIT PAYER REMIT EFT-MCARE-20231030,CREDIT,49.39,31211.43,REF5978039,EFT-MCARE-20231030
MOCK_RAD_GROUP_DEMO_ONLY,2023-11-04,2023-11-04,ACH CREDIT PAYER REMIT EFT-TENNCARE-20231030,CREDIT,37.73,31249.16,REF2184942,EFT-TENNCARE-20231030
MOCK_RAD_GROUP_DEMO_ONLY,2023-11-04,2023-11-04,ACH CREDIT PAYER REMIT EFT-UHC-20231030,CREDIT,328.22,31577.38,REF9375688,EFT-UHC-20231030
MOCK_RAD_GROUP_DEMO_ONLY,2023-11-05,2023-11-05,ACH CREDIT PAYER REMIT EFT-CIGNA-20231030,CREDIT,159.68,31737.06,REF3926571,EFT-CIGNA-20231030
MOCK_RAD_GROUP_DEMO_ONLY,2023-11-05,2023-11-05,ACH CREDIT PAYER REMIT EFT-TENNCARE-20231030,CREDIT,32.74,31769.8,REF6405854,EFT-TENNCARE-20231030
MOCK_RAD_GROUP_DEMO_ONLY,2023-11-06,2023-11-06,ACH CREDIT PAYER REMIT EFT-BCBSTN-20231106,CREDIT,52.02,31821.82,REF4564580,EFT-BCBSTN-20231106
MOCK_RAD_GROUP_DEMO_ONLY,2023-11-06,2023-11-06,ACH CREDIT PAYER REMIT EFT-MCARE-20231106,CREDIT,125.66,31947.48,REF4634548,EFT-MCARE-20231106
MOCK_RAD_GROUP_DEMO_ONLY,2023-11-06,2023-11-06,ACH CREDIT PAYER REMIT EFT-SELFPAY-20231106,CREDIT,9.23,31956.71,REF2582423,EFT-SELFPAY-20231106
MOCK_RAD_GROUP_DEMO_ONLY,2023-11-06,2023-11-06,ACH CREDIT PAYER REMIT EFT-TENNCARE-20231106,CREDIT,19.38,31976.09,REF4856825,EFT-TENNCARE-20231106
MOCK_RAD_GROUP_DEMO_ONLY,2023-11-07,2023-11-07,ACH CREDIT PAYER REMIT EFT-CIGNA-20231106,CREDIT,115.15,32091.24,REF1223124,EFT-CIGNA-20231106
MOCK_RAD_GROUP_DEMO_ONLY,2023-11-07,2023-11-07,ACH CREDIT PAYER REMIT EFT-MCARE-20231106,CREDIT,104.31,32195.55,REF3027770,EFT-MCARE-20231106
MOCK_RAD_GROUP_DEMO_ONLY,2023-11-07,2023-11-07,ACH CREDIT PAYER REMIT EFT-TENNCARE-20231106,CREDIT,16.82,32212.37,REF8494251,EFT-TENNCARE-20231106
MOCK_RAD_GROUP_DEMO_ONLY,2023-11-08,2023-11-08,ACH CREDIT PAYER REMIT EFT-BCBSTN-20231106,CREDIT,82.22,32294.59,REF2072767,EFT-BCBSTN-20231106
MOCK_RAD_GROUP_DEMO_ONLY,2023-11-08,2023-11-08,ACH CREDIT PAYER REMIT EFT-MCARE-20231106,CREDIT,67.62,32362.21,REF6536989,EFT-MCARE-20231106
MOCK_RAD_GROUP_DEMO_ONLY,2023-11-08,2023-11-08,ACH CREDIT PAYER REMIT EFT-TENNCARE-20231106,CREDIT,63.28,32425.49,REF7840664,EFT-TENNCARE-20231106
MOCK_RAD_GROUP_DEMO_ONLY,2023-11-08,2023-11-08,ACH CREDIT PAYER REMIT EFT-UHC-20231106,CREDIT,245.95,32671.44,REF2367457,EFT-UHC-20231106
MOCK_RAD_GROUP_DEMO_ONLY,2023-11-09,2023-11-09,ACH CREDIT PAYER REMIT EFT-UHC-20231106,CREDIT,140.62,32812.06,REF7770501,EFT-UHC-20231106
MOCK_RAD_GROUP_DEMO_ONLY,2023-11-11,2023-11-11,ACH CREDIT PAYER REMIT EFT-BCBSTN-20231106,CREDIT,81.93,32893.99,REF4812990,EFT-BCBSTN-20231106
MOCK_RAD_GROUP_DEMO_ONLY,2023-11-11,2023-11-11,ACH CREDIT PAYER REMIT EFT-CIGNA-20231106,CREDIT,16.56,32910.55,REF5146865,EFT-CIGNA-20231106
MOCK_RAD_GROUP_DEMO_ONLY,2023-11-11,2023-11-11,ACH CREDIT PAYER REMIT EFT-MCARE-20231106,CREDIT,67.36,32977.91,REF3455689,EFT-MCARE-20231106
MOCK_RAD_GROUP_DEMO_ONLY,2023-11-11,2023-11-11,ACH CREDIT PAYER REMIT EFT-UHC-20231106,CREDIT,168.41,33146.32,REF6328254,EFT-UHC-20231106
MOCK_RAD_GROUP_DEMO_ONLY,2023-11-12,2023-11-12,ACH CREDIT PAYER REMIT EFT-TENNCARE-20231106,CREDIT,38.92,33185.24,REF7487808,EFT-TENNCARE-20231106
MOCK_RAD_GROUP_DEMO_ONLY,2023-11-13,2023-11-13,ACH CREDIT PAYER REMIT EFT-BCBSTN-20231113,CREDIT,661.67,33846.91,REF5637475,EFT-BCBSTN-20231113
MOCK_RAD_GROUP_DEMO_ONLY,2023-11-13,2023-11-13,ACH CREDIT PAYER REMIT EFT-CIGNA-20231113,CREDIT,292.8,34139.71,REF5734909,EFT-CIGNA-20231113
MOCK_RAD_GROUP_DEMO_ONLY,2023-11-13,2023-11-13,ACH CREDIT PAYER REMIT EFT-MCARE-20231113,CREDIT,112.24,34251.95,REF5727367,EFT-MCARE-20231113
MOCK_RAD_GROUP_DEMO_ONLY,2023-11-13,2023-11-13,ACH CREDIT PAYER REMIT EFT-TENNCARE-20231113,CREDIT,3.92,34255.87,REF7009189,EFT-TENNCARE-20231113
MOCK_RAD_GROUP_DEMO_ONLY,2023-11-14,2023-11-14,ACH CREDIT PAYER REMIT EFT-TENNCARE-20231113,CREDIT,20.36,34276.23,REF9246546,EFT-TENNCARE-20231113
MOCK_RAD_GROUP_DEMO_ONLY,2023-11-15,2023-11-15,ACH CREDIT PAYER REMIT EFT-BCBSTN-20231113,CREDIT,107.34,34383.57,REF1750420,EFT-BCBSTN-20231113
MOCK_RAD_GROUP_DEMO_ONLY,2023-11-15,2023-11-15,ACH CREDIT PAYER REMIT EFT-CIGNA-20231113,CREDIT,438.94,34822.51,REF2925386,EFT-CIGNA-20231113
MOCK_RAD_GROUP_DEMO_ONLY,2023-11-16,2023-11-16,ACH CREDIT PAYER REMIT EFT-BCBSTN-20231113,CREDIT,151.14,34973.65,REF6512622,EFT-BCBSTN-20231113
MOCK_RAD_GROUP_DEMO_ONLY,2023-11-16,2023-11-16,ACH CREDIT PAYER REMIT EFT-CIGNA-20231113,CREDIT,71.83,35045.48,REF8188768,EFT-CIGNA-20231113
MOCK_RAD_GROUP_DEMO_ONLY,2023-11-16,2023-11-16,ACH CREDIT PAYER REMIT EFT-TENNCARE-20231113,CREDIT,16.78,35062.26,REF5151747,EFT-TENNCARE-20231113
MOCK_RAD_GROUP_DEMO_ONLY,2023-11-16,2023-11-16,ACH CREDIT PAYER REMIT EFT-UHC-20231113,CREDIT,328.62,35390.88,REF3597686,EFT-UHC-20231113
MOCK_RAD_GROUP_DEMO_ONLY,2023-11-17,2023-11-17,ACH CREDIT PAYER REMIT EFT-BCBSTN-20231113,CREDIT,331.45,35722.33,REF1900903,EFT-BCBSTN-20231113
MOCK_RAD_GROUP_DEMO_ONLY,2023-11-17,2023-11-17,ACH CREDIT PAYER REMIT EFT-CIGNA-20231113,CREDIT,174.31,35896.64,REF6833419,EFT-CIGNA-20231113
MOCK_RAD_GROUP_DEMO_ONLY,2023-11-17,2023-11-17,ACH CREDIT PAYER REMIT EFT-MCARE-20231113,CREDIT,25.39,35922.03,REF2246430,EFT-MCARE-20231113
MOCK_RAD_GROUP_DEMO_ONLY,2023-11-17,2023-11-17,ACH CREDIT PAYER REMIT EFT-SELFPAY-20231113,CREDIT,12.27,35934.3,REF2336342,EFT-SELFPAY-20231113
MOCK_RAD_GROUP_DEMO_ONLY,2023-11-18,2023-11-18,ACH CREDIT PAYER REMIT EFT-BCBSTN-20231113,CREDIT,82.83,36017.13,REF5877142,EFT-BCBSTN-20231113
MOCK_RAD_GROUP_DEMO_ONLY,2023-11-18,2023-11-18,ACH CREDIT PAYER REMIT EFT-MCARE-20231113,CREDIT,57.97,36075.1,REF8049160,EFT-MCARE-20231113
MOCK_RAD_GROUP_DEMO_ONLY,2023-11-18,2023-11-18,ACH CREDIT PAYER REMIT EFT-TENNCARE-20231113,CREDIT,30.09,36105.19,REF6285186,EFT-TENNCARE-20231113
MOCK_RAD_GROUP_DEMO_ONLY,2023-11-18,2023-11-18,ACCOUNT ANALYSIS FEE,DEBIT,-82.93,36022.26,REF9766564,
MOCK_RAD_GROUP_DEMO_ONLY,2023-11-18,2023-11-18,BOOK TRANSFER TO OPERATING 8841,DEBIT,-6701.51,29320.75,REF6817218,
MOCK_RAD_GROUP_DEMO_ONLY,2023-11-19,2023-11-19,ACH CREDIT PAYER REMIT EFT-MCARE-20231113,CREDIT,84.99,29405.74,REF1800004,EFT-MCARE-20231113
MOCK_RAD_GROUP_DEMO_ONLY,2023-11-19,2023-11-19,ACH CREDIT PAYER REMIT EFT-UHC-20231113,CREDIT,73.8,29479.54,REF3844972,EFT-UHC-20231113
MOCK_RAD_GROUP_DEMO_ONLY,2023-11-20,2023-11-20,ACH CREDIT PAYER REMIT EFT-BCBSTN-20231120,CREDIT,162.49,29642.03,REF6588746,EFT-BCBSTN-20231120
MOCK_RAD_GROUP_DEMO_ONLY,2023-11-20,2023-11-20,ACH CREDIT PAYER REMIT EFT-CIGNA-20231120,CREDIT,120.12,29762.15,REF9595141,EFT-CIGNA-20231120
MOCK_RAD_GROUP_DEMO_ONLY,2023-11-20,2023-11-20,ACH CREDIT PAYER REMIT EFT-MCARE-20231120,CREDIT,21.08,29783.23,REF4449110,EFT-MCARE-20231120
MOCK_RAD_GROUP_DEMO_ONLY,2023-11-20,2023-11-20,ACH CREDIT PAYER REMIT EFT-TENNCARE-20231120,CREDIT,28.31,29811.54,REF7849802,EFT-TENNCARE-20231120
MOCK_RAD_GROUP_DEMO_ONLY,2023-11-20,2023-11-20,ACH CREDIT PAYER REMIT EFT-UHC-20231120,CREDIT,172.03,29983.57,REF3831384,EFT-UHC-20231120
MOCK_RAD_GROUP_DEMO_ONLY,2023-11-21,2023-11-21,ACH CREDIT PAYER REMIT EFT-BCBSTN-20231120,CREDIT,375.58,30359.15,REF8297704,EFT-BCBSTN-20231120
MOCK_RAD_GROUP_DEMO_ONLY,2023-11-21,2023-11-21,ACH CREDIT PAYER REMIT EFT-CIGNA-20231120,CREDIT,192.71,30551.86,REF4305273,EFT-CIGNA-20231120
MOCK_RAD_GROUP_DEMO_ONLY,2023-11-21,2023-11-21,ACH CREDIT PAYER REMIT EFT-TENNCARE-20231120,CREDIT,24.82,30576.68,REF9699164,EFT-TENNCARE-20231120
MOCK_RAD_GROUP_DEMO_ONLY,2023-11-22,2023-11-22,ACH CREDIT PAYER REMIT EFT-CIGNA-20231120,CREDIT,150.7,30727.38,REF4699479,EFT-CIGNA-20231120
MOCK_RAD_GROUP_DEMO_ONLY,2023-11-22,2023-11-22,ACH CREDIT PAYER REMIT EFT-MCARE-20231120,CREDIT,85.99,30813.37,REF9883809,EFT-MCARE-20231120
MOCK_RAD_GROUP_DEMO_ONLY,2023-11-23,2023-11-23,ACH CREDIT PAYER REMIT EFT-BCBSTN-20231120,CREDIT,314.22,31127.59,REF4499657,EFT-BCBSTN-20231120
MOCK_RAD_GROUP_DEMO_ONLY,2023-11-23,2023-11-23,ACH CREDIT PAYER REMIT EFT-MCARE-20231120,CREDIT,6.31,31133.9,REF2888363,EFT-MCARE-20231120
MOCK_RAD_GROUP_DEMO_ONLY,2023-11-23,2023-11-23,ACH CREDIT PAYER REMIT EFT-TENNCARE-20231120,CREDIT,4.75,31138.65,REF2355470,EFT-TENNCARE-20231120
MOCK_RAD_GROUP_DEMO_ONLY,2023-11-23,2023-11-23,INTEREST CREDIT,CREDIT,38.96,31177.61,REF9353415,
MOCK_RAD_GROUP_DEMO_ONLY,2023-11-24,2023-11-24,ACH CREDIT PAYER REMIT EFT-MCARE-20231120,CREDIT,69.35,31246.96,REF7277988,EFT-MCARE-20231120
MOCK_RAD_GROUP_DEMO_ONLY,2023-11-25,2023-11-25,ACH CREDIT PAYER REMIT EFT-BCBSTN-20231120,CREDIT,160.72,31407.68,REF2200852,EFT-BCBSTN-20231120
MOCK_RAD_GROUP_DEMO_ONLY,2023-11-25,2023-11-25,ACH CREDIT PAYER REMIT EFT-MCARE-20231120,CREDIT,50.17,31457.85,REF3742967,EFT-MCARE-20231120
MOCK_RAD_GROUP_DEMO_ONLY,2023-11-25,2023-11-25,ACH CREDIT PAYER REMIT EFT-TENNCARE-20231120,CREDIT,23.49,31481.34,REF8377928,EFT-TENNCARE-20231120
MOCK_RAD_GROUP_DEMO_ONLY,2023-11-26,2023-11-26,ACH CREDIT PAYER REMIT EFT-BCBSTN-20231120,CREDIT,150.15,31631.49,REF4048688,EFT-BCBSTN-20231120
MOCK_RAD_GROUP_DEMO_ONLY,2023-11-26,2023-11-26,ACH CREDIT PAYER REMIT EFT-MCARE-20231120,CREDIT,28.55,31660.04,REF9559117,EFT-MCARE-20231120
MOCK_RAD_GROUP_DEMO_ONLY,2023-11-26,2023-11-26,ACH CREDIT PAYER REMIT EFT-TENNCARE-20231120,CREDIT,31.78,31691.82,REF9004577,EFT-TENNCARE-20231120
MOCK_RAD_GROUP_DEMO_ONLY,2023-11-26,2023-11-26,ACH CREDIT PAYER REMIT EFT-UHC-20231120,CREDIT,211.27,31903.09,REF1596041,EFT-UHC-20231120
MOCK_RAD_GROUP_DEMO_ONLY,2023-11-27,2023-11-27,ACH CREDIT PAYER REMIT EFT-MCARE-20231127,CREDIT,105.27,32008.36,REF7580593,EFT-MCARE-20231127
MOCK_RAD_GROUP_DEMO_ONLY,2023-11-27,2023-11-27,ACH CREDIT PAYER REMIT EFT-TENNCARE-20231127,CREDIT,52.32,32060.68,REF5914223,EFT-TENNCARE-20231127
MOCK_RAD_GROUP_DEMO_ONLY,2023-11-27,2023-11-27,ACH CREDIT PAYER REMIT EFT-UHC-20231127,CREDIT,118.88,32179.56,REF9582528,EFT-UHC-20231127
MOCK_RAD_GROUP_DEMO_ONLY,2023-11-28,2023-11-28,ACH CREDIT PAYER REMIT EFT-CIGNA-20231127,CREDIT,202.59,32382.15,REF8039292,EFT-CIGNA-20231127
MOCK_RAD_GROUP_DEMO_ONLY,2023-11-28,2023-11-28,ACH CREDIT PAYER REMIT EFT-MCARE-20231127,CREDIT,35.44,32417.59,REF2410094,EFT-MCARE-20231127
MOCK_RAD_GROUP_DEMO_ONLY,2023-11-28,2023-11-28,ACH CREDIT PAYER REMIT EFT-TENNCARE-20231127,CREDIT,11.8,32429.39,REF2475566,EFT-TENNCARE-20231127
MOCK_RAD_GROUP_DEMO_ONLY,2023-11-28,2023-11-28,ACH CREDIT PAYER REMIT EFT-UHC-20231127,CREDIT,165.76,32595.15,REF3743301,EFT-UHC-20231127
MOCK_RAD_GROUP_DEMO_ONLY,2023-11-29,2023-11-29,ACH CREDIT PAYER REMIT EFT-CIGNA-20231127,CREDIT,69.55,32664.7,REF5441378,EFT-CIGNA-20231127
MOCK_RAD_GROUP_DEMO_ONLY,2023-11-29,2023-11-29,ACH CREDIT PAYER REMIT EFT-MCARE-20231127,CREDIT,53.65,32718.35,REF8036392,EFT-MCARE-20231127
MOCK_RAD_GROUP_DEMO_ONLY,2023-11-29,2023-11-29,ACH CREDIT PAYER REMIT EFT-SELFPAY-20231127,CREDIT,3.2,32721.55,REF9561782,EFT-SELFPAY-20231127
MOCK_RAD_GROUP_DEMO_ONLY,2023-11-29,2023-11-29,ACH CREDIT PAYER REMIT EFT-TENNCARE-20231127,CREDIT,5.09,32726.64,REF9142529,EFT-TENNCARE-20231127
MOCK_RAD_GROUP_DEMO_ONLY,2023-11-29,2023-11-29,ACH CREDIT PAYER REMIT EFT-UHC-20231127,CREDIT,94.66,32821.3,REF5937494,EFT-UHC-20231127
MOCK_RAD_GROUP_DEMO_ONLY,2023-11-30,2023-11-30,ACH CREDIT PAYER REMIT EFT-MCARE-20231127,CREDIT,52.95,32874.25,REF4912332,EFT-MCARE-20231127
MOCK_RAD_GROUP_DEMO_ONLY,2023-12-01,2023-12-01,ACH CREDIT PAYER REMIT EFT-BCBSTN-20231127,CREDIT,157.84,33032.09,REF5128564,EFT-BCBSTN-20231127
MOCK_RAD_GROUP_DEMO_ONLY,2023-12-01,2023-12-01,ACH CREDIT PAYER REMIT EFT-CIGNA-20231127,CREDIT,158.4,33190.49,REF9063049,EFT-CIGNA-20231127
MOCK_RAD_GROUP_DEMO_ONLY,2023-12-01,2023-12-01,ACH CREDIT PAYER REMIT EFT-MCARE-20231127,CREDIT,53.4,33243.89,REF9367921,EFT-MCARE-20231127
MOCK_RAD_GROUP_DEMO_ONLY,2023-12-01,2023-12-01,ACH CREDIT PAYER REMIT EFT-TENNCARE-20231127,CREDIT,70.25,33314.14,REF3404966,EFT-TENNCARE-20231127
MOCK_RAD_GROUP_DEMO_ONLY,2023-12-02,2023-12-02,ACH CREDIT PAYER REMIT EFT-BCBSTN-20231127,CREDIT,218.91,33533.05,REF7480295,EFT-BCBSTN-20231127
MOCK_RAD_GROUP_DEMO_ONLY,2023-12-02,2023-12-02,ACH CREDIT PAYER REMIT EFT-MCARE-20231127,CREDIT,33.36,33566.41,REF3153790,EFT-MCARE-20231127
MOCK_RAD_GROUP_DEMO_ONLY,2023-12-02,2023-12-02,ACH CREDIT PAYER REMIT EFT-TENNCARE-20231127,CREDIT,10.66,33577.07,REF2693687,EFT-TENNCARE-20231127
MOCK_RAD_GROUP_DEMO_ONLY,2023-12-02,2023-12-02,ACH CREDIT PAYER REMIT EFT-UHC-20231127,CREDIT,176.52,33753.59,REF5374726,EFT-UHC-20231127
MOCK_RAD_GROUP_DEMO_ONLY,2023-12-03,2023-12-03,ACH CREDIT PAYER REMIT EFT-CIGNA-20231127,CREDIT,153.81,33907.4,REF2780626,EFT-CIGNA-20231127
MOCK_RAD_GROUP_DEMO_ONLY,2023-12-03,2023-12-03,ACH CREDIT PAYER REMIT EFT-MCARE-20231127,CREDIT,150.9,34058.3,REF8487475,EFT-MCARE-20231127
MOCK_RAD_GROUP_DEMO_ONLY,2023-12-03,2023-12-03,ACH CREDIT PAYER REMIT EFT-TENNCARE-20231127,CREDIT,18.58,34076.88,REF7059821,EFT-TENNCARE-20231127
MOCK_RAD_GROUP_DEMO_ONLY,2023-12-04,2023-12-04,ACH CREDIT PAYER REMIT EFT-BCBSTN-20231204,CREDIT,129.06,34205.94,REF3512266,EFT-BCBSTN-20231204
MOCK_RAD_GROUP_DEMO_ONLY,2023-12-04,2023-12-04,ACH CREDIT PAYER REMIT EFT-TENNCARE-20231204,CREDIT,39.99,34245.93,REF6495445,EFT-TENNCARE-20231204
MOCK_RAD_GROUP_DEMO_ONLY,2023-12-05,2023-12-05,ACH CREDIT PAYER REMIT EFT-CIGNA-20231204,CREDIT,253.33,34499.26,REF7451063,EFT-CIGNA-20231204
MOCK_RAD_GROUP_DEMO_ONLY,2023-12-05,2023-12-05,ACH CREDIT PAYER REMIT EFT-MCARE-20231204,CREDIT,198.06,34697.32,REF1805305,EFT-MCARE-20231204
MOCK_RAD_GROUP_DEMO_ONLY,2023-12-05,2023-12-05,ACH CREDIT PAYER REMIT EFT-TENNCARE-20231204,CREDIT,102.78,34800.1,REF3740146,EFT-TENNCARE-20231204
MOCK_RAD_GROUP_DEMO_ONLY,2023-12-06,2023-12-06,ACH CREDIT PAYER REMIT EFT-BCBSTN-20231204,CREDIT,64.23,34864.33,REF2451868,EFT-BCBSTN-20231204
MOCK_RAD_GROUP_DEMO_ONLY,2023-12-07,2023-12-07,ACH CREDIT PAYER REMIT EFT-CIGNA-20231204,CREDIT,55.35,34919.68,REF6983717,EFT-CIGNA-20231204
MOCK_RAD_GROUP_DEMO_ONLY,2023-12-07,2023-12-07,ACH CREDIT PAYER REMIT EFT-MCARE-20231204,CREDIT,94.48,35014.16,REF1017604,EFT-MCARE-20231204
MOCK_RAD_GROUP_DEMO_ONLY,2023-12-07,2023-12-07,ACH CREDIT PAYER REMIT EFT-TENNCARE-20231204,CREDIT,34.32,35048.48,REF4217535,EFT-TENNCARE-20231204
MOCK_RAD_GROUP_DEMO_ONLY,2023-12-07,2023-12-07,ACH CREDIT PAYER REMIT EFT-UHC-20231204,CREDIT,224.76,35273.24,REF5230369,EFT-UHC-20231204
MOCK_RAD_GROUP_DEMO_ONLY,2023-12-08,2023-12-08,ACH CREDIT PAYER REMIT EFT-BCBSTN-20231204,CREDIT,18.62,35291.86,REF6504306,EFT-BCBSTN-20231204
MOCK_RAD_GROUP_DEMO_ONLY,2023-12-08,2023-12-08,ACH CREDIT PAYER REMIT EFT-CIGNA-20231204,CREDIT,170.88,35462.74,REF5971587,EFT-CIGNA-20231204
MOCK_RAD_GROUP_DEMO_ONLY,2023-12-08,2023-12-08,ACH CREDIT PAYER REMIT EFT-TENNCARE-20231204,CREDIT,46.69,35509.43,REF7009885,EFT-TENNCARE-20231204
MOCK_RAD_GROUP_DEMO_ONLY,2023-12-09,2023-12-09,ACH CREDIT PAYER REMIT EFT-UHC-20231204,CREDIT,78.81,35588.24,REF2173019,EFT-UHC-20231204
MOCK_RAD_GROUP_DEMO_ONLY,2023-12-10,2023-12-10,ACH CREDIT PAYER REMIT EFT-BCBSTN-20231204,CREDIT,342.99,35931.23,REF7456075,EFT-BCBSTN-20231204
MOCK_RAD_GROUP_DEMO_ONLY,2023-12-10,2023-12-10,ACH CREDIT PAYER REMIT EFT-CIGNA-20231204,CREDIT,139.91,36071.14,REF5876317,EFT-CIGNA-20231204
MOCK_RAD_GROUP_DEMO_ONLY,2023-12-10,2023-12-10,ACH CREDIT PAYER REMIT EFT-MCARE-20231204,CREDIT,70.34,36141.48,REF7954188,EFT-MCARE-20231204
MOCK_RAD_GROUP_DEMO_ONLY,2023-12-11,2023-12-11,ACH CREDIT PAYER REMIT EFT-UHC-20231211,CREDIT,406.57,36548.05,REF9407652,EFT-UHC-20231211
MOCK_RAD_GROUP_DEMO_ONLY,2023-12-12,2023-12-12,ACH CREDIT PAYER REMIT EFT-BCBSTN-20231211,CREDIT,182.01,36730.06,REF6155420,EFT-BCBSTN-20231211
MOCK_RAD_GROUP_DEMO_ONLY,2023-12-12,2023-12-12,ACH CREDIT PAYER REMIT EFT-CIGNA-20231211,CREDIT,156.24,36886.3,REF2857371,EFT-CIGNA-20231211
MOCK_RAD_GROUP_DEMO_ONLY,2023-12-12,2023-12-12,ACH CREDIT PAYER REMIT EFT-TENNCARE-20231211,CREDIT,18.58,36904.88,REF4873359,EFT-TENNCARE-20231211
MOCK_RAD_GROUP_DEMO_ONLY,2023-12-13,2023-12-13,ACH CREDIT PAYER REMIT EFT-BCBSTN-20231211,CREDIT,243.51,37148.39,REF6816858,EFT-BCBSTN-20231211
MOCK_RAD_GROUP_DEMO_ONLY,2023-12-13,2023-12-13,ACH CREDIT PAYER REMIT EFT-MCARE-20231211,CREDIT,110.67,37259.06,REF4220544,EFT-MCARE-20231211
MOCK_RAD_GROUP_DEMO_ONLY,2023-12-13,2023-12-13,ACH CREDIT PAYER REMIT EFT-TENNCARE-20231211,CREDIT,59.67,37318.73,REF3864969,EFT-TENNCARE-20231211
MOCK_RAD_GROUP_DEMO_ONLY,2023-12-13,2023-12-13,ACH CREDIT PAYER REMIT EFT-UHC-20231211,CREDIT,245.34,37564.07,REF3353866,EFT-UHC-20231211
MOCK_RAD_GROUP_DEMO_ONLY,2023-12-14,2023-12-14,ACH CREDIT PAYER REMIT EFT-BCBSTN-20231211,CREDIT,17.15,37581.22,REF3865064,EFT-BCBSTN-20231211
MOCK_RAD_GROUP_DEMO_ONLY,2023-12-14,2023-12-14,ACH CREDIT PAYER REMIT EFT-MCARE-20231211,CREDIT,90.66,37671.88,REF7001463,EFT-MCARE-20231211
MOCK_RAD_GROUP_DEMO_ONLY,2023-12-15,2023-12-15,ACH CREDIT PAYER REMIT EFT-BCBSTN-20231211,CREDIT,218.24,37890.12,REF7470051,EFT-BCBSTN-20231211
MOCK_RAD_GROUP_DEMO_ONLY,2023-12-15,2023-12-15,ACH CREDIT PAYER REMIT EFT-CIGNA-20231211,CREDIT,137.71,38027.83,REF6349199,EFT-CIGNA-20231211
MOCK_RAD_GROUP_DEMO_ONLY,2023-12-15,2023-12-15,ACH CREDIT PAYER REMIT EFT-UHC-20231211,CREDIT,226.82,38254.65,REF2608242,EFT-UHC-20231211
MOCK_RAD_GROUP_DEMO_ONLY,2023-12-16,2023-12-16,ACH CREDIT PAYER REMIT EFT-BCBSTN-20231211,CREDIT,245.21,38499.86,REF3738805,EFT-BCBSTN-20231211
MOCK_RAD_GROUP_DEMO_ONLY,2023-12-16,2023-12-16,ACH CREDIT PAYER REMIT EFT-MCARE-20231211,CREDIT,125.91,38625.77,REF5263405,EFT-MCARE-20231211
MOCK_RAD_GROUP_DEMO_ONLY,2023-12-17,2023-12-17,ACH CREDIT PAYER REMIT EFT-MCARE-20231211,CREDIT,70.57,38696.34,REF2256153,EFT-MCARE-20231211
MOCK_RAD_GROUP_DEMO_ONLY,2023-12-17,2023-12-17,ACH CREDIT PAYER REMIT EFT-UHC-20231211,CREDIT,97.59,38793.93,REF1354659,EFT-UHC-20231211
MOCK_RAD_GROUP_DEMO_ONLY,2023-12-18,2023-12-18,ACH CREDIT PAYER REMIT EFT-BCBSTN-20231218,CREDIT,104.96,38898.89,REF9480829,EFT-BCBSTN-20231218
MOCK_RAD_GROUP_DEMO_ONLY,2023-12-18,2023-12-18,ACH CREDIT PAYER REMIT EFT-CIGNA-20231218,CREDIT,206.84,39105.73,REF8369373,EFT-CIGNA-20231218
MOCK_RAD_GROUP_DEMO_ONLY,2023-12-18,2023-12-18,ACH CREDIT PAYER REMIT EFT-MCARE-20231218,CREDIT,53.28,39159.01,REF1319754,EFT-MCARE-20231218
MOCK_RAD_GROUP_DEMO_ONLY,2023-12-18,2023-12-18,ACH CREDIT PAYER REMIT EFT-TENNCARE-20231218,CREDIT,38.19,39197.2,REF8619558,EFT-TENNCARE-20231218
MOCK_RAD_GROUP_DEMO_ONLY,2023-12-18,2023-12-18,ACCOUNT ANALYSIS FEE,DEBIT,-150.27,39046.93,REF9649124,
MOCK_RAD_GROUP_DEMO_ONLY,2023-12-18,2023-12-18,BOOK TRANSFER TO OPERATING 8841,DEBIT,-7890.22,31156.71,REF5926375,
MOCK_RAD_GROUP_DEMO_ONLY,2023-12-19,2023-12-19,ACH CREDIT PAYER REMIT EFT-BCBSTN-20231218,CREDIT,82.54,31239.25,REF8043734,EFT-BCBSTN-20231218
MOCK_RAD_GROUP_DEMO_ONLY,2023-12-19,2023-12-19,ACH CREDIT PAYER REMIT EFT-CIGNA-20231218,CREDIT,109.38,31348.63,REF4185146,EFT-CIGNA-20231218
MOCK_RAD_GROUP_DEMO_ONLY,2023-12-19,2023-12-19,ACH CREDIT PAYER REMIT EFT-MCARE-20231218,CREDIT,107.38,31456.01,REF9241388,EFT-MCARE-20231218
MOCK_RAD_GROUP_DEMO_ONLY,2023-12-19,2023-12-19,ACH CREDIT PAYER REMIT EFT-TENNCARE-20231218,CREDIT,13.82,31469.83,REF3444391,EFT-TENNCARE-20231218
MOCK_RAD_GROUP_DEMO_ONLY,2023-12-19,2023-12-19,ACH CREDIT PAYER REMIT EFT-UHC-20231218,CREDIT,72.2,31542.03,REF6423005,EFT-UHC-20231218
MOCK_RAD_GROUP_DEMO_ONLY,2023-12-20,2023-12-20,ACH CREDIT PAYER REMIT EFT-BCBSTN-20231218,CREDIT,158.49,31700.52,REF2065474,EFT-BCBSTN-20231218
MOCK_RAD_GROUP_DEMO_ONLY,2023-12-20,2023-12-20,ACH CREDIT PAYER REMIT EFT-MCARE-20231218,CREDIT,56.14,31756.66,REF9922380,EFT-MCARE-20231218
MOCK_RAD_GROUP_DEMO_ONLY,2023-12-21,2023-12-21,ACH CREDIT PAYER REMIT EFT-MCARE-20231218,CREDIT,38.24,31794.9,REF4441336,EFT-MCARE-20231218
MOCK_RAD_GROUP_DEMO_ONLY,2023-12-22,2023-12-22,ACH CREDIT PAYER REMIT EFT-MCARE-20231218,CREDIT,187.81,31982.71,REF3792902,EFT-MCARE-20231218
MOCK_RAD_GROUP_DEMO_ONLY,2023-12-22,2023-12-22,ACH CREDIT PAYER REMIT EFT-TENNCARE-20231218,CREDIT,10.78,31993.49,REF9974627,EFT-TENNCARE-20231218
MOCK_RAD_GROUP_DEMO_ONLY,2023-12-22,2023-12-22,ACH CREDIT PAYER REMIT EFT-UHC-20231218,CREDIT,134.36,32127.85,REF2352811,EFT-UHC-20231218
MOCK_RAD_GROUP_DEMO_ONLY,2023-12-23,2023-12-23,ACH CREDIT PAYER REMIT EFT-TENNCARE-20231218,CREDIT,23.89,32151.74,REF3626579,EFT-TENNCARE-20231218
MOCK_RAD_GROUP_DEMO_ONLY,2023-12-23,2023-12-23,ACH CREDIT PAYER REMIT EFT-UHC-20231218,CREDIT,263.94,32415.68,REF4972844,EFT-UHC-20231218
MOCK_RAD_GROUP_DEMO_ONLY,2023-12-23,2023-12-23,INTEREST CREDIT,CREDIT,15.48,32431.16,REF8955747,
MOCK_RAD_GROUP_DEMO_ONLY,2023-12-24,2023-12-24,ACH CREDIT PAYER REMIT EFT-BCBSTN-20231218,CREDIT,230.31,32661.47,REF8689475,EFT-BCBSTN-20231218
MOCK_RAD_GROUP_DEMO_ONLY,2023-12-24,2023-12-24,ACH CREDIT PAYER REMIT EFT-MCARE-20231218,CREDIT,103.45,32764.92,REF1310643,EFT-MCARE-20231218
MOCK_RAD_GROUP_DEMO_ONLY,2023-12-24,2023-12-24,ACH CREDIT PAYER REMIT EFT-TENNCARE-20231218,CREDIT,25.81,32790.73,REF6727463,EFT-TENNCARE-20231218
MOCK_RAD_GROUP_DEMO_ONLY,2023-12-25,2023-12-25,ACH CREDIT PAYER REMIT EFT-BCBSTN-20231225,CREDIT,56.24,32846.97,REF2603490,EFT-BCBSTN-20231225
MOCK_RAD_GROUP_DEMO_ONLY,2023-12-25,2023-12-25,ACH CREDIT PAYER REMIT EFT-CIGNA-20231225,CREDIT,152.97,32999.94,REF2035587,EFT-CIGNA-20231225
MOCK_RAD_GROUP_DEMO_ONLY,2023-12-25,2023-12-25,ACH CREDIT PAYER REMIT EFT-MCARE-20231225,CREDIT,33.64,33033.58,REF3057186,EFT-MCARE-20231225
MOCK_RAD_GROUP_DEMO_ONLY,2023-12-25,2023-12-25,ACH CREDIT PAYER REMIT EFT-UHC-20231225,CREDIT,316.54,33350.12,REF8658372,EFT-UHC-20231225
MOCK_RAD_GROUP_DEMO_ONLY,2023-12-26,2023-12-26,ACH CREDIT PAYER REMIT EFT-BCBSTN-20231225,CREDIT,22.29,33372.41,REF7555736,EFT-BCBSTN-20231225
MOCK_RAD_GROUP_DEMO_ONLY,2023-12-26,2023-12-26,ACH CREDIT PAYER REMIT EFT-CIGNA-20231225,CREDIT,270.87,33643.28,REF2579231,EFT-CIGNA-20231225
MOCK_RAD_GROUP_DEMO_ONLY,2023-12-26,2023-12-26,ACH CREDIT PAYER REMIT EFT-MCARE-20231225,CREDIT,25.2,33668.48,REF2000127,EFT-MCARE-20231225
MOCK_RAD_GROUP_DEMO_ONLY,2023-12-26,2023-12-26,ACH CREDIT PAYER REMIT EFT-TENNCARE-20231225,CREDIT,38.56,33707.04,REF2786838,EFT-TENNCARE-20231225
MOCK_RAD_GROUP_DEMO_ONLY,2023-12-26,2023-12-26,ACH CREDIT PAYER REMIT EFT-UHC-20231225,CREDIT,62.41,33769.45,REF2357646,EFT-UHC-20231225
MOCK_RAD_GROUP_DEMO_ONLY,2023-12-27,2023-12-27,ACH CREDIT PAYER REMIT EFT-CIGNA-20231225,CREDIT,174.26,33943.71,REF6753342,EFT-CIGNA-20231225
MOCK_RAD_GROUP_DEMO_ONLY,2023-12-27,2023-12-27,ACH CREDIT PAYER REMIT EFT-MCARE-20231225,CREDIT,125.57,34069.28,REF9229345,EFT-MCARE-20231225
MOCK_RAD_GROUP_DEMO_ONLY,2023-12-27,2023-12-27,ACH CREDIT PAYER REMIT EFT-UHC-20231225,CREDIT,340.27,34409.55,REF3550031,EFT-UHC-20231225
MOCK_RAD_GROUP_DEMO_ONLY,2023-12-28,2023-12-28,ACH CREDIT PAYER REMIT EFT-BCBSTN-20231225,CREDIT,171.41,34580.96,REF6889665,EFT-BCBSTN-20231225
MOCK_RAD_GROUP_DEMO_ONLY,2023-12-28,2023-12-28,ACH CREDIT PAYER REMIT EFT-CIGNA-20231225,CREDIT,259.19,34840.15,REF5237307,EFT-CIGNA-20231225
MOCK_RAD_GROUP_DEMO_ONLY,2023-12-28,2023-12-28,ACH CREDIT PAYER REMIT EFT-UHC-20231225,CREDIT,122.89,34963.04,REF3864739,EFT-UHC-20231225
MOCK_RAD_GROUP_DEMO_ONLY,2023-12-29,2023-12-29,ACH CREDIT PAYER REMIT EFT-CIGNA-20231225,CREDIT,18.38,34981.42,REF6280173,EFT-CIGNA-20231225
MOCK_RAD_GROUP_DEMO_ONLY,2023-12-29,2023-12-29,ACH CREDIT PAYER REMIT EFT-MCARE-20231225,CREDIT,251.56,35232.98,REF2189011,EFT-MCARE-20231225
MOCK_RAD_GROUP_DEMO_ONLY,2023-12-29,2023-12-29,ACH CREDIT PAYER REMIT EFT-UHC-20231225,CREDIT,283.55,35516.53,REF6635886,EFT-UHC-20231225
MOCK_RAD_GROUP_DEMO_ONLY,2023-12-30,2023-12-30,ACH CREDIT PAYER REMIT EFT-BCBSTN-20231225,CREDIT,164.64,35681.17,REF1452934,EFT-BCBSTN-20231225
MOCK_RAD_GROUP_DEMO_ONLY,2023-12-31,2023-12-31,ACH CREDIT PAYER REMIT EFT-BCBSTN-20231225,CREDIT,68.41,35749.58,REF8871526,EFT-BCBSTN-20231225
MOCK_RAD_GROUP_DEMO_ONLY,2023-12-31,2023-12-31,ACH CREDIT PAYER REMIT EFT-MCARE-20231225,CREDIT,137.37,35886.95,REF9659794,EFT-MCARE-20231225
MOCK_RAD_GROUP_DEMO_ONLY,2023-12-31,2023-12-31,ACH CREDIT PAYER REMIT EFT-TENNCARE-20231225,CREDIT,44.76,35931.71,REF1085877,EFT-TENNCARE-20231225
MOCK_RAD_GROUP_DEMO_ONLY,2023-12-31,2023-12-31,ACH CREDIT PAYER REMIT EFT-UHC-20231225,CREDIT,189.28,36120.99,REF6526709,EFT-UHC-20231225
MOCK_RAD_GROUP_DEMO_ONLY,2024-01-01,2024-01-01,ACH CREDIT PAYER REMIT EFT-BCBSTN-20240101,CREDIT,118.41,36239.4,REF7479581,EFT-BCBSTN-20240101
MOCK_RAD_GROUP_DEMO_ONLY,2024-01-01,2024-01-01,ACH CREDIT PAYER REMIT EFT-UHC-20240101,CREDIT,121.39,36360.79,REF3464875,EFT-UHC-20240101
MOCK_RAD_GROUP_DEMO_ONLY,2024-01-01,2024-01-01,INTEREST CREDIT,CREDIT,10.94,36371.73,REF3042637,
MOCK_RAD_GROUP_DEMO_ONLY,2024-01-02,2024-01-02,ACH CREDIT PAYER REMIT EFT-BCBSTN-20240101,CREDIT,148.58,36520.31,REF8688623,EFT-BCBSTN-20240101
MOCK_RAD_GROUP_DEMO_ONLY,2024-01-02,2024-01-02,ACH CREDIT PAYER REMIT EFT-MCARE-20240101,CREDIT,29.85,36550.16,REF1472241,EFT-MCARE-20240101
MOCK_RAD_GROUP_DEMO_ONLY,2024-01-02,2024-01-02,ACH CREDIT PAYER REMIT EFT-TENNCARE-20240101,CREDIT,39.6,36589.76,REF5346421,EFT-TENNCARE-20240101
MOCK_RAD_GROUP_DEMO_ONLY,2024-01-02,2024-01-02,ACH CREDIT PAYER REMIT EFT-UHC-20240101,CREDIT,95.39,36685.15,REF4127853,EFT-UHC-20240101
MOCK_RAD_GROUP_DEMO_ONLY,2024-01-03,2024-01-03,ACH CREDIT PAYER REMIT EFT-CIGNA-20240101,CREDIT,99.74,36784.89,REF1981151,EFT-CIGNA-20240101
MOCK_RAD_GROUP_DEMO_ONLY,2024-01-03,2024-01-03,ACH CREDIT PAYER REMIT EFT-UHC-20240101,CREDIT,71.05,36855.94,REF5356196,EFT-UHC-20240101
MOCK_RAD_GROUP_DEMO_ONLY,2024-01-04,2024-01-04,ACH CREDIT PAYER REMIT EFT-MCARE-20240101,CREDIT,84.16,36940.1,REF2206905,EFT-MCARE-20240101
MOCK_RAD_GROUP_DEMO_ONLY,2024-01-04,2024-01-04,ACH CREDIT PAYER REMIT EFT-UHC-20240101,CREDIT,285.46,37225.56,REF2973534,EFT-UHC-20240101
MOCK_RAD_GROUP_DEMO_ONLY,2024-01-05,2024-01-05,ACH CREDIT PAYER REMIT EFT-BCBSTN-20240101,CREDIT,75.46,37301.02,REF6333951,EFT-BCBSTN-20240101
MOCK_RAD_GROUP_DEMO_ONLY,2024-01-05,2024-01-05,ACH CREDIT PAYER REMIT EFT-MCARE-20240101,CREDIT,112.96,37413.98,REF3104344,EFT-MCARE-20240101
MOCK_RAD_GROUP_DEMO_ONLY,2024-01-05,2024-01-05,ACH CREDIT PAYER REMIT EFT-UHC-20240101,CREDIT,154.41,37568.39,REF7632472,EFT-UHC-20240101
MOCK_RAD_GROUP_DEMO_ONLY,2024-01-06,2024-01-06,ACH CREDIT PAYER REMIT EFT-BCBSTN-20240101,CREDIT,252.67,37821.06,REF5972019,EFT-BCBSTN-20240101
MOCK_RAD_GROUP_DEMO_ONLY,2024-01-06,2024-01-06,ACH CREDIT PAYER REMIT EFT-SELFPAY-20240101,CREDIT,8.6,37829.66,REF4537398,EFT-SELFPAY-20240101
MOCK_RAD_GROUP_DEMO_ONLY,2024-01-06,2024-01-06,ACH CREDIT PAYER REMIT EFT-UHC-20240101,CREDIT,120.08,37949.74,REF1529940,EFT-UHC-20240101
MOCK_RAD_GROUP_DEMO_ONLY,2024-01-07,2024-01-07,ACH CREDIT PAYER REMIT EFT-CIGNA-20240101,CREDIT,47.25,37996.99,REF8800283,EFT-CIGNA-20240101
MOCK_RAD_GROUP_DEMO_ONLY,2024-01-07,2024-01-07,ACH CREDIT PAYER REMIT EFT-MCARE-20240101,CREDIT,138.01,38135.0,REF4001022,EFT-MCARE-20240101
MOCK_RAD_GROUP_DEMO_ONLY,2024-01-08,2024-01-08,ACH CREDIT PAYER REMIT EFT-MCARE-20240108,CREDIT,78.75,38213.75,REF1278695,EFT-MCARE-20240108
MOCK_RAD_GROUP_DEMO_ONLY,2024-01-09,2024-01-09,ACH CREDIT PAYER REMIT EFT-CIGNA-20240108,CREDIT,438.79,38652.54,REF6848771,EFT-CIGNA-20240108
MOCK_RAD_GROUP_DEMO_ONLY,2024-01-09,2024-01-09,ACH CREDIT PAYER REMIT EFT-MCARE-20240108,CREDIT,68.31,38720.85,REF1186730,EFT-MCARE-20240108
MOCK_RAD_GROUP_DEMO_ONLY,2024-01-09,2024-01-09,ACH CREDIT PAYER REMIT EFT-UHC-20240108,CREDIT,110.4,38831.25,REF3484982,EFT-UHC-20240108
MOCK_RAD_GROUP_DEMO_ONLY,2024-01-10,2024-01-10,ACH CREDIT PAYER REMIT EFT-TENNCARE-20240108,CREDIT,30.74,38861.99,REF1198449,EFT-TENNCARE-20240108
MOCK_RAD_GROUP_DEMO_ONLY,2024-01-11,2024-01-11,ACH CREDIT PAYER REMIT EFT-CIGNA-20240108,CREDIT,15.44,38877.43,REF8186231,EFT-CIGNA-20240108
MOCK_RAD_GROUP_DEMO_ONLY,2024-01-11,2024-01-11,ACH CREDIT PAYER REMIT EFT-TENNCARE-20240108,CREDIT,34.95,38912.38,REF2575286,EFT-TENNCARE-20240108
MOCK_RAD_GROUP_DEMO_ONLY,2024-01-12,2024-01-12,ACH CREDIT PAYER REMIT EFT-CIGNA-20240108,CREDIT,49.84,38962.22,REF5436976,EFT-CIGNA-20240108
MOCK_RAD_GROUP_DEMO_ONLY,2024-01-12,2024-01-12,ACH CREDIT PAYER REMIT EFT-MCARE-20240108,CREDIT,154.5,39116.72,REF9347497,EFT-MCARE-20240108
MOCK_RAD_GROUP_DEMO_ONLY,2024-01-12,2024-01-12,ACH CREDIT PAYER REMIT EFT-TENNCARE-20240108,CREDIT,34.77,39151.49,REF6395444,EFT-TENNCARE-20240108
MOCK_RAD_GROUP_DEMO_ONLY,2024-01-13,2024-01-13,ACH CREDIT PAYER REMIT EFT-BCBSTN-20240108,CREDIT,131.76,39283.25,REF2177321,EFT-BCBSTN-20240108
MOCK_RAD_GROUP_DEMO_ONLY,2024-01-13,2024-01-13,ACH CREDIT PAYER REMIT EFT-UHC-20240108,CREDIT,124.03,39407.28,REF5145284,EFT-UHC-20240108
MOCK_RAD_GROUP_DEMO_ONLY,2024-01-14,2024-01-14,ACH CREDIT PAYER REMIT EFT-MCARE-20240108,CREDIT,74.17,39481.45,REF7178202,EFT-MCARE-20240108
MOCK_RAD_GROUP_DEMO_ONLY,2024-01-14,2024-01-14,ACH CREDIT PAYER REMIT EFT-UHC-20240108,CREDIT,76.28,39557.73,REF4210082,EFT-UHC-20240108
MOCK_RAD_GROUP_DEMO_ONLY,2024-01-15,2024-01-15,ACH CREDIT PAYER REMIT EFT-CIGNA-20240115,CREDIT,19.54,39577.27,REF6166742,EFT-CIGNA-20240115
MOCK_RAD_GROUP_DEMO_ONLY,2024-01-15,2024-01-15,ACH CREDIT PAYER REMIT EFT-MCARE-20240115,CREDIT,76.85,39654.12,REF8253876,EFT-MCARE-20240115
MOCK_RAD_GROUP_DEMO_ONLY,2024-01-15,2024-01-15,ACH CREDIT PAYER REMIT EFT-SELFPAY-20240115,CREDIT,2.6,39656.72,REF8309730,EFT-SELFPAY-20240115
MOCK_RAD_GROUP_DEMO_ONLY,2024-01-15,2024-01-15,ACH CREDIT PAYER REMIT EFT-UHC-20240115,CREDIT,280.52,39937.24,REF3185973,EFT-UHC-20240115
MOCK_RAD_GROUP_DEMO_ONLY,2024-01-16,2024-01-16,ACH CREDIT PAYER REMIT EFT-SELFPAY-20240115,CREDIT,17.68,39954.92,REF4804124,EFT-SELFPAY-20240115
MOCK_RAD_GROUP_DEMO_ONLY,2024-01-16,2024-01-16,ACH CREDIT PAYER REMIT EFT-UHC-20240115,CREDIT,96.51,40051.43,REF2920467,EFT-UHC-20240115
MOCK_RAD_GROUP_DEMO_ONLY,2024-01-17,2024-01-17,ACH CREDIT PAYER REMIT EFT-BCBSTN-20240115,CREDIT,185.27,40236.7,REF3389131,EFT-BCBSTN-20240115
MOCK_RAD_GROUP_DEMO_ONLY,2024-01-17,2024-01-17,ACH CREDIT PAYER REMIT EFT-CIGNA-20240115,CREDIT,104.61,40341.31,REF8036561,EFT-CIGNA-20240115
MOCK_RAD_GROUP_DEMO_ONLY,2024-01-17,2024-01-17,ACH CREDIT PAYER REMIT EFT-MCARE-20240115,CREDIT,73.82,40415.13,REF3219539,EFT-MCARE-20240115
MOCK_RAD_GROUP_DEMO_ONLY,2024-01-17,2024-01-17,ACH CREDIT PAYER REMIT EFT-UHC-20240115,CREDIT,140.27,40555.4,REF4851678,EFT-UHC-20240115
MOCK_RAD_GROUP_DEMO_ONLY,2024-01-18,2024-01-18,ACH CREDIT PAYER REMIT EFT-BCBSTN-20240115,CREDIT,716.77,41272.17,REF4453436,EFT-BCBSTN-20240115
MOCK_RAD_GROUP_DEMO_ONLY,2024-01-18,2024-01-18,ACH CREDIT PAYER REMIT EFT-MCARE-20240115,CREDIT,85.64,41357.81,REF2749902,EFT-MCARE-20240115
MOCK_RAD_GROUP_DEMO_ONLY,2024-01-18,2024-01-18,ACH CREDIT PAYER REMIT EFT-TENNCARE-20240115,CREDIT,23.87,41381.68,REF2294072,EFT-TENNCARE-20240115
MOCK_RAD_GROUP_DEMO_ONLY,2024-01-18,2024-01-18,ACCOUNT ANALYSIS FEE,DEBIT,-97.99,41283.69,REF4314446,
MOCK_RAD_GROUP_DEMO_ONLY,2024-01-18,2024-01-18,BOOK TRANSFER TO OPERATING 8841,DEBIT,-6707.94,34575.75,REF8551250,
MOCK_RAD_GROUP_DEMO_ONLY,2024-01-18,2024-01-18,RETURNED ITEM CHARGEBACK,DEBIT,-474.82,34100.93,REF1420202,
MOCK_RAD_GROUP_DEMO_ONLY,2024-01-19,2024-01-19,ACH CREDIT PAYER REMIT EFT-BCBSTN-20240115,CREDIT,131.37,34232.3,REF3243319,EFT-BCBSTN-20240115
MOCK_RAD_GROUP_DEMO_ONLY,2024-01-19,2024-01-19,ACH CREDIT PAYER REMIT EFT-TENNCARE-20240115,CREDIT,15.3,34247.6,REF2196391,EFT-TENNCARE-20240115
MOCK_RAD_GROUP_DEMO_ONLY,2024-01-19,2024-01-19,ACH CREDIT PAYER REMIT EFT-UHC-20240115,CREDIT,37.11,34284.71,REF4711208,EFT-UHC-20240115
MOCK_RAD_GROUP_DEMO_ONLY,2024-01-20,2024-01-20,ACH CREDIT PAYER REMIT EFT-BCBSTN-20240115,CREDIT,189.05,34473.76,REF8040194,EFT-BCBSTN-20240115
MOCK_RAD_GROUP_DEMO_ONLY,2024-01-20,2024-01-20,ACH CREDIT PAYER REMIT EFT-CIGNA-20240115,CREDIT,113.41,34587.17,REF1310345,EFT-CIGNA-20240115
MOCK_RAD_GROUP_DEMO_ONLY,2024-01-20,2024-01-20,ACH CREDIT PAYER REMIT EFT-MCARE-20240115,CREDIT,134.82,34721.99,REF5506930,EFT-MCARE-20240115
MOCK_RAD_GROUP_DEMO_ONLY,2024-01-20,2024-01-20,ACH CREDIT PAYER REMIT EFT-SELFPAY-20240115,CREDIT,2.54,34724.53,REF5224739,EFT-SELFPAY-20240115
MOCK_RAD_GROUP_DEMO_ONLY,2024-01-20,2024-01-20,ACH CREDIT PAYER REMIT EFT-TENNCARE-20240115,CREDIT,67.56,34792.09,REF3827582,EFT-TENNCARE-20240115
MOCK_RAD_GROUP_DEMO_ONLY,2024-01-20,2024-01-20,ACH CREDIT PAYER REMIT EFT-UHC-20240115,CREDIT,239.05,35031.14,REF6014586,EFT-UHC-20240115
MOCK_RAD_GROUP_DEMO_ONLY,2024-01-21,2024-01-21,ACH CREDIT PAYER REMIT EFT-CIGNA-20240115,CREDIT,48.3,35079.44,REF8519785,EFT-CIGNA-20240115
MOCK_RAD_GROUP_DEMO_ONLY,2024-01-21,2024-01-21,ACH CREDIT PAYER REMIT EFT-UHC-20240115,CREDIT,146.93,35226.37,REF8153063,EFT-UHC-20240115
MOCK_RAD_GROUP_DEMO_ONLY,2024-01-22,2024-01-22,ACH CREDIT PAYER REMIT EFT-BCBSTN-20240122,CREDIT,378.38,35604.75,REF2403586,EFT-BCBSTN-20240122
MOCK_RAD_GROUP_DEMO_ONLY,2024-01-22,2024-01-22,ACH CREDIT PAYER REMIT EFT-CIGNA-20240122,CREDIT,69.03,35673.78,REF7686837,EFT-CIGNA-20240122
MOCK_RAD_GROUP_DEMO_ONLY,2024-01-22,2024-01-22,ACH CREDIT PAYER REMIT EFT-MCARE-20240122,CREDIT,72.12,35745.9,REF6451436,EFT-MCARE-20240122
MOCK_RAD_GROUP_DEMO_ONLY,2024-01-22,2024-01-22,ACH CREDIT PAYER REMIT EFT-TENNCARE-20240122,CREDIT,15.19,35761.09,REF3925415,EFT-TENNCARE-20240122
MOCK_RAD_GROUP_DEMO_ONLY,2024-01-22,2024-01-22,ACH CREDIT PAYER REMIT EFT-UHC-20240122,CREDIT,129.47,35890.56,REF4544898,EFT-UHC-20240122
MOCK_RAD_GROUP_DEMO_ONLY,2024-01-23,2024-01-23,ACH CREDIT PAYER REMIT EFT-BCBSTN-20240122,CREDIT,156.51,36047.07,REF8801077,EFT-BCBSTN-20240122
MOCK_RAD_GROUP_DEMO_ONLY,2024-01-23,2024-01-23,ACH CREDIT PAYER REMIT EFT-SELFPAY-20240122,CREDIT,8.02,36055.09,REF4768494,EFT-SELFPAY-20240122
MOCK_RAD_GROUP_DEMO_ONLY,2024-01-23,2024-01-23,ACH CREDIT PAYER REMIT EFT-TENNCARE-20240122,CREDIT,48.37,36103.46,REF1641553,EFT-TENNCARE-20240122
MOCK_RAD_GROUP_DEMO_ONLY,2024-01-24,2024-01-24,ACH CREDIT PAYER REMIT EFT-BCBSTN-20240122,CREDIT,69.75,36173.21,REF4521267,EFT-BCBSTN-20240122
MOCK_RAD_GROUP_DEMO_ONLY,2024-01-24,2024-01-24,ACH CREDIT PAYER REMIT EFT-CIGNA-20240122,CREDIT,65.66,36238.87,REF8682464,EFT-CIGNA-20240122
MOCK_RAD_GROUP_DEMO_ONLY,2024-01-24,2024-01-24,ACH CREDIT PAYER REMIT EFT-MCARE-20240122,CREDIT,101.63,36340.5,REF1780364,EFT-MCARE-20240122
MOCK_RAD_GROUP_DEMO_ONLY,2024-01-24,2024-01-24,ACH CREDIT PAYER REMIT EFT-TENNCARE-20240122,CREDIT,31.61,36372.11,REF4137237,EFT-TENNCARE-20240122
MOCK_RAD_GROUP_DEMO_ONLY,2024-01-25,2024-01-25,ACH CREDIT PAYER REMIT EFT-BCBSTN-20240122,CREDIT,154.23,36526.34,REF2713150,EFT-BCBSTN-20240122
MOCK_RAD_GROUP_DEMO_ONLY,2024-01-25,2024-01-25,ACH CREDIT PAYER REMIT EFT-CIGNA-20240122,CREDIT,58.9,36585.24,REF1258453,EFT-CIGNA-20240122
MOCK_RAD_GROUP_DEMO_ONLY,2024-01-25,2024-01-25,ACH CREDIT PAYER REMIT EFT-MCARE-20240122,CREDIT,155.74,36740.98,REF9532233,EFT-MCARE-20240122
MOCK_RAD_GROUP_DEMO_ONLY,2024-01-25,2024-01-25,ACH CREDIT PAYER REMIT EFT-TENNCARE-20240122,CREDIT,4.28,36745.26,REF4892034,EFT-TENNCARE-20240122
MOCK_RAD_GROUP_DEMO_ONLY,2024-01-25,2024-01-25,ACH CREDIT PAYER REMIT EFT-UHC-20240122,CREDIT,64.97,36810.23,REF8816435,EFT-UHC-20240122
MOCK_RAD_GROUP_DEMO_ONLY,2024-01-26,2024-01-26,ACH CREDIT PAYER REMIT EFT-BCBSTN-20240122,CREDIT,135.19,36945.42,REF7935901,EFT-BCBSTN-20240122
MOCK_RAD_GROUP_DEMO_ONLY,2024-01-26,2024-01-26,ACH CREDIT PAYER REMIT EFT-CIGNA-20240122,CREDIT,61.59,37007.01,REF2040303,EFT-CIGNA-20240122
MOCK_RAD_GROUP_DEMO_ONLY,2024-01-26,2024-01-26,ACH CREDIT PAYER REMIT EFT-UHC-20240122,CREDIT,74.96,37081.97,REF3617008,EFT-UHC-20240122
MOCK_RAD_GROUP_DEMO_ONLY,2024-01-27,2024-01-27,ACH CREDIT PAYER REMIT EFT-BCBSTN-20240122,CREDIT,155.95,37237.92,REF5913637,EFT-BCBSTN-20240122
MOCK_RAD_GROUP_DEMO_ONLY,2024-01-27,2024-01-27,ACH CREDIT PAYER REMIT EFT-CIGNA-20240122,CREDIT,172.42,37410.34,REF4021113,EFT-CIGNA-20240122
MOCK_RAD_GROUP_DEMO_ONLY,2024-01-27,2024-01-27,ACH CREDIT PAYER REMIT EFT-MCARE-20240122,CREDIT,25.21,37435.55,REF6823921,EFT-MCARE-20240122
MOCK_RAD_GROUP_DEMO_ONLY,2024-01-27,2024-01-27,ACH CREDIT PAYER REMIT EFT-UHC-20240122,CREDIT,19.17,37454.72,REF7982506,EFT-UHC-20240122
MOCK_RAD_GROUP_DEMO_ONLY,2024-01-28,2024-01-28,ACH CREDIT PAYER REMIT EFT-MCARE-20240122,CREDIT,161.25,37615.97,REF7458561,EFT-MCARE-20240122
MOCK_RAD_GROUP_DEMO_ONLY,2024-01-28,2024-01-28,ACH CREDIT PAYER REMIT EFT-TENNCARE-20240122,CREDIT,35.98,37651.95,REF3774306,EFT-TENNCARE-20240122
MOCK_RAD_GROUP_DEMO_ONLY,2024-01-29,2024-01-29,ACH CREDIT PAYER REMIT EFT-BCBSTN-20240129,CREDIT,83.78,37735.73,REF7405135,EFT-BCBSTN-20240129
MOCK_RAD_GROUP_DEMO_ONLY,2024-01-29,2024-01-29,ACH CREDIT PAYER REMIT EFT-CIGNA-20240129,CREDIT,46.95,37782.68,REF9829670,EFT-CIGNA-20240129
MOCK_RAD_GROUP_DEMO_ONLY,2024-01-29,2024-01-29,ACH CREDIT PAYER REMIT EFT-TENNCARE-20240129,CREDIT,76.47,37859.15,REF7997977,EFT-TENNCARE-20240129
MOCK_RAD_GROUP_DEMO_ONLY,2024-01-29,2024-01-29,ACH CREDIT PAYER REMIT EFT-UHC-20240129,CREDIT,17.35,37876.5,REF1666810,EFT-UHC-20240129
MOCK_RAD_GROUP_DEMO_ONLY,2024-01-30,2024-01-30,ACH CREDIT PAYER REMIT EFT-MCARE-20240129,CREDIT,103.86,37980.36,REF5403767,EFT-MCARE-20240129
MOCK_RAD_GROUP_DEMO_ONLY,2024-01-30,2024-01-30,ACH CREDIT PAYER REMIT EFT-TENNCARE-20240129,CREDIT,36.57,38016.93,REF4886723,EFT-TENNCARE-20240129
MOCK_RAD_GROUP_DEMO_ONLY,2024-01-30,2024-01-30,ACH CREDIT PAYER REMIT EFT-UHC-20240129,CREDIT,92.76,38109.69,REF7151906,EFT-UHC-20240129
MOCK_RAD_GROUP_DEMO_ONLY,2024-01-31,2024-01-31,ACH CREDIT PAYER REMIT EFT-BCBSTN-20240129,CREDIT,113.99,38223.68,REF3655384,EFT-BCBSTN-20240129
MOCK_RAD_GROUP_DEMO_ONLY,2024-01-31,2024-01-31,ACH CREDIT PAYER REMIT EFT-CIGNA-20240129,CREDIT,149.71,38373.39,REF9107622,EFT-CIGNA-20240129
MOCK_RAD_GROUP_DEMO_ONLY,2024-01-31,2024-01-31,ACH CREDIT PAYER REMIT EFT-UHC-20240129,CREDIT,60.56,38433.95,REF5969095,EFT-UHC-20240129
MOCK_RAD_GROUP_DEMO_ONLY,2024-02-01,2024-02-01,ACH CREDIT PAYER REMIT EFT-BCBSTN-20240129,CREDIT,159.59,38593.54,REF5490822,EFT-BCBSTN-20240129
MOCK_RAD_GROUP_DEMO_ONLY,2024-02-01,2024-02-01,ACH CREDIT PAYER REMIT EFT-MCARE-20240129,CREDIT,70.91,38664.45,REF2865970,EFT-MCARE-20240129
MOCK_RAD_GROUP_DEMO_ONLY,2024-02-01,2024-02-01,ACH CREDIT PAYER REMIT EFT-TENNCARE-20240129,CREDIT,19.88,38684.33,REF3762485,EFT-TENNCARE-20240129
MOCK_RAD_GROUP_DEMO_ONLY,2024-02-01,2024-02-01,ACH CREDIT PAYER REMIT EFT-UHC-20240129,CREDIT,219.49,38903.82,REF2980864,EFT-UHC-20240129
MOCK_RAD_GROUP_DEMO_ONLY,2024-02-02,2024-02-02,ACH CREDIT PAYER REMIT EFT-BCBSTN-20240129,CREDIT,132.66,39036.48,REF8854193,EFT-BCBSTN-20240129
MOCK_RAD_GROUP_DEMO_ONLY,2024-02-02,2024-02-02,ACH CREDIT PAYER REMIT EFT-TENNCARE-20240129,CREDIT,17.85,39054.33,REF2605478,EFT-TENNCARE-20240129
MOCK_RAD_GROUP_DEMO_ONLY,2024-02-03,2024-02-03,ACH CREDIT PAYER REMIT EFT-BCBSTN-20240129,CREDIT,88.05,39142.38,REF1088008,EFT-BCBSTN-20240129
MOCK_RAD_GROUP_DEMO_ONLY,2024-02-03,2024-02-03,ACH CREDIT PAYER REMIT EFT-CIGNA-20240129,CREDIT,130.09,39272.47,REF1383924,EFT-CIGNA-20240129
MOCK_RAD_GROUP_DEMO_ONLY,2024-02-03,2024-02-03,ACH CREDIT PAYER REMIT EFT-MCARE-20240129,CREDIT,31.41,39303.88,REF6677953,EFT-MCARE-20240129
MOCK_RAD_GROUP_DEMO_ONLY,2024-02-03,2024-02-03,ACH CREDIT PAYER REMIT EFT-UHC-20240129,CREDIT,114.18,39418.06,REF1966243,EFT-UHC-20240129
MOCK_RAD_GROUP_DEMO_ONLY,2024-02-04,2024-02-04,ACH CREDIT PAYER REMIT EFT-MCARE-20240129,CREDIT,70.74,39488.8,REF3564338,EFT-MCARE-20240129
MOCK_RAD_GROUP_DEMO_ONLY,2024-02-04,2024-02-04,ACH CREDIT PAYER REMIT EFT-TENNCARE-20240129,CREDIT,19.88,39508.68,REF6588602,EFT-TENNCARE-20240129
MOCK_RAD_GROUP_DEMO_ONLY,2024-02-04,2024-02-04,ACH CREDIT PAYER REMIT EFT-UHC-20240129,CREDIT,62.77,39571.45,REF7255082,EFT-UHC-20240129
MOCK_RAD_GROUP_DEMO_ONLY,2024-02-05,2024-02-05,ACH CREDIT PAYER REMIT EFT-MCARE-20240205,CREDIT,129.05,39700.5,REF5435690,EFT-MCARE-20240205
MOCK_RAD_GROUP_DEMO_ONLY,2024-02-05,2024-02-05,ACH CREDIT PAYER REMIT EFT-TENNCARE-20240205,CREDIT,29.24,39729.74,REF4096120,EFT-TENNCARE-20240205
MOCK_RAD_GROUP_DEMO_ONLY,2024-02-05,2024-02-05,ACH CREDIT PAYER REMIT EFT-UHC-20240205,CREDIT,67.44,39797.18,REF1106093,EFT-UHC-20240205
MOCK_RAD_GROUP_DEMO_ONLY,2024-02-06,2024-02-06,ACH CREDIT PAYER REMIT EFT-CIGNA-20240205,CREDIT,178.82,39976.0,REF2421559,EFT-CIGNA-20240205
MOCK_RAD_GROUP_DEMO_ONLY,2024-02-06,2024-02-06,ACH CREDIT PAYER REMIT EFT-MCARE-20240205,CREDIT,161.29,40137.29,REF2540744,EFT-MCARE-20240205
MOCK_RAD_GROUP_DEMO_ONLY,2024-02-07,2024-02-07,ACH CREDIT PAYER REMIT EFT-BCBSTN-20240205,CREDIT,264.08,40401.37,REF5432111,EFT-BCBSTN-20240205
MOCK_RAD_GROUP_DEMO_ONLY,2024-02-07,2024-02-07,ACH CREDIT PAYER REMIT EFT-MCARE-20240205,CREDIT,103.07,40504.44,REF4481659,EFT-MCARE-20240205
MOCK_RAD_GROUP_DEMO_ONLY,2024-02-07,2024-02-07,ACH CREDIT PAYER REMIT EFT-SELFPAY-20240205,CREDIT,14.61,40519.05,REF8143955,EFT-SELFPAY-20240205
MOCK_RAD_GROUP_DEMO_ONLY,2024-02-07,2024-02-07,ACH CREDIT PAYER REMIT EFT-TENNCARE-20240205,CREDIT,4.01,40523.06,REF4816753,EFT-TENNCARE-20240205
MOCK_RAD_GROUP_DEMO_ONLY,2024-02-08,2024-02-08,ACH CREDIT PAYER REMIT EFT-BCBSTN-20240205,CREDIT,472.22,40995.28,REF6982454,EFT-BCBSTN-20240205
MOCK_RAD_GROUP_DEMO_ONLY,2024-02-08,2024-02-08,ACH CREDIT PAYER REMIT EFT-TENNCARE-20240205,CREDIT,20.28,41015.56,REF5992796,EFT-TENNCARE-20240205
MOCK_RAD_GROUP_DEMO_ONLY,2024-02-08,2024-02-08,ACH CREDIT PAYER REMIT EFT-UHC-20240205,CREDIT,132.72,41148.28,REF7742881,EFT-UHC-20240205
MOCK_RAD_GROUP_DEMO_ONLY,2024-02-09,2024-02-09,ACH CREDIT PAYER REMIT EFT-CIGNA-20240205,CREDIT,136.88,41285.16,REF6943172,EFT-CIGNA-20240205
MOCK_RAD_GROUP_DEMO_ONLY,2024-02-09,2024-02-09,ACH CREDIT PAYER REMIT EFT-MCARE-20240205,CREDIT,49.83,41334.99,REF3988300,EFT-MCARE-20240205
MOCK_RAD_GROUP_DEMO_ONLY,2024-02-09,2024-02-09,ACH CREDIT PAYER REMIT EFT-TENNCARE-20240205,CREDIT,33.97,41368.96,REF9451365,EFT-TENNCARE-20240205
MOCK_RAD_GROUP_DEMO_ONLY,2024-02-10,2024-02-10,ACH CREDIT PAYER REMIT EFT-BCBSTN-20240205,CREDIT,66.49,41435.45,REF5089747,EFT-BCBSTN-20240205
MOCK_RAD_GROUP_DEMO_ONLY,2024-02-10,2024-02-10,ACH CREDIT PAYER REMIT EFT-MCARE-20240205,CREDIT,133.29,41568.74,REF7435199,EFT-MCARE-20240205
MOCK_RAD_GROUP_DEMO_ONLY,2024-02-11,2024-02-11,ACH CREDIT PAYER REMIT EFT-BCBSTN-20240205,CREDIT,95.63,41664.37,REF1118327,EFT-BCBSTN-20240205
MOCK_RAD_GROUP_DEMO_ONLY,2024-02-11,2024-02-11,ACH CREDIT PAYER REMIT EFT-CIGNA-20240205,CREDIT,175.19,41839.56,REF7075762,EFT-CIGNA-20240205
MOCK_RAD_GROUP_DEMO_ONLY,2024-02-11,2024-02-11,ACH CREDIT PAYER REMIT EFT-MCARE-20240205,CREDIT,151.23,41990.79,REF9345873,EFT-MCARE-20240205
MOCK_RAD_GROUP_DEMO_ONLY,2024-02-12,2024-02-12,ACH CREDIT PAYER REMIT EFT-BCBSTN-20240212,CREDIT,133.11,42123.9,REF9954288,EFT-BCBSTN-20240212
MOCK_RAD_GROUP_DEMO_ONLY,2024-02-12,2024-02-12,ACH CREDIT PAYER REMIT EFT-MCARE-20240212,CREDIT,5.6,42129.5,REF4379669,EFT-MCARE-20240212
MOCK_RAD_GROUP_DEMO_ONLY,2024-02-12,2024-02-12,ACH CREDIT PAYER REMIT EFT-TENNCARE-20240212,CREDIT,24.92,42154.42,REF4464132,EFT-TENNCARE-20240212
MOCK_RAD_GROUP_DEMO_ONLY,2024-02-13,2024-02-13,ACH CREDIT PAYER REMIT EFT-CIGNA-20240212,CREDIT,47.81,42202.23,REF1130776,EFT-CIGNA-20240212
MOCK_RAD_GROUP_DEMO_ONLY,2024-02-13,2024-02-13,ACH CREDIT PAYER REMIT EFT-MCARE-20240212,CREDIT,79.03,42281.26,REF9152631,EFT-MCARE-20240212
MOCK_RAD_GROUP_DEMO_ONLY,2024-02-13,2024-02-13,ACH CREDIT PAYER REMIT EFT-TENNCARE-20240212,CREDIT,17.98,42299.24,REF8025771,EFT-TENNCARE-20240212
MOCK_RAD_GROUP_DEMO_ONLY,2024-02-14,2024-02-14,ACH CREDIT PAYER REMIT EFT-BCBSTN-20240212,CREDIT,132.85,42432.09,REF2507825,EFT-BCBSTN-20240212
MOCK_RAD_GROUP_DEMO_ONLY,2024-02-14,2024-02-14,ACH CREDIT PAYER REMIT EFT-CIGNA-20240212,CREDIT,104.61,42536.7,REF2842907,EFT-CIGNA-20240212
MOCK_RAD_GROUP_DEMO_ONLY,2024-02-14,2024-02-14,ACH CREDIT PAYER REMIT EFT-TENNCARE-20240212,CREDIT,21.23,42557.93,REF5008055,EFT-TENNCARE-20240212
MOCK_RAD_GROUP_DEMO_ONLY,2024-02-15,2024-02-15,ACH CREDIT PAYER REMIT EFT-BCBSTN-20240212,CREDIT,123.6,42681.53,REF8889005,EFT-BCBSTN-20240212
MOCK_RAD_GROUP_DEMO_ONLY,2024-02-15,2024-02-15,ACH CREDIT PAYER REMIT EFT-MCARE-20240212,CREDIT,90.89,42772.42,REF1775397,EFT-MCARE-20240212
MOCK_RAD_GROUP_DEMO_ONLY,2024-02-16,2024-02-16,ACH CREDIT PAYER REMIT EFT-CIGNA-20240212,CREDIT,121.03,42893.45,REF1151092,EFT-CIGNA-20240212
MOCK_RAD_GROUP_DEMO_ONLY,2024-02-16,2024-02-16,ACH CREDIT PAYER REMIT EFT-MCARE-20240212,CREDIT,105.26,42998.71,REF3674179,EFT-MCARE-20240212
MOCK_RAD_GROUP_DEMO_ONLY,2024-02-16,2024-02-16,ACH CREDIT PAYER REMIT EFT-SELFPAY-20240212,CREDIT,7.52,43006.23,REF8783383,EFT-SELFPAY-20240212
MOCK_RAD_GROUP_DEMO_ONLY,2024-02-16,2024-02-16,ACH CREDIT PAYER REMIT EFT-TENNCARE-20240212,CREDIT,24.95,43031.18,REF4316456,EFT-TENNCARE-20240212
MOCK_RAD_GROUP_DEMO_ONLY,2024-02-17,2024-02-17,ACH CREDIT PAYER REMIT EFT-MCARE-20240212,CREDIT,130.52,43161.7,REF1986801,EFT-MCARE-20240212
MOCK_RAD_GROUP_DEMO_ONLY,2024-02-17,2024-02-17,ACH CREDIT PAYER REMIT EFT-SELFPAY-20240212,CREDIT,34.74,43196.44,REF2188943,EFT-SELFPAY-20240212
MOCK_RAD_GROUP_DEMO_ONLY,2024-02-18,2024-02-18,ACH CREDIT PAYER REMIT EFT-CIGNA-20240212,CREDIT,244.29,43440.73,REF2196419,EFT-CIGNA-20240212
MOCK_RAD_GROUP_DEMO_ONLY,2024-02-18,2024-02-18,ACH CREDIT PAYER REMIT EFT-MCARE-20240212,CREDIT,24.73,43465.46,REF5617026,EFT-MCARE-20240212
MOCK_RAD_GROUP_DEMO_ONLY,2024-02-18,2024-02-18,ACH CREDIT PAYER REMIT EFT-SELFPAY-20240212,CREDIT,1.19,43466.65,REF9651107,EFT-SELFPAY-20240212
MOCK_RAD_GROUP_DEMO_ONLY,2024-02-18,2024-02-18,ACH CREDIT PAYER REMIT EFT-UHC-20240212,CREDIT,96.2,43562.85,REF3607492,EFT-UHC-20240212
MOCK_RAD_GROUP_DEMO_ONLY,2024-02-18,2024-02-18,ACCOUNT ANALYSIS FEE,DEBIT,-147.88,43414.97,REF4094750,
MOCK_RAD_GROUP_DEMO_ONLY,2024-02-18,2024-02-18,BOOK TRANSFER TO OPERATING 8841,DEBIT,-6411.13,37003.84,REF6115517,
MOCK_RAD_GROUP_DEMO_ONLY,2024-02-19,2024-02-19,ACH CREDIT PAYER REMIT EFT-BCBSTN-20240219,CREDIT,131.88,37135.72,REF9948109,EFT-BCBSTN-20240219
MOCK_RAD_GROUP_DEMO_ONLY,2024-02-19,2024-02-19,ACH CREDIT PAYER REMIT EFT-CIGNA-20240219,CREDIT,54.19,37189.91,REF3019791,EFT-CIGNA-20240219
MOCK_RAD_GROUP_DEMO_ONLY,2024-02-19,2024-02-19,ACH CREDIT PAYER REMIT EFT-MCARE-20240219,CREDIT,25.65,37215.56,REF8586883,EFT-MCARE-20240219
MOCK_RAD_GROUP_DEMO_ONLY,2024-02-19,2024-02-19,ACH CREDIT PAYER REMIT EFT-TENNCARE-20240219,CREDIT,25.12,37240.68,REF3754345,EFT-TENNCARE-20240219
MOCK_RAD_GROUP_DEMO_ONLY,2024-02-19,2024-02-19,ACH CREDIT PAYER REMIT EFT-UHC-20240219,CREDIT,301.22,37541.9,REF2671552,EFT-UHC-20240219
MOCK_RAD_GROUP_DEMO_ONLY,2024-02-20,2024-02-20,ACH CREDIT PAYER REMIT EFT-MCARE-20240219,CREDIT,22.64,37564.54,REF4163417,EFT-MCARE-20240219
MOCK_RAD_GROUP_DEMO_ONLY,2024-02-21,2024-02-21,ACH CREDIT PAYER REMIT EFT-CIGNA-20240219,CREDIT,111.36,37675.9,REF2127901,EFT-CIGNA-20240219
MOCK_RAD_GROUP_DEMO_ONLY,2024-02-21,2024-02-21,ACH CREDIT PAYER REMIT EFT-MCARE-20240219,CREDIT,69.98,37745.88,REF9573768,EFT-MCARE-20240219
MOCK_RAD_GROUP_DEMO_ONLY,2024-02-22,2024-02-22,ACH CREDIT PAYER REMIT EFT-MCARE-20240219,CREDIT,60.38,37806.26,REF9556611,EFT-MCARE-20240219
MOCK_RAD_GROUP_DEMO_ONLY,2024-02-22,2024-02-22,ACH CREDIT PAYER REMIT EFT-UHC-20240219,CREDIT,151.68,37957.94,REF6852192,EFT-UHC-20240219
MOCK_RAD_GROUP_DEMO_ONLY,2024-02-22,2024-02-22,INTEREST CREDIT,CREDIT,18.42,37976.36,REF1562104,
MOCK_RAD_GROUP_DEMO_ONLY,2024-02-23,2024-02-23,ACH CREDIT PAYER REMIT EFT-CIGNA-20240219,CREDIT,77.1,38053.46,REF2310796,EFT-CIGNA-20240219
MOCK_RAD_GROUP_DEMO_ONLY,2024-02-23,2024-02-23,ACH CREDIT PAYER REMIT EFT-MCARE-20240219,CREDIT,19.56,38073.02,REF5063010,EFT-MCARE-20240219
MOCK_RAD_GROUP_DEMO_ONLY,2024-02-24,2024-02-24,ACH CREDIT PAYER REMIT EFT-BCBSTN-20240219,CREDIT,461.65,38534.67,REF6995716,EFT-BCBSTN-20240219
MOCK_RAD_GROUP_DEMO_ONLY,2024-02-24,2024-02-24,ACH CREDIT PAYER REMIT EFT-MCARE-20240219,CREDIT,97.93,38632.6,REF4410925,EFT-MCARE-20240219
MOCK_RAD_GROUP_DEMO_ONLY,2024-02-24,2024-02-24,ACH CREDIT PAYER REMIT EFT-UHC-20240219,CREDIT,117.63,38750.23,REF7861994,EFT-UHC-20240219
MOCK_RAD_GROUP_DEMO_ONLY,2024-02-25,2024-02-25,ACH CREDIT PAYER REMIT EFT-BCBSTN-20240219,CREDIT,220.14,38970.37,REF5055069,EFT-BCBSTN-20240219
MOCK_RAD_GROUP_DEMO_ONLY,2024-02-25,2024-02-25,ACH CREDIT PAYER REMIT EFT-CIGNA-20240219,CREDIT,278.12,39248.49,REF1837533,EFT-CIGNA-20240219
MOCK_RAD_GROUP_DEMO_ONLY,2024-02-25,2024-02-25,ACH CREDIT PAYER REMIT EFT-TENNCARE-20240219,CREDIT,24.89,39273.38,REF6858560,EFT-TENNCARE-20240219
MOCK_RAD_GROUP_DEMO_ONLY,2024-02-26,2024-02-26,ACH CREDIT PAYER REMIT EFT-BCBSTN-20240226,CREDIT,118.27,39391.65,REF5818405,EFT-BCBSTN-20240226
MOCK_RAD_GROUP_DEMO_ONLY,2024-02-26,2024-02-26,ACH CREDIT PAYER REMIT EFT-UHC-20240226,CREDIT,18.99,39410.64,REF6843019,EFT-UHC-20240226
MOCK_RAD_GROUP_DEMO_ONLY,2024-02-27,2024-02-27,ACH CREDIT PAYER REMIT EFT-BCBSTN-20240226,CREDIT,196.22,39606.86,REF3640104,EFT-BCBSTN-20240226
MOCK_RAD_GROUP_DEMO_ONLY,2024-02-27,2024-02-27,ACH CREDIT PAYER REMIT EFT-CIGNA-20240226,CREDIT,134.54,39741.4,REF3213673,EFT-CIGNA-20240226
MOCK_RAD_GROUP_DEMO_ONLY,2024-02-27,2024-02-27,ACH CREDIT PAYER REMIT EFT-MCARE-20240226,CREDIT,40.52,39781.92,REF6767332,EFT-MCARE-20240226
MOCK_RAD_GROUP_DEMO_ONLY,2024-02-27,2024-02-27,ACH CREDIT PAYER REMIT EFT-TENNCARE-20240226,CREDIT,28.92,39810.84,REF6980266,EFT-TENNCARE-20240226
MOCK_RAD_GROUP_DEMO_ONLY,2024-02-28,2024-02-28,ACH CREDIT PAYER REMIT EFT-BCBSTN-20240226,CREDIT,342.73,40153.57,REF9205002,EFT-BCBSTN-20240226
MOCK_RAD_GROUP_DEMO_ONLY,2024-02-28,2024-02-28,ACH CREDIT PAYER REMIT EFT-UHC-20240226,CREDIT,66.39,40219.96,REF1250874,EFT-UHC-20240226
MOCK_RAD_GROUP_DEMO_ONLY,2024-02-29,2024-02-29,ACH CREDIT PAYER REMIT EFT-BCBSTN-20240226,CREDIT,240.47,40460.43,REF7204889,EFT-BCBSTN-20240226
MOCK_RAD_GROUP_DEMO_ONLY,2024-02-29,2024-02-29,ACH CREDIT PAYER REMIT EFT-CIGNA-20240226,CREDIT,200.43,40660.86,REF1278631,EFT-CIGNA-20240226
MOCK_RAD_GROUP_DEMO_ONLY,2024-02-29,2024-02-29,ACH CREDIT PAYER REMIT EFT-MCARE-20240226,CREDIT,143.47,40804.33,REF2719905,EFT-MCARE-20240226
MOCK_RAD_GROUP_DEMO_ONLY,2024-02-29,2024-02-29,ACH CREDIT PAYER REMIT EFT-TENNCARE-20240226,CREDIT,56.36,40860.69,REF8143692,EFT-TENNCARE-20240226
MOCK_RAD_GROUP_DEMO_ONLY,2024-02-29,2024-02-29,ACH CREDIT PAYER REMIT EFT-UHC-20240226,CREDIT,191.43,41052.12,REF1044207,EFT-UHC-20240226
MOCK_RAD_GROUP_DEMO_ONLY,2024-03-01,2024-03-01,ACH CREDIT PAYER REMIT EFT-BCBSTN-20240226,CREDIT,321.09,41373.21,REF4876668,EFT-BCBSTN-20240226
MOCK_RAD_GROUP_DEMO_ONLY,2024-03-01,2024-03-01,ACH CREDIT PAYER REMIT EFT-TENNCARE-20240226,CREDIT,13.06,41386.27,REF5956045,EFT-TENNCARE-20240226
MOCK_RAD_GROUP_DEMO_ONLY,2024-03-01,2024-03-01,ACH CREDIT PAYER REMIT EFT-UHC-20240226,CREDIT,182.07,41568.34,REF2953296,EFT-UHC-20240226
MOCK_RAD_GROUP_DEMO_ONLY,2024-03-02,2024-03-02,ACH CREDIT PAYER REMIT EFT-BCBSTN-20240226,CREDIT,16.9,41585.24,REF1988514,EFT-BCBSTN-20240226
MOCK_RAD_GROUP_DEMO_ONLY,2024-03-02,2024-03-02,ACH CREDIT PAYER REMIT EFT-MCARE-20240226,CREDIT,97.5,41682.74,REF3141847,EFT-MCARE-20240226
MOCK_RAD_GROUP_DEMO_ONLY,2024-03-02,2024-03-02,ACH CREDIT PAYER REMIT EFT-UHC-20240226,CREDIT,119.51,41802.25,REF1634693,EFT-UHC-20240226
MOCK_RAD_GROUP_DEMO_ONLY,2024-03-03,2024-03-03,ACH CREDIT PAYER REMIT EFT-BCBSTN-20240226,CREDIT,128.25,41930.5,REF5588684,EFT-BCBSTN-20240226
MOCK_RAD_GROUP_DEMO_ONLY,2024-03-03,2024-03-03,ACH CREDIT PAYER REMIT EFT-CIGNA-20240226,CREDIT,126.13,42056.63,REF1966168,EFT-CIGNA-20240226
MOCK_RAD_GROUP_DEMO_ONLY,2024-03-03,2024-03-03,ACH CREDIT PAYER REMIT EFT-MCARE-20240226,CREDIT,121.04,42177.67,REF5752554,EFT-MCARE-20240226
MOCK_RAD_GROUP_DEMO_ONLY,2024-03-03,2024-03-03,ACH CREDIT PAYER REMIT EFT-TENNCARE-20240226,CREDIT,16.32,42193.99,REF7999426,EFT-TENNCARE-20240226
MOCK_RAD_GROUP_DEMO_ONLY,2024-03-04,2024-03-04,ACH CREDIT PAYER REMIT EFT-CIGNA-20240304,CREDIT,254.28,42448.27,REF8573305,EFT-CIGNA-20240304
MOCK_RAD_GROUP_DEMO_ONLY,2024-03-04,2024-03-04,ACH CREDIT PAYER REMIT EFT-MCARE-20240304,CREDIT,148.13,42596.4,REF6969236,EFT-MCARE-20240304
MOCK_RAD_GROUP_DEMO_ONLY,2024-03-04,2024-03-04,ACH CREDIT PAYER REMIT EFT-TENNCARE-20240304,CREDIT,28.06,42624.46,REF5662360,EFT-TENNCARE-20240304
MOCK_RAD_GROUP_DEMO_ONLY,2024-03-04,2024-03-04,ACH CREDIT PAYER REMIT EFT-UHC-20240304,CREDIT,103.96,42728.42,REF8067655,EFT-UHC-20240304
MOCK_RAD_GROUP_DEMO_ONLY,2024-03-05,2024-03-05,ACH CREDIT PAYER REMIT EFT-BCBSTN-20240304,CREDIT,166.83,42895.25,REF6741617,EFT-BCBSTN-20240304
MOCK_RAD_GROUP_DEMO_ONLY,2024-03-05,2024-03-05,ACH CREDIT PAYER REMIT EFT-CIGNA-20240304,CREDIT,108.42,43003.67,REF5792555,EFT-CIGNA-20240304
MOCK_RAD_GROUP_DEMO_ONLY,2024-03-05,2024-03-05,ACH CREDIT PAYER REMIT EFT-MCARE-20240304,CREDIT,114.31,43117.98,REF1011699,EFT-MCARE-20240304
MOCK_RAD_GROUP_DEMO_ONLY,2024-03-05,2024-03-05,ACH CREDIT PAYER REMIT EFT-TENNCARE-20240304,CREDIT,14.12,43132.1,REF7277755,EFT-TENNCARE-20240304
MOCK_RAD_GROUP_DEMO_ONLY,2024-03-05,2024-03-05,ACH CREDIT PAYER REMIT EFT-UHC-20240304,CREDIT,129.57,43261.67,REF5147000,EFT-UHC-20240304
MOCK_RAD_GROUP_DEMO_ONLY,2024-03-06,2024-03-06,ACH CREDIT PAYER REMIT EFT-CIGNA-20240304,CREDIT,88.27,43349.94,REF9197474,EFT-CIGNA-20240304
MOCK_RAD_GROUP_DEMO_ONLY,2024-03-06,2024-03-06,ACH CREDIT PAYER REMIT EFT-MCARE-20240304,CREDIT,105.24,43455.18,REF6364689,EFT-MCARE-20240304
MOCK_RAD_GROUP_DEMO_ONLY,2024-03-07,2024-03-07,ACH CREDIT PAYER REMIT EFT-BCBSTN-20240304,CREDIT,186.06,43641.24,REF3223546,EFT-BCBSTN-20240304
MOCK_RAD_GROUP_DEMO_ONLY,2024-03-07,2024-03-07,ACH CREDIT PAYER REMIT EFT-MCARE-20240304,CREDIT,46.35,43687.59,REF2844285,EFT-MCARE-20240304
MOCK_RAD_GROUP_DEMO_ONLY,2024-03-07,2024-03-07,ACH CREDIT PAYER REMIT EFT-UHC-20240304,CREDIT,264.6,43952.19,REF9777925,EFT-UHC-20240304
MOCK_RAD_GROUP_DEMO_ONLY,2024-03-08,2024-03-08,ACH CREDIT PAYER REMIT EFT-TENNCARE-20240304,CREDIT,31.31,43983.5,REF2960611,EFT-TENNCARE-20240304
MOCK_RAD_GROUP_DEMO_ONLY,2024-03-09,2024-03-09,ACH CREDIT PAYER REMIT EFT-CIGNA-20240304,CREDIT,71.8,44055.3,REF7793589,EFT-CIGNA-20240304
MOCK_RAD_GROUP_DEMO_ONLY,2024-03-09,2024-03-09,ACH CREDIT PAYER REMIT EFT-MCARE-20240304,CREDIT,9.0,44064.3,REF1583501,EFT-MCARE-20240304
MOCK_RAD_GROUP_DEMO_ONLY,2024-03-09,2024-03-09,ACH CREDIT PAYER REMIT EFT-TENNCARE-20240304,CREDIT,24.29,44088.59,REF5738763,EFT-TENNCARE-20240304
MOCK_RAD_GROUP_DEMO_ONLY,2024-03-09,2024-03-09,ACH CREDIT PAYER REMIT EFT-UHC-20240304,CREDIT,471.3,44559.89,REF8026825,EFT-UHC-20240304
MOCK_RAD_GROUP_DEMO_ONLY,2024-03-10,2024-03-10,ACH CREDIT PAYER REMIT EFT-BCBSTN-20240304,CREDIT,177.98,44737.87,REF3188818,EFT-BCBSTN-20240304
MOCK_RAD_GROUP_DEMO_ONLY,2024-03-10,2024-03-10,ACH CREDIT PAYER REMIT EFT-CIGNA-20240304,CREDIT,274.97,45012.84,REF2236189,EFT-CIGNA-20240304
MOCK_RAD_GROUP_DEMO_ONLY,2024-03-10,2024-03-10,ACH CREDIT PAYER REMIT EFT-MCARE-20240304,CREDIT,90.26,45103.1,REF1891541,EFT-MCARE-20240304
MOCK_RAD_GROUP_DEMO_ONLY,2024-03-10,2024-03-10,ACH CREDIT PAYER REMIT EFT-UHC-20240304,CREDIT,18.44,45121.54,REF8936815,EFT-UHC-20240304
MOCK_RAD_GROUP_DEMO_ONLY,2024-03-11,2024-03-11,ACH CREDIT PAYER REMIT EFT-BCBSTN-20240311,CREDIT,210.52,45332.06,REF8439223,EFT-BCBSTN-20240311
MOCK_RAD_GROUP_DEMO_ONLY,2024-03-11,2024-03-11,ACH CREDIT PAYER REMIT EFT-CIGNA-20240311,CREDIT,51.14,45383.2,REF4157270,EFT-CIGNA-20240311
MOCK_RAD_GROUP_DEMO_ONLY,2024-03-11,2024-03-11,ACH CREDIT PAYER REMIT EFT-MCARE-20240311,CREDIT,52.91,45436.11,REF3739840,EFT-MCARE-20240311
MOCK_RAD_GROUP_DEMO_ONLY,2024-03-11,2024-03-11,ACH CREDIT PAYER REMIT EFT-TENNCARE-20240311,CREDIT,37.03,45473.14,REF6287999,EFT-TENNCARE-20240311
MOCK_RAD_GROUP_DEMO_ONLY,2024-03-11,2024-03-11,ACH CREDIT PAYER REMIT EFT-UHC-20240311,CREDIT,128.85,45601.99,REF1659218,EFT-UHC-20240311
MOCK_RAD_GROUP_DEMO_ONLY,2024-03-12,2024-03-12,ACH CREDIT PAYER REMIT EFT-MCARE-20240311,CREDIT,74.62,45676.61,REF2393556,EFT-MCARE-20240311
MOCK_RAD_GROUP_DEMO_ONLY,2024-03-12,2024-03-12,ACH CREDIT PAYER REMIT EFT-UHC-20240311,CREDIT,76.04,45752.65,REF7796882,EFT-UHC-20240311
MOCK_RAD_GROUP_DEMO_ONLY,2024-03-13,2024-03-13,ACH CREDIT PAYER REMIT EFT-BCBSTN-20240311,CREDIT,301.88,46054.53,REF3909427,EFT-BCBSTN-20240311
MOCK_RAD_GROUP_DEMO_ONLY,2024-03-13,2024-03-13,ACH CREDIT PAYER REMIT EFT-MCARE-20240311,CREDIT,49.45,46103.98,REF8527940,EFT-MCARE-20240311
MOCK_RAD_GROUP_DEMO_ONLY,2024-03-13,2024-03-13,ACH CREDIT PAYER REMIT EFT-UHC-20240311,CREDIT,154.48,46258.46,REF9233348,EFT-UHC-20240311
MOCK_RAD_GROUP_DEMO_ONLY,2024-03-14,2024-03-14,ACH CREDIT PAYER REMIT EFT-TENNCARE-20240311,CREDIT,58.28,46316.74,REF1568044,EFT-TENNCARE-20240311
MOCK_RAD_GROUP_DEMO_ONLY,2024-03-15,2024-03-15,ACH CREDIT PAYER REMIT EFT-BCBSTN-20240311,CREDIT,176.08,46492.82,REF9229038,EFT-BCBSTN-20240311
MOCK_RAD_GROUP_DEMO_ONLY,2024-03-15,2024-03-15,ACH CREDIT PAYER REMIT EFT-MCARE-20240311,CREDIT,22.11,46514.93,REF4480881,EFT-MCARE-20240311
MOCK_RAD_GROUP_DEMO_ONLY,2024-03-15,2024-03-15,ACH CREDIT PAYER REMIT EFT-SELFPAY-20240311,CREDIT,4.85,46519.78,REF3864231,EFT-SELFPAY-20240311
MOCK_RAD_GROUP_DEMO_ONLY,2024-03-15,2024-03-15,ACH CREDIT PAYER REMIT EFT-TENNCARE-20240311,CREDIT,24.0,46543.78,REF9700444,EFT-TENNCARE-20240311
MOCK_RAD_GROUP_DEMO_ONLY,2024-03-16,2024-03-16,ACH CREDIT PAYER REMIT EFT-BCBSTN-20240311,CREDIT,181.5,46725.28,REF3356579,EFT-BCBSTN-20240311
MOCK_RAD_GROUP_DEMO_ONLY,2024-03-16,2024-03-16,ACH CREDIT PAYER REMIT EFT-TENNCARE-20240311,CREDIT,3.58,46728.86,REF8656862,EFT-TENNCARE-20240311
MOCK_RAD_GROUP_DEMO_ONLY,2024-03-16,2024-03-16,ACH CREDIT PAYER REMIT EFT-UHC-20240311,CREDIT,327.89,47056.75,REF1878966,EFT-UHC-20240311
MOCK_RAD_GROUP_DEMO_ONLY,2024-03-16,2024-03-16,INTEREST CREDIT,CREDIT,11.43,47068.18,REF5024878,
MOCK_RAD_GROUP_DEMO_ONLY,2024-03-17,2024-03-17,ACH CREDIT PAYER REMIT EFT-BCBSTN-20240311,CREDIT,110.52,47178.7,REF8443116,EFT-BCBSTN-20240311
MOCK_RAD_GROUP_DEMO_ONLY,2024-03-17,2024-03-17,ACH CREDIT PAYER REMIT EFT-CIGNA-20240311,CREDIT,267.51,47446.21,REF4023594,EFT-CIGNA-20240311
MOCK_RAD_GROUP_DEMO_ONLY,2024-03-17,2024-03-17,ACH CREDIT PAYER REMIT EFT-MCARE-20240311,CREDIT,54.74,47500.95,REF1917566,EFT-MCARE-20240311
MOCK_RAD_GROUP_DEMO_ONLY,2024-03-17,2024-03-17,ACH CREDIT PAYER REMIT EFT-TENNCARE-20240311,CREDIT,10.16,47511.11,REF5362829,EFT-TENNCARE-20240311
MOCK_RAD_GROUP_DEMO_ONLY,2024-03-18,2024-03-18,ACH CREDIT PAYER REMIT EFT-BCBSTN-20240318,CREDIT,391.05,47902.16,REF7357159,EFT-BCBSTN-20240318
MOCK_RAD_GROUP_DEMO_ONLY,2024-03-18,2024-03-18,ACH CREDIT PAYER REMIT EFT-SELFPAY-20240318,CREDIT,13.9,47916.06,REF5200724,EFT-SELFPAY-20240318
MOCK_RAD_GROUP_DEMO_ONLY,2024-03-18,2024-03-18,ACH CREDIT PAYER REMIT EFT-TENNCARE-20240318,CREDIT,16.09,47932.15,REF8996832,EFT-TENNCARE-20240318
MOCK_RAD_GROUP_DEMO_ONLY,2024-03-18,2024-03-18,ACCOUNT ANALYSIS FEE,DEBIT,-82.28,47849.87,REF7773831,
MOCK_RAD_GROUP_DEMO_ONLY,2024-03-18,2024-03-18,BOOK TRANSFER TO OPERATING 8841,DEBIT,-7174.52,40675.35,REF6529450,
MOCK_RAD_GROUP_DEMO_ONLY,2024-03-19,2024-03-19,ACH CREDIT PAYER REMIT EFT-BCBSTN-20240318,CREDIT,103.27,40778.62,REF4174045,EFT-BCBSTN-20240318
MOCK_RAD_GROUP_DEMO_ONLY,2024-03-19,2024-03-19,ACH CREDIT PAYER REMIT EFT-MCARE-20240318,CREDIT,123.49,40902.11,REF1472477,EFT-MCARE-20240318
MOCK_RAD_GROUP_DEMO_ONLY,2024-03-19,2024-03-19,ACH CREDIT PAYER REMIT EFT-TENNCARE-20240318,CREDIT,58.59,40960.7,REF2388491,EFT-TENNCARE-20240318
MOCK_RAD_GROUP_DEMO_ONLY,2024-03-19,2024-03-19,ACH CREDIT PAYER REMIT EFT-UHC-20240318,CREDIT,115.07,41075.77,REF5623363,EFT-UHC-20240318
MOCK_RAD_GROUP_DEMO_ONLY,2024-03-20,2024-03-20,ACH CREDIT PAYER REMIT EFT-BCBSTN-20240318,CREDIT,154.77,41230.54,REF3414383,EFT-BCBSTN-20240318
MOCK_RAD_GROUP_DEMO_ONLY,2024-03-20,2024-03-20,ACH CREDIT PAYER REMIT EFT-TENNCARE-20240318,CREDIT,42.73,41273.27,REF2840316,EFT-TENNCARE-20240318
MOCK_RAD_GROUP_DEMO_ONLY,2024-03-21,2024-03-21,ACH CREDIT PAYER REMIT EFT-BCBSTN-20240318,CREDIT,297.57,41570.84,REF3569579,EFT-BCBSTN-20240318
MOCK_RAD_GROUP_DEMO_ONLY,2024-03-21,2024-03-21,ACH CREDIT PAYER REMIT EFT-MCARE-20240318,CREDIT,65.97,41636.81,REF5153479,EFT-MCARE-20240318
MOCK_RAD_GROUP_DEMO_ONLY,2024-03-21,2024-03-21,ACH CREDIT PAYER REMIT EFT-TENNCARE-20240318,CREDIT,15.82,41652.63,REF9594379,EFT-TENNCARE-20240318
MOCK_RAD_GROUP_DEMO_ONLY,2024-03-21,2024-03-21,ACH CREDIT PAYER REMIT EFT-UHC-20240318,CREDIT,56.84,41709.47,REF5939587,EFT-UHC-20240318
MOCK_RAD_GROUP_DEMO_ONLY,2024-03-22,2024-03-22,ACH CREDIT PAYER REMIT EFT-BCBSTN-20240318,CREDIT,335.09,42044.56,REF7709879,EFT-BCBSTN-20240318
MOCK_RAD_GROUP_DEMO_ONLY,2024-03-22,2024-03-22,ACH CREDIT PAYER REMIT EFT-CIGNA-20240318,CREDIT,142.91,42187.47,REF8610206,EFT-CIGNA-20240318
MOCK_RAD_GROUP_DEMO_ONLY,2024-03-22,2024-03-22,ACH CREDIT PAYER REMIT EFT-MCARE-20240318,CREDIT,55.74,42243.21,REF8239581,EFT-MCARE-20240318
MOCK_RAD_GROUP_DEMO_ONLY,2024-03-22,2024-03-22,ACH CREDIT PAYER REMIT EFT-TENNCARE-20240318,CREDIT,56.75,42299.96,REF1296305,EFT-TENNCARE-20240318
MOCK_RAD_GROUP_DEMO_ONLY,2024-03-23,2024-03-23,ACH CREDIT PAYER REMIT EFT-CIGNA-20240318,CREDIT,146.2,42446.16,REF6748817,EFT-CIGNA-20240318
MOCK_RAD_GROUP_DEMO_ONLY,2024-03-23,2024-03-23,ACH CREDIT PAYER REMIT EFT-MCARE-20240318,CREDIT,118.79,42564.95,REF6530626,EFT-MCARE-20240318
MOCK_RAD_GROUP_DEMO_ONLY,2024-03-23,2024-03-23,ACH CREDIT PAYER REMIT EFT-UHC-20240318,CREDIT,148.11,42713.06,REF6655628,EFT-UHC-20240318
MOCK_RAD_GROUP_DEMO_ONLY,2024-03-24,2024-03-24,ACH CREDIT PAYER REMIT EFT-MCARE-20240318,CREDIT,82.45,42795.51,REF4496523,EFT-MCARE-20240318
MOCK_RAD_GROUP_DEMO_ONLY,2024-03-24,2024-03-24,ACH CREDIT PAYER REMIT EFT-TENNCARE-20240318,CREDIT,11.17,42806.68,REF3546726,EFT-TENNCARE-20240318
MOCK_RAD_GROUP_DEMO_ONLY,2024-03-25,2024-03-25,ACH CREDIT PAYER REMIT EFT-BCBSTN-20240325,CREDIT,145.64,42952.32,REF6966165,EFT-BCBSTN-20240325
MOCK_RAD_GROUP_DEMO_ONLY,2024-03-25,2024-03-25,ACH CREDIT PAYER REMIT EFT-CIGNA-20240325,CREDIT,106.72,43059.04,REF7315655,EFT-CIGNA-20240325
MOCK_RAD_GROUP_DEMO_ONLY,2024-03-25,2024-03-25,ACH CREDIT PAYER REMIT EFT-SELFPAY-20240325,CREDIT,20.29,43079.33,REF9748867,EFT-SELFPAY-20240325
MOCK_RAD_GROUP_DEMO_ONLY,2024-03-25,2024-03-25,ACH CREDIT PAYER REMIT EFT-TENNCARE-20240325,CREDIT,38.97,43118.3,REF3910399,EFT-TENNCARE-20240325
MOCK_RAD_GROUP_DEMO_ONLY,2024-03-26,2024-03-26,ACH CREDIT PAYER REMIT EFT-MCARE-20240325,CREDIT,91.13,43209.43,REF7656095,EFT-MCARE-20240325
MOCK_RAD_GROUP_DEMO_ONLY,2024-03-26,2024-03-26,ACH CREDIT PAYER REMIT EFT-TENNCARE-20240325,CREDIT,28.12,43237.55,REF5966816,EFT-TENNCARE-20240325
MOCK_RAD_GROUP_DEMO_ONLY,2024-03-27,2024-03-27,ACH CREDIT PAYER REMIT EFT-TENNCARE-20240325,CREDIT,37.84,43275.39,REF5299035,EFT-TENNCARE-20240325
MOCK_RAD_GROUP_DEMO_ONLY,2024-03-27,2024-03-27,ACH CREDIT PAYER REMIT EFT-UHC-20240325,CREDIT,120.85,43396.24,REF9335886,EFT-UHC-20240325
MOCK_RAD_GROUP_DEMO_ONLY,2024-03-28,2024-03-28,ACH CREDIT PAYER REMIT EFT-MCARE-20240325,CREDIT,53.84,43450.08,REF1706064,EFT-MCARE-20240325
MOCK_RAD_GROUP_DEMO_ONLY,2024-03-28,2024-03-28,ACH CREDIT PAYER REMIT EFT-TENNCARE-20240325,CREDIT,25.41,43475.49,REF1345718,EFT-TENNCARE-20240325
MOCK_RAD_GROUP_DEMO_ONLY,2024-03-28,2024-03-28,ACH CREDIT PAYER REMIT EFT-UHC-20240325,CREDIT,93.16,43568.65,REF7576412,EFT-UHC-20240325
MOCK_RAD_GROUP_DEMO_ONLY,2024-03-29,2024-03-29,ACH CREDIT PAYER REMIT EFT-BCBSTN-20240325,CREDIT,132.68,43701.33,REF4049246,EFT-BCBSTN-20240325
MOCK_RAD_GROUP_DEMO_ONLY,2024-03-29,2024-03-29,ACH CREDIT PAYER REMIT EFT-CIGNA-20240325,CREDIT,14.36,43715.69,REF4014962,EFT-CIGNA-20240325
MOCK_RAD_GROUP_DEMO_ONLY,2024-03-29,2024-03-29,ACH CREDIT PAYER REMIT EFT-UHC-20240325,CREDIT,15.07,43730.76,REF2779176,EFT-UHC-20240325
MOCK_RAD_GROUP_DEMO_ONLY,2024-03-30,2024-03-30,ACH CREDIT PAYER REMIT EFT-BCBSTN-20240325,CREDIT,56.87,43787.63,REF5525020,EFT-BCBSTN-20240325
MOCK_RAD_GROUP_DEMO_ONLY,2024-03-30,2024-03-30,ACH CREDIT PAYER REMIT EFT-MCARE-20240325,CREDIT,11.97,43799.6,REF1284119,EFT-MCARE-20240325
MOCK_RAD_GROUP_DEMO_ONLY,2024-03-30,2024-03-30,ACH CREDIT PAYER REMIT EFT-SELFPAY-20240325,CREDIT,0.53,43800.13,REF7901832,EFT-SELFPAY-20240325
MOCK_RAD_GROUP_DEMO_ONLY,2024-03-30,2024-03-30,ACH CREDIT PAYER REMIT EFT-UHC-20240325,CREDIT,35.1,43835.23,REF3538420,EFT-UHC-20240325
MOCK_RAD_GROUP_DEMO_ONLY,2024-03-31,2024-03-31,ACH CREDIT PAYER REMIT EFT-CIGNA-20240325,CREDIT,191.31,44026.54,REF9498559,EFT-CIGNA-20240325
MOCK_RAD_GROUP_DEMO_ONLY,2024-03-31,2024-03-31,ACH CREDIT PAYER REMIT EFT-MCARE-20240325,CREDIT,29.52,44056.06,REF3733815,EFT-MCARE-20240325
MOCK_RAD_GROUP_DEMO_ONLY,2024-04-01,2024-04-01,ACH CREDIT PAYER REMIT EFT-MCARE-20240401,CREDIT,72.02,44128.08,REF1322313,EFT-MCARE-20240401
MOCK_RAD_GROUP_DEMO_ONLY,2024-04-01,2024-04-01,ACH CREDIT PAYER REMIT EFT-TENNCARE-20240401,CREDIT,51.0,44179.08,REF6918092,EFT-TENNCARE-20240401
MOCK_RAD_GROUP_DEMO_ONLY,2024-04-01,2024-04-01,ACH CREDIT PAYER REMIT EFT-UHC-20240401,CREDIT,359.65,44538.73,REF3069941,EFT-UHC-20240401
MOCK_RAD_GROUP_DEMO_ONLY,2024-04-02,2024-04-02,ACH CREDIT PAYER REMIT EFT-MCARE-20240401,CREDIT,70.1,44608.83,REF7858893,EFT-MCARE-20240401
MOCK_RAD_GROUP_DEMO_ONLY,2024-04-02,2024-04-02,ACH CREDIT PAYER REMIT EFT-TENNCARE-20240401,CREDIT,46.69,44655.52,REF5868954,EFT-TENNCARE-20240401
MOCK_RAD_GROUP_DEMO_ONLY,2024-04-03,2024-04-03,ACH CREDIT PAYER REMIT EFT-CIGNA-20240401,CREDIT,58.78,44714.3,REF6447776,EFT-CIGNA-20240401
MOCK_RAD_GROUP_DEMO_ONLY,2024-04-03,2024-04-03,ACH CREDIT PAYER REMIT EFT-MCARE-20240401,CREDIT,95.78,44810.08,REF4693371,EFT-MCARE-20240401
MOCK_RAD_GROUP_DEMO_ONLY,2024-04-04,2024-04-04,ACH CREDIT PAYER REMIT EFT-BCBSTN-20240401,CREDIT,152.87,44962.95,REF5254906,EFT-BCBSTN-20240401
MOCK_RAD_GROUP_DEMO_ONLY,2024-04-04,2024-04-04,ACH CREDIT PAYER REMIT EFT-MCARE-20240401,CREDIT,27.84,44990.79,REF8177880,EFT-MCARE-20240401
MOCK_RAD_GROUP_DEMO_ONLY,2024-04-05,2024-04-05,ACH CREDIT PAYER REMIT EFT-BCBSTN-20240401,CREDIT,62.16,45052.95,REF1874366,EFT-BCBSTN-20240401
MOCK_RAD_GROUP_DEMO_ONLY,2024-04-05,2024-04-05,ACH CREDIT PAYER REMIT EFT-CIGNA-20240401,CREDIT,65.09,45118.04,REF8167930,EFT-CIGNA-20240401
MOCK_RAD_GROUP_DEMO_ONLY,2024-04-05,2024-04-05,ACH CREDIT PAYER REMIT EFT-MCARE-20240401,CREDIT,52.45,45170.49,REF4214710,EFT-MCARE-20240401
MOCK_RAD_GROUP_DEMO_ONLY,2024-04-05,2024-04-05,ACH CREDIT PAYER REMIT EFT-TENNCARE-20240401,CREDIT,33.01,45203.5,REF6494280,EFT-TENNCARE-20240401
MOCK_RAD_GROUP_DEMO_ONLY,2024-04-06,2024-04-06,ACH CREDIT PAYER REMIT EFT-BCBSTN-20240401,CREDIT,159.55,45363.05,REF7784772,EFT-BCBSTN-20240401
MOCK_RAD_GROUP_DEMO_ONLY,2024-04-06,2024-04-06,ACH CREDIT PAYER REMIT EFT-MCARE-20240401,CREDIT,50.92,45413.97,REF6328962,EFT-MCARE-20240401
MOCK_RAD_GROUP_DEMO_ONLY,2024-04-06,2024-04-06,ACH CREDIT PAYER REMIT EFT-UHC-20240401,CREDIT,111.02,45524.99,REF2976891,EFT-UHC-20240401
MOCK_RAD_GROUP_DEMO_ONLY,2024-04-07,2024-04-07,ACH CREDIT PAYER REMIT EFT-MCARE-20240401,CREDIT,23.03,45548.02,REF8370017,EFT-MCARE-20240401
MOCK_RAD_GROUP_DEMO_ONLY,2024-04-07,2024-04-07,ACH CREDIT PAYER REMIT EFT-TENNCARE-20240401,CREDIT,65.44,45613.46,REF9463701,EFT-TENNCARE-20240401
MOCK_RAD_GROUP_DEMO_ONLY,2024-04-07,2024-04-07,ACH CREDIT PAYER REMIT EFT-UHC-20240401,CREDIT,232.5,45845.96,REF6704357,EFT-UHC-20240401
MOCK_RAD_GROUP_DEMO_ONLY,2024-04-08,2024-04-08,ACH CREDIT PAYER REMIT EFT-CIGNA-20240408,CREDIT,275.62,46121.58,REF4196420,EFT-CIGNA-20240408
MOCK_RAD_GROUP_DEMO_ONLY,2024-04-08,2024-04-08,ACH CREDIT PAYER REMIT EFT-SELFPAY-20240408,CREDIT,13.83,46135.41,REF8676955,EFT-SELFPAY-20240408
MOCK_RAD_GROUP_DEMO_ONLY,2024-04-08,2024-04-08,ACH CREDIT PAYER REMIT EFT-UHC-20240408,CREDIT,117.14,46252.55,REF6413202,EFT-UHC-20240408
MOCK_RAD_GROUP_DEMO_ONLY,2024-04-10,2024-04-10,ACH CREDIT PAYER REMIT EFT-BCBSTN-20240408,CREDIT,57.2,46309.75,REF7058054,EFT-BCBSTN-20240408
MOCK_RAD_GROUP_DEMO_ONLY,2024-04-10,2024-04-10,ACH CREDIT PAYER REMIT EFT-CIGNA-20240408,CREDIT,51.67,46361.42,REF4232664,EFT-CIGNA-20240408
MOCK_RAD_GROUP_DEMO_ONLY,2024-04-10,2024-04-10,ACH CREDIT PAYER REMIT EFT-MCARE-20240408,CREDIT,23.44,46384.86,REF2740578,EFT-MCARE-20240408
MOCK_RAD_GROUP_DEMO_ONLY,2024-04-10,2024-04-10,ACH CREDIT PAYER REMIT EFT-TENNCARE-20240408,CREDIT,39.54,46424.4,REF1908534,EFT-TENNCARE-20240408
MOCK_RAD_GROUP_DEMO_ONLY,2024-04-11,2024-04-11,ACH CREDIT PAYER REMIT EFT-BCBSTN-20240408,CREDIT,272.3,46696.7,REF5653248,EFT-BCBSTN-20240408
MOCK_RAD_GROUP_DEMO_ONLY,2024-04-11,2024-04-11,ACH CREDIT PAYER REMIT EFT-TENNCARE-20240408,CREDIT,39.97,46736.67,REF9067137,EFT-TENNCARE-20240408
MOCK_RAD_GROUP_DEMO_ONLY,2024-04-12,2024-04-12,ACH CREDIT PAYER REMIT EFT-BCBSTN-20240408,CREDIT,387.9,47124.57,REF3460747,EFT-BCBSTN-20240408
MOCK_RAD_GROUP_DEMO_ONLY,2024-04-12,2024-04-12,ACH CREDIT PAYER REMIT EFT-CIGNA-20240408,CREDIT,103.46,47228.03,REF9684267,EFT-CIGNA-20240408
MOCK_RAD_GROUP_DEMO_ONLY,2024-04-12,2024-04-12,ACH CREDIT PAYER REMIT EFT-MCARE-20240408,CREDIT,170.66,47398.69,REF7427400,EFT-MCARE-20240408
MOCK_RAD_GROUP_DEMO_ONLY,2024-04-12,2024-04-12,ACH CREDIT PAYER REMIT EFT-TENNCARE-20240408,CREDIT,46.52,47445.21,REF1408734,EFT-TENNCARE-20240408
MOCK_RAD_GROUP_DEMO_ONLY,2024-04-12,2024-04-12,ACH CREDIT PAYER REMIT EFT-UHC-20240408,CREDIT,105.04,47550.25,REF1515279,EFT-UHC-20240408
MOCK_RAD_GROUP_DEMO_ONLY,2024-04-13,2024-04-13,ACH CREDIT PAYER REMIT EFT-BCBSTN-20240408,CREDIT,296.57,47846.82,REF2119286,EFT-BCBSTN-20240408
MOCK_RAD_GROUP_DEMO_ONLY,2024-04-13,2024-04-13,ACH CREDIT PAYER REMIT EFT-CIGNA-20240408,CREDIT,80.83,47927.65,REF4429620,EFT-CIGNA-20240408
MOCK_RAD_GROUP_DEMO_ONLY,2024-04-13,2024-04-13,ACH CREDIT PAYER REMIT EFT-MCARE-20240408,CREDIT,93.09,48020.74,REF7324692,EFT-MCARE-20240408
MOCK_RAD_GROUP_DEMO_ONLY,2024-04-13,2024-04-13,ACH CREDIT PAYER REMIT EFT-TENNCARE-20240408,CREDIT,75.35,48096.09,REF1862685,EFT-TENNCARE-20240408
MOCK_RAD_GROUP_DEMO_ONLY,2024-04-14,2024-04-14,ACH CREDIT PAYER REMIT EFT-TENNCARE-20240408,CREDIT,25.7,48121.79,REF1309688,EFT-TENNCARE-20240408
MOCK_RAD_GROUP_DEMO_ONLY,2024-04-14,2024-04-14,ACH CREDIT PAYER REMIT EFT-UHC-20240408,CREDIT,292.27,48414.06,REF9842211,EFT-UHC-20240408
MOCK_RAD_GROUP_DEMO_ONLY,2024-04-14,2024-04-14,INTEREST CREDIT,CREDIT,22.03,48436.09,REF9491460,
MOCK_RAD_GROUP_DEMO_ONLY,2024-04-15,2024-04-15,ACH CREDIT PAYER REMIT EFT-CIGNA-20240415,CREDIT,60.73,48496.82,REF2358751,EFT-CIGNA-20240415
MOCK_RAD_GROUP_DEMO_ONLY,2024-04-15,2024-04-15,ACH CREDIT PAYER REMIT EFT-MCARE-20240415,CREDIT,51.05,48547.87,REF9980893,EFT-MCARE-20240415
MOCK_RAD_GROUP_DEMO_ONLY,2024-04-16,2024-04-16,ACH CREDIT PAYER REMIT EFT-BCBSTN-20240415,CREDIT,218.44,48766.31,REF3754311,EFT-BCBSTN-20240415
MOCK_RAD_GROUP_DEMO_ONLY,2024-04-16,2024-04-16,ACH CREDIT PAYER REMIT EFT-CIGNA-20240415,CREDIT,67.28,48833.59,REF5142882,EFT-CIGNA-20240415
MOCK_RAD_GROUP_DEMO_ONLY,2024-04-16,2024-04-16,ACH CREDIT PAYER REMIT EFT-MCARE-20240415,CREDIT,34.91,48868.5,REF7170262,EFT-MCARE-20240415
MOCK_RAD_GROUP_DEMO_ONLY,2024-04-16,2024-04-16,ACH CREDIT PAYER REMIT EFT-SELFPAY-20240415,CREDIT,9.42,48877.92,REF1499250,EFT-SELFPAY-20240415
MOCK_RAD_GROUP_DEMO_ONLY,2024-04-16,2024-04-16,ACH CREDIT PAYER REMIT EFT-TENNCARE-20240415,CREDIT,24.01,48901.93,REF8038233,EFT-TENNCARE-20240415
MOCK_RAD_GROUP_DEMO_ONLY,2024-04-16,2024-04-16,ACH CREDIT PAYER REMIT EFT-UHC-20240415,CREDIT,100.65,49002.58,REF1150340,EFT-UHC-20240415
MOCK_RAD_GROUP_DEMO_ONLY,2024-04-17,2024-04-17,ACH CREDIT PAYER REMIT EFT-BCBSTN-20240415,CREDIT,266.09,49268.67,REF1516554,EFT-BCBSTN-20240415
MOCK_RAD_GROUP_DEMO_ONLY,2024-04-17,2024-04-17,ACH CREDIT PAYER REMIT EFT-CIGNA-20240415,CREDIT,16.98,49285.65,REF1417320,EFT-CIGNA-20240415
MOCK_RAD_GROUP_DEMO_ONLY,2024-04-17,2024-04-17,ACH CREDIT PAYER REMIT EFT-UHC-20240415,CREDIT,239.61,49525.26,REF7714716,EFT-UHC-20240415
MOCK_RAD_GROUP_DEMO_ONLY,2024-04-18,2024-04-18,ACH CREDIT PAYER REMIT EFT-BCBSTN-20240415,CREDIT,318.48,49843.74,REF3949978,EFT-BCBSTN-20240415
MOCK_RAD_GROUP_DEMO_ONLY,2024-04-18,2024-04-18,ACH CREDIT PAYER REMIT EFT-CIGNA-20240415,CREDIT,56.53,49900.27,REF2749350,EFT-CIGNA-20240415
MOCK_RAD_GROUP_DEMO_ONLY,2024-04-18,2024-04-18,ACH CREDIT PAYER REMIT EFT-TENNCARE-20240415,CREDIT,35.89,49936.16,REF2454963,EFT-TENNCARE-20240415
MOCK_RAD_GROUP_DEMO_ONLY,2024-04-18,2024-04-18,ACH CREDIT PAYER REMIT EFT-UHC-20240415,CREDIT,139.45,50075.61,REF9855625,EFT-UHC-20240415
MOCK_RAD_GROUP_DEMO_ONLY,2024-04-18,2024-04-18,ACCOUNT ANALYSIS FEE,DEBIT,-107.7,49967.91,REF2832621,
MOCK_RAD_GROUP_DEMO_ONLY,2024-04-18,2024-04-18,BOOK TRANSFER TO OPERATING 8841,DEBIT,-6401.23,43566.68,REF9996176,
MOCK_RAD_GROUP_DEMO_ONLY,2024-04-19,2024-04-19,ACH CREDIT PAYER REMIT EFT-MCARE-20240415,CREDIT,92.53,43659.21,REF1977392,EFT-MCARE-20240415
MOCK_RAD_GROUP_DEMO_ONLY,2024-04-19,2024-04-19,ACH CREDIT PAYER REMIT EFT-SELFPAY-20240415,CREDIT,4.2,43663.41,REF6269862,EFT-SELFPAY-20240415
MOCK_RAD_GROUP_DEMO_ONLY,2024-04-20,2024-04-20,ACH CREDIT PAYER REMIT EFT-BCBSTN-20240415,CREDIT,146.62,43810.03,REF5752796,EFT-BCBSTN-20240415
MOCK_RAD_GROUP_DEMO_ONLY,2024-04-20,2024-04-20,ACH CREDIT PAYER REMIT EFT-SELFPAY-20240415,CREDIT,23.51,43833.54,REF6175423,EFT-SELFPAY-20240415
MOCK_RAD_GROUP_DEMO_ONLY,2024-04-20,2024-04-20,ACH CREDIT PAYER REMIT EFT-UHC-20240415,CREDIT,113.35,43946.89,REF6591223,EFT-UHC-20240415
MOCK_RAD_GROUP_DEMO_ONLY,2024-04-21,2024-04-21,ACH CREDIT PAYER REMIT EFT-CIGNA-20240415,CREDIT,118.87,44065.76,REF2738407,EFT-CIGNA-20240415
MOCK_RAD_GROUP_DEMO_ONLY,2024-04-21,2024-04-21,ACH CREDIT PAYER REMIT EFT-MCARE-20240415,CREDIT,78.91,44144.67,REF8923140,EFT-MCARE-20240415
MOCK_RAD_GROUP_DEMO_ONLY,2024-04-21,2024-04-21,ACH CREDIT PAYER REMIT EFT-SELFPAY-20240415,CREDIT,1.79,44146.46,REF1592787,EFT-SELFPAY-20240415
MOCK_RAD_GROUP_DEMO_ONLY,2024-04-21,2024-04-21,ACH CREDIT PAYER REMIT EFT-UHC-20240415,CREDIT,107.8,44254.26,REF8193463,EFT-UHC-20240415
MOCK_RAD_GROUP_DEMO_ONLY,2024-04-22,2024-04-22,ACH CREDIT PAYER REMIT EFT-CIGNA-20240422,CREDIT,228.29,44482.55,REF9698796,EFT-CIGNA-20240422
MOCK_RAD_GROUP_DEMO_ONLY,2024-04-22,2024-04-22,ACH CREDIT PAYER REMIT EFT-UHC-20240422,CREDIT,151.16,44633.71,REF7684911,EFT-UHC-20240422
MOCK_RAD_GROUP_DEMO_ONLY,2024-04-23,2024-04-23,ACH CREDIT PAYER REMIT EFT-CIGNA-20240422,CREDIT,73.12,44706.83,REF6721631,EFT-CIGNA-20240422
MOCK_RAD_GROUP_DEMO_ONLY,2024-04-23,2024-04-23,ACH CREDIT PAYER REMIT EFT-MCARE-20240422,CREDIT,23.16,44729.99,REF8395891,EFT-MCARE-20240422
MOCK_RAD_GROUP_DEMO_ONLY,2024-04-23,2024-04-23,ACH CREDIT PAYER REMIT EFT-TENNCARE-20240422,CREDIT,25.94,44755.93,REF4431497,EFT-TENNCARE-20240422
MOCK_RAD_GROUP_DEMO_ONLY,2024-04-23,2024-04-23,ACH CREDIT PAYER REMIT EFT-UHC-20240422,CREDIT,286.01,45041.94,REF8313930,EFT-UHC-20240422
MOCK_RAD_GROUP_DEMO_ONLY,2024-04-24,2024-04-24,ACH CREDIT PAYER REMIT EFT-BCBSTN-20240422,CREDIT,195.85,45237.79,REF1195364,EFT-BCBSTN-20240422
MOCK_RAD_GROUP_DEMO_ONLY,2024-04-24,2024-04-24,ACH CREDIT PAYER REMIT EFT-CIGNA-20240422,CREDIT,116.33,45354.12,REF5760135,EFT-CIGNA-20240422
MOCK_RAD_GROUP_DEMO_ONLY,2024-04-24,2024-04-24,ACH CREDIT PAYER REMIT EFT-MCARE-20240422,CREDIT,62.31,45416.43,REF3680799,EFT-MCARE-20240422
MOCK_RAD_GROUP_DEMO_ONLY,2024-04-24,2024-04-24,ACH CREDIT PAYER REMIT EFT-TENNCARE-20240422,CREDIT,61.03,45477.46,REF3952600,EFT-TENNCARE-20240422
MOCK_RAD_GROUP_DEMO_ONLY,2024-04-25,2024-04-25,ACH CREDIT PAYER REMIT EFT-MCARE-20240422,CREDIT,76.58,45554.04,REF6005061,EFT-MCARE-20240422
MOCK_RAD_GROUP_DEMO_ONLY,2024-04-25,2024-04-25,ACH CREDIT PAYER REMIT EFT-SELFPAY-20240422,CREDIT,3.15,45557.19,REF6508637,EFT-SELFPAY-20240422
MOCK_RAD_GROUP_DEMO_ONLY,2024-04-25,2024-04-25,ACH CREDIT PAYER REMIT EFT-TENNCARE-20240422,CREDIT,34.82,45592.01,REF9421028,EFT-TENNCARE-20240422
MOCK_RAD_GROUP_DEMO_ONLY,2024-04-26,2024-04-26,ACH CREDIT PAYER REMIT EFT-BCBSTN-20240422,CREDIT,273.96,45865.97,REF7914180,EFT-BCBSTN-20240422
MOCK_RAD_GROUP_DEMO_ONLY,2024-04-26,2024-04-26,ACH CREDIT PAYER REMIT EFT-MCARE-20240422,CREDIT,40.54,45906.51,REF9466006,EFT-MCARE-20240422
MOCK_RAD_GROUP_DEMO_ONLY,2024-04-26,2024-04-26,ACH CREDIT PAYER REMIT EFT-TENNCARE-20240422,CREDIT,17.05,45923.56,REF7172082,EFT-TENNCARE-20240422
MOCK_RAD_GROUP_DEMO_ONLY,2024-04-27,2024-04-27,ACH CREDIT PAYER REMIT EFT-MCARE-20240422,CREDIT,45.76,45969.32,REF7786862,EFT-MCARE-20240422
MOCK_RAD_GROUP_DEMO_ONLY,2024-04-27,2024-04-27,ACH CREDIT PAYER REMIT EFT-TENNCARE-20240422,CREDIT,50.97,46020.29,REF9095378,EFT-TENNCARE-20240422
MOCK_RAD_GROUP_DEMO_ONLY,2024-04-28,2024-04-28,ACH CREDIT PAYER REMIT EFT-CIGNA-20240422,CREDIT,17.96,46038.25,REF5146718,EFT-CIGNA-20240422
MOCK_RAD_GROUP_DEMO_ONLY,2024-04-29,2024-04-29,ACH CREDIT PAYER REMIT EFT-MCARE-20240429,CREDIT,6.46,46044.71,REF1625960,EFT-MCARE-20240429
MOCK_RAD_GROUP_DEMO_ONLY,2024-04-29,2024-04-29,ACH CREDIT PAYER REMIT EFT-UHC-20240429,CREDIT,134.96,46179.67,REF3758353,EFT-UHC-20240429
MOCK_RAD_GROUP_DEMO_ONLY,2024-04-30,2024-04-30,ACH CREDIT PAYER REMIT EFT-BCBSTN-20240429,CREDIT,320.26,46499.93,REF9830214,EFT-BCBSTN-20240429
MOCK_RAD_GROUP_DEMO_ONLY,2024-04-30,2024-04-30,ACH CREDIT PAYER REMIT EFT-CIGNA-20240429,CREDIT,167.71,46667.64,REF9661116,EFT-CIGNA-20240429
MOCK_RAD_GROUP_DEMO_ONLY,2024-04-30,2024-04-30,ACH CREDIT PAYER REMIT EFT-TENNCARE-20240429,CREDIT,46.14,46713.78,REF9767076,EFT-TENNCARE-20240429
MOCK_RAD_GROUP_DEMO_ONLY,2024-05-01,2024-05-01,ACH CREDIT PAYER REMIT EFT-BCBSTN-20240429,CREDIT,146.08,46859.86,REF5820759,EFT-BCBSTN-20240429
MOCK_RAD_GROUP_DEMO_ONLY,2024-05-01,2024-05-01,ACH CREDIT PAYER REMIT EFT-CIGNA-20240429,CREDIT,126.82,46986.68,REF8145730,EFT-CIGNA-20240429
MOCK_RAD_GROUP_DEMO_ONLY,2024-05-01,2024-05-01,ACH CREDIT PAYER REMIT EFT-MCARE-20240429,CREDIT,40.43,47027.11,REF2370077,EFT-MCARE-20240429
MOCK_RAD_GROUP_DEMO_ONLY,2024-05-01,2024-05-01,ACH CREDIT PAYER REMIT EFT-UHC-20240429,CREDIT,170.41,47197.52,REF1178819,EFT-UHC-20240429
MOCK_RAD_GROUP_DEMO_ONLY,2024-05-02,2024-05-02,ACH CREDIT PAYER REMIT EFT-CIGNA-20240429,CREDIT,61.81,47259.33,REF6155351,EFT-CIGNA-20240429
MOCK_RAD_GROUP_DEMO_ONLY,2024-05-02,2024-05-02,ACH CREDIT PAYER REMIT EFT-MCARE-20240429,CREDIT,12.93,47272.26,REF6939274,EFT-MCARE-20240429
MOCK_RAD_GROUP_DEMO_ONLY,2024-05-02,2024-05-02,ACH CREDIT PAYER REMIT EFT-TENNCARE-20240429,CREDIT,40.92,47313.18,REF4155860,EFT-TENNCARE-20240429
MOCK_RAD_GROUP_DEMO_ONLY,2024-05-02,2024-05-02,ACH CREDIT PAYER REMIT EFT-UHC-20240429,CREDIT,65.47,47378.65,REF1981337,EFT-UHC-20240429
MOCK_RAD_GROUP_DEMO_ONLY,2024-05-03,2024-05-03,ACH CREDIT PAYER REMIT EFT-MCARE-20240429,CREDIT,50.98,47429.63,REF9058906,EFT-MCARE-20240429
MOCK_RAD_GROUP_DEMO_ONLY,2024-05-04,2024-05-04,ACH CREDIT PAYER REMIT EFT-CIGNA-20240429,CREDIT,101.65,47531.28,REF7774242,EFT-CIGNA-20240429
MOCK_RAD_GROUP_DEMO_ONLY,2024-05-04,2024-05-04,ACH CREDIT PAYER REMIT EFT-TENNCARE-20240429,CREDIT,32.18,47563.46,REF9835393,EFT-TENNCARE-20240429
MOCK_RAD_GROUP_DEMO_ONLY,2024-05-05,2024-05-05,ACH CREDIT PAYER REMIT EFT-BCBSTN-20240429,CREDIT,147.21,47710.67,REF3164939,EFT-BCBSTN-20240429
MOCK_RAD_GROUP_DEMO_ONLY,2024-05-05,2024-05-05,ACH CREDIT PAYER REMIT EFT-CIGNA-20240429,CREDIT,106.6,47817.27,REF5929424,EFT-CIGNA-20240429
MOCK_RAD_GROUP_DEMO_ONLY,2024-05-05,2024-05-05,ACH CREDIT PAYER REMIT EFT-MCARE-20240429,CREDIT,53.33,47870.6,REF4432587,EFT-MCARE-20240429
MOCK_RAD_GROUP_DEMO_ONLY,2024-05-06,2024-05-06,ACH CREDIT PAYER REMIT EFT-MCARE-20240506,CREDIT,108.76,47979.36,REF9893716,EFT-MCARE-20240506
MOCK_RAD_GROUP_DEMO_ONLY,2024-05-07,2024-05-07,ACH CREDIT PAYER REMIT EFT-SELFPAY-20240506,CREDIT,0.1,47979.46,REF6714984,EFT-SELFPAY-20240506
MOCK_RAD_GROUP_DEMO_ONLY,2024-05-07,2024-05-07,ACH CREDIT PAYER REMIT EFT-TENNCARE-20240506,CREDIT,48.64,48028.1,REF1349543,EFT-TENNCARE-20240506
MOCK_RAD_GROUP_DEMO_ONLY,2024-05-07,2024-05-07,ACH CREDIT PAYER REMIT EFT-UHC-20240506,CREDIT,197.72,48225.82,REF6888984,EFT-UHC-20240506
MOCK_RAD_GROUP_DEMO_ONLY,2024-05-08,2024-05-08,ACH CREDIT PAYER REMIT EFT-TENNCARE-20240506,CREDIT,4.37,48230.19,REF6764734,EFT-TENNCARE-20240506
MOCK_RAD_GROUP_DEMO_ONLY,2024-05-09,2024-05-09,ACH CREDIT PAYER REMIT EFT-BCBSTN-20240506,CREDIT,125.77,48355.96,REF1078334,EFT-BCBSTN-20240506
MOCK_RAD_GROUP_DEMO_ONLY,2024-05-09,2024-05-09,ACH CREDIT PAYER REMIT EFT-MCARE-20240506,CREDIT,44.7,48400.66,REF4572980,EFT-MCARE-20240506
MOCK_RAD_GROUP_DEMO_ONLY,2024-05-10,2024-05-10,ACH CREDIT PAYER REMIT EFT-BCBSTN-20240506,CREDIT,53.01,48453.67,REF9271004,EFT-BCBSTN-20240506
MOCK_RAD_GROUP_DEMO_ONLY,2024-05-10,2024-05-10,ACH CREDIT PAYER REMIT EFT-MCARE-20240506,CREDIT,99.64,48553.31,REF2231520,EFT-MCARE-20240506
MOCK_RAD_GROUP_DEMO_ONLY,2024-05-10,2024-05-10,ACH CREDIT PAYER REMIT EFT-TENNCARE-20240506,CREDIT,15.96,48569.27,REF5314143,EFT-TENNCARE-20240506
MOCK_RAD_GROUP_DEMO_ONLY,2024-05-10,2024-05-10,ACH CREDIT PAYER REMIT EFT-UHC-20240506,CREDIT,199.64,48768.91,REF8503623,EFT-UHC-20240506
MOCK_RAD_GROUP_DEMO_ONLY,2024-05-11,2024-05-11,ACH CREDIT PAYER REMIT EFT-BCBSTN-20240506,CREDIT,77.93,48846.84,REF5324901,EFT-BCBSTN-20240506
MOCK_RAD_GROUP_DEMO_ONLY,2024-05-11,2024-05-11,ACH CREDIT PAYER REMIT EFT-MCARE-20240506,CREDIT,144.53,48991.37,REF5850186,EFT-MCARE-20240506
MOCK_RAD_GROUP_DEMO_ONLY,2024-05-12,2024-05-12,ACH CREDIT PAYER REMIT EFT-BCBSTN-20240506,CREDIT,260.9,49252.27,REF9353628,EFT-BCBSTN-20240506
MOCK_RAD_GROUP_DEMO_ONLY,2024-05-12,2024-05-12,ACH CREDIT PAYER REMIT EFT-MCARE-20240506,CREDIT,136.99,49389.26,REF8504912,EFT-MCARE-20240506
MOCK_RAD_GROUP_DEMO_ONLY,2024-05-13,2024-05-13,ACH CREDIT PAYER REMIT EFT-CIGNA-20240513,CREDIT,154.83,49544.09,REF5526672,EFT-CIGNA-20240513
MOCK_RAD_GROUP_DEMO_ONLY,2024-05-13,2024-05-13,ACH CREDIT PAYER REMIT EFT-MCARE-20240513,CREDIT,93.16,49637.25,REF5175913,EFT-MCARE-20240513
MOCK_RAD_GROUP_DEMO_ONLY,2024-05-13,2024-05-13,ACH CREDIT PAYER REMIT EFT-TENNCARE-20240513,CREDIT,55.9,49693.15,REF8974632,EFT-TENNCARE-20240513
MOCK_RAD_GROUP_DEMO_ONLY,2024-05-14,2024-05-14,ACH CREDIT PAYER REMIT EFT-BCBSTN-20240513,CREDIT,150.43,49843.58,REF5190057,EFT-BCBSTN-20240513
MOCK_RAD_GROUP_DEMO_ONLY,2024-05-14,2024-05-14,ACH CREDIT PAYER REMIT EFT-CIGNA-20240513,CREDIT,188.34,50031.92,REF2287898,EFT-CIGNA-20240513
MOCK_RAD_GROUP_DEMO_ONLY,2024-05-14,2024-05-14,ACH CREDIT PAYER REMIT EFT-MCARE-20240513,CREDIT,56.25,50088.17,REF7507408,EFT-MCARE-20240513
MOCK_RAD_GROUP_DEMO_ONLY,2024-05-14,2024-05-14,INTEREST CREDIT,CREDIT,17.21,50105.38,REF5369487,
MOCK_RAD_GROUP_DEMO_ONLY,2024-05-15,2024-05-15,ACH CREDIT PAYER REMIT EFT-BCBSTN-20240513,CREDIT,77.27,50182.65,REF3548447,EFT-BCBSTN-20240513
MOCK_RAD_GROUP_DEMO_ONLY,2024-05-15,2024-05-15,ACH CREDIT PAYER REMIT EFT-TENNCARE-20240513,CREDIT,15.43,50198.08,REF7371906,EFT-TENNCARE-20240513
MOCK_RAD_GROUP_DEMO_ONLY,2024-05-15,2024-05-15,ACH CREDIT PAYER REMIT EFT-UHC-20240513,CREDIT,123.07,50321.15,REF1680674,EFT-UHC-20240513
MOCK_RAD_GROUP_DEMO_ONLY,2024-05-16,2024-05-16,ACH CREDIT PAYER REMIT EFT-CIGNA-20240513,CREDIT,123.43,50444.58,REF4629871,EFT-CIGNA-20240513
MOCK_RAD_GROUP_DEMO_ONLY,2024-05-16,2024-05-16,ACH CREDIT PAYER REMIT EFT-UHC-20240513,CREDIT,76.68,50521.26,REF2745926,EFT-UHC-20240513
MOCK_RAD_GROUP_DEMO_ONLY,2024-05-17,2024-05-17,ACH CREDIT PAYER REMIT EFT-MCARE-20240513,CREDIT,47.72,50568.98,REF3967763,EFT-MCARE-20240513
MOCK_RAD_GROUP_DEMO_ONLY,2024-05-18,2024-05-18,ACH CREDIT PAYER REMIT EFT-BCBSTN-20240513,CREDIT,85.05,50654.03,REF7081869,EFT-BCBSTN-20240513
MOCK_RAD_GROUP_DEMO_ONLY,2024-05-18,2024-05-18,ACH CREDIT PAYER REMIT EFT-CIGNA-20240513,CREDIT,60.14,50714.17,REF1677291,EFT-CIGNA-20240513
MOCK_RAD_GROUP_DEMO_ONLY,2024-05-18,2024-05-18,ACH CREDIT PAYER REMIT EFT-TENNCARE-20240513,CREDIT,17.34,50731.51,REF4789765,EFT-TENNCARE-20240513
MOCK_RAD_GROUP_DEMO_ONLY,2024-05-18,2024-05-18,ACCOUNT ANALYSIS FEE,DEBIT,-139.32,50592.19,REF5597138,
MOCK_RAD_GROUP_DEMO_ONLY,2024-05-18,2024-05-18,BOOK TRANSFER TO OPERATING 8841,DEBIT,-5607.31,44984.88,REF4034971,
MOCK_RAD_GROUP_DEMO_ONLY,2024-05-19,2024-05-19,ACH CREDIT PAYER REMIT EFT-BCBSTN-20240513,CREDIT,109.27,45094.15,REF3373666,EFT-BCBSTN-20240513
MOCK_RAD_GROUP_DEMO_ONLY,2024-05-19,2024-05-19,ACH CREDIT PAYER REMIT EFT-MCARE-20240513,CREDIT,149.22,45243.37,REF6784518,EFT-MCARE-20240513
MOCK_RAD_GROUP_DEMO_ONLY,2024-05-19,2024-05-19,ACH CREDIT PAYER REMIT EFT-SELFPAY-20240513,CREDIT,4.31,45247.68,REF7320028,EFT-SELFPAY-20240513
MOCK_RAD_GROUP_DEMO_ONLY,2024-05-19,2024-05-19,ACH CREDIT PAYER REMIT EFT-TENNCARE-20240513,CREDIT,23.46,45271.14,REF2618709,EFT-TENNCARE-20240513
MOCK_RAD_GROUP_DEMO_ONLY,2024-05-19,2024-05-19,ACH CREDIT PAYER REMIT EFT-UHC-20240513,CREDIT,249.47,45520.61,REF6545719,EFT-UHC-20240513
MOCK_RAD_GROUP_DEMO_ONLY,2024-05-20,2024-05-20,ACH CREDIT PAYER REMIT EFT-MCARE-20240520,CREDIT,136.35,45656.96,REF3301330,EFT-MCARE-20240520
MOCK_RAD_GROUP_DEMO_ONLY,2024-05-20,2024-05-20,ACH CREDIT PAYER REMIT EFT-TENNCARE-20240520,CREDIT,60.33,45717.29,REF5304547,EFT-TENNCARE-20240520
MOCK_RAD_GROUP_DEMO_ONLY,2024-05-20,2024-05-20,ACH CREDIT PAYER REMIT EFT-UHC-20240520,CREDIT,19.55,45736.84,REF8924809,EFT-UHC-20240520
MOCK_RAD_GROUP_DEMO_ONLY,2024-05-21,2024-05-21,ACH CREDIT PAYER REMIT EFT-BCBSTN-20240520,CREDIT,157.75,45894.59,REF1736158,EFT-BCBSTN-20240520
MOCK_RAD_GROUP_DEMO_ONLY,2024-05-21,2024-05-21,ACH CREDIT PAYER REMIT EFT-CIGNA-20240520,CREDIT,224.47,46119.06,REF4453977,EFT-CIGNA-20240520
MOCK_RAD_GROUP_DEMO_ONLY,2024-05-22,2024-05-22,ACH CREDIT PAYER REMIT EFT-BCBSTN-20240520,CREDIT,131.57,46250.63,REF7693249,EFT-BCBSTN-20240520
MOCK_RAD_GROUP_DEMO_ONLY,2024-05-22,2024-05-22,ACH CREDIT PAYER REMIT EFT-MCARE-20240520,CREDIT,263.53,46514.16,REF6339528,EFT-MCARE-20240520
MOCK_RAD_GROUP_DEMO_ONLY,2024-05-22,2024-05-22,ACH CREDIT PAYER REMIT EFT-UHC-20240520,CREDIT,55.75,46569.91,REF1953956,EFT-UHC-20240520
MOCK_RAD_GROUP_DEMO_ONLY,2024-05-23,2024-05-23,ACH CREDIT PAYER REMIT EFT-BCBSTN-20240520,CREDIT,110.35,46680.26,REF7354356,EFT-BCBSTN-20240520
MOCK_RAD_GROUP_DEMO_ONLY,2024-05-23,2024-05-23,ACH CREDIT PAYER REMIT EFT-CIGNA-20240520,CREDIT,237.6,46917.86,REF9619366,EFT-CIGNA-20240520
MOCK_RAD_GROUP_DEMO_ONLY,2024-05-23,2024-05-23,ACH CREDIT PAYER REMIT EFT-MCARE-20240520,CREDIT,24.28,46942.14,REF6719027,EFT-MCARE-20240520
MOCK_RAD_GROUP_DEMO_ONLY,2024-05-23,2024-05-23,ACH CREDIT PAYER REMIT EFT-UHC-20240520,CREDIT,148.24,47090.38,REF6977164,EFT-UHC-20240520
MOCK_RAD_GROUP_DEMO_ONLY,2024-05-24,2024-05-24,ACH CREDIT PAYER REMIT EFT-BCBSTN-20240520,CREDIT,113.8,47204.18,REF2038581,EFT-BCBSTN-20240520
MOCK_RAD_GROUP_DEMO_ONLY,2024-05-24,2024-05-24,ACH CREDIT PAYER REMIT EFT-MCARE-20240520,CREDIT,165.07,47369.25,REF2675911,EFT-MCARE-20240520
MOCK_RAD_GROUP_DEMO_ONLY,2024-05-24,2024-05-24,ACH CREDIT PAYER REMIT EFT-TENNCARE-20240520,CREDIT,36.94,47406.19,REF8459147,EFT-TENNCARE-20240520
MOCK_RAD_GROUP_DEMO_ONLY,2024-05-24,2024-05-24,ACH CREDIT PAYER REMIT EFT-UHC-20240520,CREDIT,84.09,47490.28,REF5683667,EFT-UHC-20240520
MOCK_RAD_GROUP_DEMO_ONLY,2024-05-25,2024-05-25,ACH CREDIT PAYER REMIT EFT-BCBSTN-20240520,CREDIT,20.15,47510.43,REF6187473,EFT-BCBSTN-20240520
MOCK_RAD_GROUP_DEMO_ONLY,2024-05-25,2024-05-25,ACH CREDIT PAYER REMIT EFT-CIGNA-20240520,CREDIT,79.91,47590.34,REF9270287,EFT-CIGNA-20240520
MOCK_RAD_GROUP_DEMO_ONLY,2024-05-25,2024-05-25,ACH CREDIT PAYER REMIT EFT-MCARE-20240520,CREDIT,29.91,47620.25,REF7626213,EFT-MCARE-20240520
MOCK_RAD_GROUP_DEMO_ONLY,2024-05-26,2024-05-26,ACH CREDIT PAYER REMIT EFT-BCBSTN-20240520,CREDIT,57.95,47678.2,REF6943478,EFT-BCBSTN-20240520
MOCK_RAD_GROUP_DEMO_ONLY,2024-05-26,2024-05-26,ACH CREDIT PAYER REMIT EFT-MCARE-20240520,CREDIT,125.16,47803.36,REF1917478,EFT-MCARE-20240520
MOCK_RAD_GROUP_DEMO_ONLY,2024-05-26,2024-05-26,ACH CREDIT PAYER REMIT EFT-TENNCARE-20240520,CREDIT,34.01,47837.37,REF5511246,EFT-TENNCARE-20240520
MOCK_RAD_GROUP_DEMO_ONLY,2024-05-26,2024-05-26,ACH CREDIT PAYER REMIT EFT-UHC-20240520,CREDIT,71.37,47908.74,REF2441445,EFT-UHC-20240520
MOCK_RAD_GROUP_DEMO_ONLY,2024-05-27,2024-05-27,ACH CREDIT PAYER REMIT EFT-BCBSTN-20240527,CREDIT,16.44,47925.18,REF2633626,EFT-BCBSTN-20240527
MOCK_RAD_GROUP_DEMO_ONLY,2024-05-27,2024-05-27,ACH CREDIT PAYER REMIT EFT-CIGNA-20240527,CREDIT,70.17,47995.35,REF5942035,EFT-CIGNA-20240527
MOCK_RAD_GROUP_DEMO_ONLY,2024-05-27,2024-05-27,ACH CREDIT PAYER REMIT EFT-MCARE-20240527,CREDIT,36.3,48031.65,REF8193781,EFT-MCARE-20240527
MOCK_RAD_GROUP_DEMO_ONLY,2024-05-27,2024-05-27,ACH CREDIT PAYER REMIT EFT-TENNCARE-20240527,CREDIT,12.31,48043.96,REF2382120,EFT-TENNCARE-20240527
MOCK_RAD_GROUP_DEMO_ONLY,2024-05-28,2024-05-28,ACH CREDIT PAYER REMIT EFT-CIGNA-20240527,CREDIT,316.0,48359.96,REF5939948,EFT-CIGNA-20240527
MOCK_RAD_GROUP_DEMO_ONLY,2024-05-28,2024-05-28,ACH CREDIT PAYER REMIT EFT-MCARE-20240527,CREDIT,38.87,48398.83,REF3323937,EFT-MCARE-20240527
MOCK_RAD_GROUP_DEMO_ONLY,2024-05-28,2024-05-28,ACH CREDIT PAYER REMIT EFT-SELFPAY-20240527,CREDIT,2.62,48401.45,REF1360055,EFT-SELFPAY-20240527
MOCK_RAD_GROUP_DEMO_ONLY,2024-05-29,2024-05-29,ACH CREDIT PAYER REMIT EFT-MCARE-20240527,CREDIT,64.22,48465.67,REF5584943,EFT-MCARE-20240527
MOCK_RAD_GROUP_DEMO_ONLY,2024-05-29,2024-05-29,ACH CREDIT PAYER REMIT EFT-TENNCARE-20240527,CREDIT,34.31,48499.98,REF9423820,EFT-TENNCARE-20240527
MOCK_RAD_GROUP_DEMO_ONLY,2024-05-29,2024-05-29,ACH CREDIT PAYER REMIT EFT-UHC-20240527,CREDIT,103.53,48603.51,REF4365641,EFT-UHC-20240527
MOCK_RAD_GROUP_DEMO_ONLY,2024-05-30,2024-05-30,ACH CREDIT PAYER REMIT EFT-BCBSTN-20240527,CREDIT,126.37,48729.88,REF4421896,EFT-BCBSTN-20240527
MOCK_RAD_GROUP_DEMO_ONLY,2024-05-30,2024-05-30,ACH CREDIT PAYER REMIT EFT-MCARE-20240527,CREDIT,7.15,48737.03,REF3107740,EFT-MCARE-20240527
MOCK_RAD_GROUP_DEMO_ONLY,2024-05-31,2024-05-31,ACH CREDIT PAYER REMIT EFT-BCBSTN-20240527,CREDIT,130.81,48867.84,REF8030623,EFT-BCBSTN-20240527
MOCK_RAD_GROUP_DEMO_ONLY,2024-05-31,2024-05-31,ACH CREDIT PAYER REMIT EFT-CIGNA-20240527,CREDIT,19.77,48887.61,REF6785293,EFT-CIGNA-20240527
MOCK_RAD_GROUP_DEMO_ONLY,2024-05-31,2024-05-31,ACH CREDIT PAYER REMIT EFT-MCARE-20240527,CREDIT,39.8,48927.41,REF8937368,EFT-MCARE-20240527
MOCK_RAD_GROUP_DEMO_ONLY,2024-05-31,2024-05-31,ACH CREDIT PAYER REMIT EFT-TENNCARE-20240527,CREDIT,67.39,48994.8,REF8450497,EFT-TENNCARE-20240527
MOCK_RAD_GROUP_DEMO_ONLY,2024-06-01,2024-06-01,ACH CREDIT PAYER REMIT EFT-MCARE-20240527,CREDIT,31.68,49026.48,REF5451755,EFT-MCARE-20240527
MOCK_RAD_GROUP_DEMO_ONLY,2024-06-02,2024-06-02,ACH CREDIT PAYER REMIT EFT-BCBSTN-20240527,CREDIT,178.7,49205.18,REF7786035,EFT-BCBSTN-20240527
MOCK_RAD_GROUP_DEMO_ONLY,2024-06-02,2024-06-02,ACH CREDIT PAYER REMIT EFT-MCARE-20240527,CREDIT,61.67,49266.85,REF4114878,EFT-MCARE-20240527
MOCK_RAD_GROUP_DEMO_ONLY,2024-06-02,2024-06-02,ACH CREDIT PAYER REMIT EFT-SELFPAY-20240527,CREDIT,8.01,49274.86,REF2814794,EFT-SELFPAY-20240527
MOCK_RAD_GROUP_DEMO_ONLY,2024-06-03,2024-06-03,ACH CREDIT PAYER REMIT EFT-BCBSTN-20240603,CREDIT,187.26,49462.12,REF2071963,EFT-BCBSTN-20240603
MOCK_RAD_GROUP_DEMO_ONLY,2024-06-03,2024-06-03,ACH CREDIT PAYER REMIT EFT-MCARE-20240603,CREDIT,86.18,49548.3,REF3278558,EFT-MCARE-20240603
MOCK_RAD_GROUP_DEMO_ONLY,2024-06-03,2024-06-03,ACH CREDIT PAYER REMIT EFT-TENNCARE-20240603,CREDIT,38.89,49587.19,REF2924165,EFT-TENNCARE-20240603
MOCK_RAD_GROUP_DEMO_ONLY,2024-06-03,2024-06-03,ACH CREDIT PAYER REMIT EFT-UHC-20240603,CREDIT,175.73,49762.92,REF3075901,EFT-UHC-20240603
MOCK_RAD_GROUP_DEMO_ONLY,2024-06-04,2024-06-04,ACH CREDIT PAYER REMIT EFT-MCARE-20240603,CREDIT,38.15,49801.07,REF5496110,EFT-MCARE-20240603
MOCK_RAD_GROUP_DEMO_ONLY,2024-06-05,2024-06-05,ACH CREDIT PAYER REMIT EFT-BCBSTN-20240603,CREDIT,14.18,49815.25,REF6452800,EFT-BCBSTN-20240603
MOCK_RAD_GROUP_DEMO_ONLY,2024-06-05,2024-06-05,ACH CREDIT PAYER REMIT EFT-SELFPAY-20240603,CREDIT,2.93,49818.18,REF5771427,EFT-SELFPAY-20240603
MOCK_RAD_GROUP_DEMO_ONLY,2024-06-05,2024-06-05,ACH CREDIT PAYER REMIT EFT-TENNCARE-20240603,CREDIT,16.23,49834.41,REF1649129,EFT-TENNCARE-20240603
MOCK_RAD_GROUP_DEMO_ONLY,2024-06-05,2024-06-05,ACH CREDIT PAYER REMIT EFT-UHC-20240603,CREDIT,147.65,49982.06,REF1094365,EFT-UHC-20240603
MOCK_RAD_GROUP_DEMO_ONLY,2024-06-06,2024-06-06,ACH CREDIT PAYER REMIT EFT-BCBSTN-20240603,CREDIT,242.15,50224.21,REF1779161,EFT-BCBSTN-20240603
MOCK_RAD_GROUP_DEMO_ONLY,2024-06-06,2024-06-06,ACH CREDIT PAYER REMIT EFT-MCARE-20240603,CREDIT,127.23,50351.44,REF5342286,EFT-MCARE-20240603
MOCK_RAD_GROUP_DEMO_ONLY,2024-06-06,2024-06-06,ACH CREDIT PAYER REMIT EFT-TENNCARE-20240603,CREDIT,40.6,50392.04,REF9037607,EFT-TENNCARE-20240603
MOCK_RAD_GROUP_DEMO_ONLY,2024-06-07,2024-06-07,ACH CREDIT PAYER REMIT EFT-BCBSTN-20240603,CREDIT,74.48,50466.52,REF1307372,EFT-BCBSTN-20240603
MOCK_RAD_GROUP_DEMO_ONLY,2024-06-07,2024-06-07,ACH CREDIT PAYER REMIT EFT-MCARE-20240603,CREDIT,6.84,50473.36,REF6200695,EFT-MCARE-20240603
MOCK_RAD_GROUP_DEMO_ONLY,2024-06-07,2024-06-07,ACH CREDIT PAYER REMIT EFT-TENNCARE-20240603,CREDIT,35.37,50508.73,REF5984978,EFT-TENNCARE-20240603
MOCK_RAD_GROUP_DEMO_ONLY,2024-06-08,2024-06-08,ACH CREDIT PAYER REMIT EFT-BCBSTN-20240603,CREDIT,147.29,50656.02,REF1243677,EFT-BCBSTN-20240603
MOCK_RAD_GROUP_DEMO_ONLY,2024-06-08,2024-06-08,ACH CREDIT PAYER REMIT EFT-CIGNA-20240603,CREDIT,53.25,50709.27,REF9739151,EFT-CIGNA-20240603
MOCK_RAD_GROUP_DEMO_ONLY,2024-06-09,2024-06-09,ACH CREDIT PAYER REMIT EFT-BCBSTN-20240603,CREDIT,147.11,50856.38,REF8964069,EFT-BCBSTN-20240603
MOCK_RAD_GROUP_DEMO_ONLY,2024-06-09,2024-06-09,ACH CREDIT PAYER REMIT EFT-MCARE-20240603,CREDIT,21.53,50877.91,REF4396866,EFT-MCARE-20240603
MOCK_RAD_GROUP_DEMO_ONLY,2024-06-09,2024-06-09,ACH CREDIT PAYER REMIT EFT-UHC-20240603,CREDIT,85.75,50963.66,REF8471545,EFT-UHC-20240603
MOCK_RAD_GROUP_DEMO_ONLY,2024-06-10,2024-06-10,ACH CREDIT PAYER REMIT EFT-MCARE-20240610,CREDIT,24.32,50987.98,REF5152005,EFT-MCARE-20240610
MOCK_RAD_GROUP_DEMO_ONLY,2024-06-11,2024-06-11,ACH CREDIT PAYER REMIT EFT-BCBSTN-20240610,CREDIT,201.35,51189.33,REF8222793,EFT-BCBSTN-20240610
MOCK_RAD_GROUP_DEMO_ONLY,2024-06-11,2024-06-11,ACH CREDIT PAYER REMIT EFT-MCARE-20240610,CREDIT,22.67,51212.0,REF5887762,EFT-MCARE-20240610
MOCK_RAD_GROUP_DEMO_ONLY,2024-06-11,2024-06-11,ACH CREDIT PAYER REMIT EFT-TENNCARE-20240610,CREDIT,11.19,51223.19,REF6543370,EFT-TENNCARE-20240610
MOCK_RAD_GROUP_DEMO_ONLY,2024-06-11,2024-06-11,ACH CREDIT PAYER REMIT EFT-UHC-20240610,CREDIT,337.48,51560.67,REF7278906,EFT-UHC-20240610
MOCK_RAD_GROUP_DEMO_ONLY,2024-06-12,2024-06-12,ACH CREDIT PAYER REMIT EFT-BCBSTN-20240610,CREDIT,82.44,51643.11,REF1349968,EFT-BCBSTN-20240610
MOCK_RAD_GROUP_DEMO_ONLY,2024-06-12,2024-06-12,ACH CREDIT PAYER REMIT EFT-CIGNA-20240610,CREDIT,109.14,51752.25,REF1412169,EFT-CIGNA-20240610
MOCK_RAD_GROUP_DEMO_ONLY,2024-06-12,2024-06-12,ACH CREDIT PAYER REMIT EFT-MCARE-20240610,CREDIT,35.88,51788.13,REF6367530,EFT-MCARE-20240610
MOCK_RAD_GROUP_DEMO_ONLY,2024-06-13,2024-06-13,ACH CREDIT PAYER REMIT EFT-BCBSTN-20240610,CREDIT,90.91,51879.04,REF2341777,EFT-BCBSTN-20240610
MOCK_RAD_GROUP_DEMO_ONLY,2024-06-13,2024-06-13,ACH CREDIT PAYER REMIT EFT-CIGNA-20240610,CREDIT,123.1,52002.14,REF4061630,EFT-CIGNA-20240610
MOCK_RAD_GROUP_DEMO_ONLY,2024-06-13,2024-06-13,ACH CREDIT PAYER REMIT EFT-MCARE-20240610,CREDIT,59.2,52061.34,REF4167079,EFT-MCARE-20240610
MOCK_RAD_GROUP_DEMO_ONLY,2024-06-13,2024-06-13,ACH CREDIT PAYER REMIT EFT-TENNCARE-20240610,CREDIT,22.1,52083.44,REF2538545,EFT-TENNCARE-20240610
MOCK_RAD_GROUP_DEMO_ONLY,2024-06-13,2024-06-13,INTEREST CREDIT,CREDIT,12.05,52095.49,REF8617974,
MOCK_RAD_GROUP_DEMO_ONLY,2024-06-14,2024-06-14,ACH CREDIT PAYER REMIT EFT-BCBSTN-20240610,CREDIT,179.88,52275.37,REF6069046,EFT-BCBSTN-20240610
MOCK_RAD_GROUP_DEMO_ONLY,2024-06-14,2024-06-14,ACH CREDIT PAYER REMIT EFT-UHC-20240610,CREDIT,140.52,52415.89,REF9279075,EFT-UHC-20240610
MOCK_RAD_GROUP_DEMO_ONLY,2024-06-15,2024-06-15,ACH CREDIT PAYER REMIT EFT-BCBSTN-20240610,CREDIT,177.53,52593.42,REF7520017,EFT-BCBSTN-20240610
MOCK_RAD_GROUP_DEMO_ONLY,2024-06-15,2024-06-15,ACH CREDIT PAYER REMIT EFT-MCARE-20240610,CREDIT,18.45,52611.87,REF2351854,EFT-MCARE-20240610
MOCK_RAD_GROUP_DEMO_ONLY,2024-06-15,2024-06-15,ACH CREDIT PAYER REMIT EFT-SELFPAY-20240610,CREDIT,6.79,52618.66,REF1158148,EFT-SELFPAY-20240610
MOCK_RAD_GROUP_DEMO_ONLY,2024-06-15,2024-06-15,ACH CREDIT PAYER REMIT EFT-TENNCARE-20240610,CREDIT,33.38,52652.04,REF1196955,EFT-TENNCARE-20240610
MOCK_RAD_GROUP_DEMO_ONLY,2024-06-16,2024-06-16,ACH CREDIT PAYER REMIT EFT-BCBSTN-20240610,CREDIT,187.52,52839.56,REF2532663,EFT-BCBSTN-20240610
MOCK_RAD_GROUP_DEMO_ONLY,2024-06-16,2024-06-16,ACH CREDIT PAYER REMIT EFT-CIGNA-20240610,CREDIT,141.7,52981.26,REF9125576,EFT-CIGNA-20240610
MOCK_RAD_GROUP_DEMO_ONLY,2024-06-16,2024-06-16,ACH CREDIT PAYER REMIT EFT-MCARE-20240610,CREDIT,48.82,53030.08,REF3878737,EFT-MCARE-20240610
MOCK_RAD_GROUP_DEMO_ONLY,2024-06-16,2024-06-16,ACH CREDIT PAYER REMIT EFT-UHC-20240610,CREDIT,101.71,53131.79,REF2927618,EFT-UHC-20240610
MOCK_RAD_GROUP_DEMO_ONLY,2024-06-17,2024-06-17,ACH CREDIT PAYER REMIT EFT-TENNCARE-20240617,CREDIT,32.95,53164.74,REF6413371,EFT-TENNCARE-20240617
MOCK_RAD_GROUP_DEMO_ONLY,2024-06-17,2024-06-17,ACH CREDIT PAYER REMIT EFT-UHC-20240617,CREDIT,155.59,53320.33,REF9631415,EFT-UHC-20240617
MOCK_RAD_GROUP_DEMO_ONLY,2024-06-18,2024-06-18,ACH CREDIT PAYER REMIT EFT-BCBSTN-20240617,CREDIT,121.0,53441.33,REF4747044,EFT-BCBSTN-20240617
MOCK_RAD_GROUP_DEMO_ONLY,2024-06-18,2024-06-18,ACH CREDIT PAYER REMIT EFT-CIGNA-20240617,CREDIT,194.09,53635.42,REF4485392,EFT-CIGNA-20240617
MOCK_RAD_GROUP_DEMO_ONLY,2024-06-18,2024-06-18,ACH CREDIT PAYER REMIT EFT-UHC-20240617,CREDIT,19.41,53654.83,REF5048937,EFT-UHC-20240617
MOCK_RAD_GROUP_DEMO_ONLY,2024-06-18,2024-06-18,ACCOUNT ANALYSIS FEE,DEBIT,-131.59,53523.24,REF2749476,
MOCK_RAD_GROUP_DEMO_ONLY,2024-06-18,2024-06-18,BOOK TRANSFER TO OPERATING 8841,DEBIT,-5423.26,48099.98,REF9718976,
MOCK_RAD_GROUP_DEMO_ONLY,2024-06-19,2024-06-19,ACH CREDIT PAYER REMIT EFT-CIGNA-20240617,CREDIT,280.15,48380.13,REF7313740,EFT-CIGNA-20240617
MOCK_RAD_GROUP_DEMO_ONLY,2024-06-19,2024-06-19,ACH CREDIT PAYER REMIT EFT-MCARE-20240617,CREDIT,52.36,48432.49,REF8740237,EFT-MCARE-20240617
MOCK_RAD_GROUP_DEMO_ONLY,2024-06-20,2024-06-20,ACH CREDIT PAYER REMIT EFT-UHC-20240617,CREDIT,92.46,48524.95,REF5216393,EFT-UHC-20240617
MOCK_RAD_GROUP_DEMO_ONLY,2024-06-21,2024-06-21,ACH CREDIT PAYER REMIT EFT-CIGNA-20240617,CREDIT,143.42,48668.37,REF4575735,EFT-CIGNA-20240617
MOCK_RAD_GROUP_DEMO_ONLY,2024-06-22,2024-06-22,ACH CREDIT PAYER REMIT EFT-MCARE-20240617,CREDIT,68.41,48736.78,REF2021514,EFT-MCARE-20240617
MOCK_RAD_GROUP_DEMO_ONLY,2024-06-23,2024-06-23,ACH CREDIT PAYER REMIT EFT-BCBSTN-20240617,CREDIT,157.26,48894.04,REF8827747,EFT-BCBSTN-20240617
MOCK_RAD_GROUP_DEMO_ONLY,2024-06-23,2024-06-23,ACH CREDIT PAYER REMIT EFT-MCARE-20240617,CREDIT,171.88,49065.92,REF1156069,EFT-MCARE-20240617
MOCK_RAD_GROUP_DEMO_ONLY,2024-06-24,2024-06-24,ACH CREDIT PAYER REMIT EFT-BCBSTN-20240624,CREDIT,156.59,49222.51,REF7541887,EFT-BCBSTN-20240624
MOCK_RAD_GROUP_DEMO_ONLY,2024-06-24,2024-06-24,ACH CREDIT PAYER REMIT EFT-CIGNA-20240624,CREDIT,115.54,49338.05,REF5122743,EFT-CIGNA-20240624
MOCK_RAD_GROUP_DEMO_ONLY,2024-06-24,2024-06-24,ACH CREDIT PAYER REMIT EFT-TENNCARE-20240624,CREDIT,16.39,49354.44,REF2492705,EFT-TENNCARE-20240624
MOCK_RAD_GROUP_DEMO_ONLY,2024-06-25,2024-06-25,ACH CREDIT PAYER REMIT EFT-BCBSTN-20240624,CREDIT,295.57,49650.01,REF1201414,EFT-BCBSTN-20240624
MOCK_RAD_GROUP_DEMO_ONLY,2024-06-25,2024-06-25,ACH CREDIT PAYER REMIT EFT-CIGNA-20240624,CREDIT,79.37,49729.38,REF8317786,EFT-CIGNA-20240624
MOCK_RAD_GROUP_DEMO_ONLY,2024-06-25,2024-06-25,ACH CREDIT PAYER REMIT EFT-UHC-20240624,CREDIT,186.39,49915.77,REF2496263,EFT-UHC-20240624
MOCK_RAD_GROUP_DEMO_ONLY,2024-06-26,2024-06-26,ACH CREDIT PAYER REMIT EFT-BCBSTN-20240624,CREDIT,131.2,50046.97,REF3862852,EFT-BCBSTN-20240624
MOCK_RAD_GROUP_DEMO_ONLY,2024-06-26,2024-06-26,ACH CREDIT PAYER REMIT EFT-UHC-20240624,CREDIT,15.64,50062.61,REF1813674,EFT-UHC-20240624
MOCK_RAD_GROUP_DEMO_ONLY,2024-06-27,2024-06-27,ACH CREDIT PAYER REMIT EFT-BCBSTN-20240624,CREDIT,215.77,50278.38,REF1820387,EFT-BCBSTN-20240624
MOCK_RAD_GROUP_DEMO_ONLY,2024-06-27,2024-06-27,ACH CREDIT PAYER REMIT EFT-MCARE-20240624,CREDIT,45.52,50323.9,REF6084903,EFT-MCARE-20240624
MOCK_RAD_GROUP_DEMO_ONLY,2024-06-28,2024-06-28,ACH CREDIT PAYER REMIT EFT-BCBSTN-20240624,CREDIT,169.62,50493.52,REF6930830,EFT-BCBSTN-20240624
MOCK_RAD_GROUP_DEMO_ONLY,2024-06-28,2024-06-28,ACH CREDIT PAYER REMIT EFT-CIGNA-20240624,CREDIT,128.52,50622.04,REF8685661,EFT-CIGNA-20240624
MOCK_RAD_GROUP_DEMO_ONLY,2024-06-28,2024-06-28,ACH CREDIT PAYER REMIT EFT-TENNCARE-20240624,CREDIT,23.82,50645.86,REF8548637,EFT-TENNCARE-20240624
MOCK_RAD_GROUP_DEMO_ONLY,2024-06-29,2024-06-29,ACH CREDIT PAYER REMIT EFT-BCBSTN-20240624,CREDIT,76.03,50721.89,REF2172467,EFT-BCBSTN-20240624
MOCK_RAD_GROUP_DEMO_ONLY,2024-06-29,2024-06-29,ACH CREDIT PAYER REMIT EFT-MCARE-20240624,CREDIT,208.37,50930.26,REF6079089,EFT-MCARE-20240624
MOCK_RAD_GROUP_DEMO_ONLY,2024-06-29,2024-06-29,ACH CREDIT PAYER REMIT EFT-SELFPAY-20240624,CREDIT,9.3,50939.56,REF4979314,EFT-SELFPAY-20240624
MOCK_RAD_GROUP_DEMO_ONLY,2024-06-29,2024-06-29,ACH CREDIT PAYER REMIT EFT-TENNCARE-20240624,CREDIT,72.75,51012.31,REF8811187,EFT-TENNCARE-20240624
MOCK_RAD_GROUP_DEMO_ONLY,2024-06-30,2024-06-30,ACH CREDIT PAYER REMIT EFT-MCARE-20240624,CREDIT,23.35,51035.66,REF5749367,EFT-MCARE-20240624
MOCK_RAD_GROUP_DEMO_ONLY,2024-06-30,2024-06-30,ACH CREDIT PAYER REMIT EFT-UHC-20240624,CREDIT,163.85,51199.51,REF1810643,EFT-UHC-20240624
MOCK_RAD_GROUP_DEMO_ONLY,2024-07-01,2024-07-01,ACH CREDIT PAYER REMIT EFT-BCBSTN-20240701,CREDIT,58.72,51258.23,REF7185231,EFT-BCBSTN-20240701
MOCK_RAD_GROUP_DEMO_ONLY,2024-07-01,2024-07-01,ACH CREDIT PAYER REMIT EFT-MCARE-20240701,CREDIT,125.26,51383.49,REF8733675,EFT-MCARE-20240701
MOCK_RAD_GROUP_DEMO_ONLY,2024-07-01,2024-07-01,ACH CREDIT PAYER REMIT EFT-TENNCARE-20240701,CREDIT,33.38,51416.87,REF7675759,EFT-TENNCARE-20240701
MOCK_RAD_GROUP_DEMO_ONLY,2024-07-02,2024-07-02,ACH CREDIT PAYER REMIT EFT-MCARE-20240701,CREDIT,47.4,51464.27,REF2072517,EFT-MCARE-20240701
MOCK_RAD_GROUP_DEMO_ONLY,2024-07-02,2024-07-02,ACH CREDIT PAYER REMIT EFT-TENNCARE-20240701,CREDIT,30.27,51494.54,REF4782991,EFT-TENNCARE-20240701
MOCK_RAD_GROUP_DEMO_ONLY,2024-07-03,2024-07-03,ACH CREDIT PAYER REMIT EFT-BCBSTN-20240701,CREDIT,260.17,51754.71,REF8372191,EFT-BCBSTN-20240701
MOCK_RAD_GROUP_DEMO_ONLY,2024-07-03,2024-07-03,ACH CREDIT PAYER REMIT EFT-CIGNA-20240701,CREDIT,224.27,51978.98,REF4568383,EFT-CIGNA-20240701
MOCK_RAD_GROUP_DEMO_ONLY,2024-07-03,2024-07-03,ACH CREDIT PAYER REMIT EFT-MCARE-20240701,CREDIT,116.85,52095.83,REF7314543,EFT-MCARE-20240701
MOCK_RAD_GROUP_DEMO_ONLY,2024-07-03,2024-07-03,ACH CREDIT PAYER REMIT EFT-UHC-20240701,CREDIT,236.44,52332.27,REF5116715,EFT-UHC-20240701
MOCK_RAD_GROUP_DEMO_ONLY,2024-07-04,2024-07-04,ACH CREDIT PAYER REMIT EFT-BCBSTN-20240701,CREDIT,104.57,52436.84,REF6839349,EFT-BCBSTN-20240701
MOCK_RAD_GROUP_DEMO_ONLY,2024-07-04,2024-07-04,ACH CREDIT PAYER REMIT EFT-MCARE-20240701,CREDIT,121.3,52558.14,REF4201878,EFT-MCARE-20240701
MOCK_RAD_GROUP_DEMO_ONLY,2024-07-05,2024-07-05,ACH CREDIT PAYER REMIT EFT-MCARE-20240701,CREDIT,103.84,52661.98,REF7706367,EFT-MCARE-20240701
MOCK_RAD_GROUP_DEMO_ONLY,2024-07-05,2024-07-05,ACH CREDIT PAYER REMIT EFT-UHC-20240701,CREDIT,118.52,52780.5,REF1091747,EFT-UHC-20240701
MOCK_RAD_GROUP_DEMO_ONLY,2024-07-06,2024-07-06,ACH CREDIT PAYER REMIT EFT-BCBSTN-20240701,CREDIT,79.92,52860.42,REF6005902,EFT-BCBSTN-20240701
MOCK_RAD_GROUP_DEMO_ONLY,2024-07-06,2024-07-06,ACH CREDIT PAYER REMIT EFT-MCARE-20240701,CREDIT,57.44,52917.86,REF5575933,EFT-MCARE-20240701
MOCK_RAD_GROUP_DEMO_ONLY,2024-07-06,2024-07-06,ACH CREDIT PAYER REMIT EFT-UHC-20240701,CREDIT,149.89,53067.75,REF4044484,EFT-UHC-20240701
MOCK_RAD_GROUP_DEMO_ONLY,2024-07-07,2024-07-07,ACH CREDIT PAYER REMIT EFT-BCBSTN-20240701,CREDIT,64.22,53131.97,REF8362117,EFT-BCBSTN-20240701
MOCK_RAD_GROUP_DEMO_ONLY,2024-07-07,2024-07-07,ACH CREDIT PAYER REMIT EFT-MCARE-20240701,CREDIT,77.14,53209.11,REF3503339,EFT-MCARE-20240701
MOCK_RAD_GROUP_DEMO_ONLY,2024-07-07,2024-07-07,ACH CREDIT PAYER REMIT EFT-UHC-20240701,CREDIT,283.26,53492.37,REF9378714,EFT-UHC-20240701
MOCK_RAD_GROUP_DEMO_ONLY,2024-07-08,2024-07-08,ACH CREDIT PAYER REMIT EFT-BCBSTN-20240708,CREDIT,194.64,53687.01,REF5387713,EFT-BCBSTN-20240708
MOCK_RAD_GROUP_DEMO_ONLY,2024-07-08,2024-07-08,ACH CREDIT PAYER REMIT EFT-CIGNA-20240708,CREDIT,14.15,53701.16,REF3240219,EFT-CIGNA-20240708
MOCK_RAD_GROUP_DEMO_ONLY,2024-07-08,2024-07-08,ACH CREDIT PAYER REMIT EFT-SELFPAY-20240708,CREDIT,0.92,53702.08,REF5102402,EFT-SELFPAY-20240708
MOCK_RAD_GROUP_DEMO_ONLY,2024-07-08,2024-07-08,ACH CREDIT PAYER REMIT EFT-TENNCARE-20240708,CREDIT,31.91,53733.99,REF2934680,EFT-TENNCARE-20240708
MOCK_RAD_GROUP_DEMO_ONLY,2024-07-08,2024-07-08,ACH CREDIT PAYER REMIT EFT-UHC-20240708,CREDIT,19.62,53753.61,REF1601496,EFT-UHC-20240708
MOCK_RAD_GROUP_DEMO_ONLY,2024-07-09,2024-07-09,ACH CREDIT PAYER REMIT EFT-BCBSTN-20240708,CREDIT,59.65,53813.26,REF8139649,EFT-BCBSTN-20240708
MOCK_RAD_GROUP_DEMO_ONLY,2024-07-09,2024-07-09,ACH CREDIT PAYER REMIT EFT-SELFPAY-20240708,CREDIT,9.55,53822.81,REF2123463,EFT-SELFPAY-20240708
MOCK_RAD_GROUP_DEMO_ONLY,2024-07-11,2024-07-11,ACH CREDIT PAYER REMIT EFT-BCBSTN-20240708,CREDIT,240.95,54063.76,REF9549835,EFT-BCBSTN-20240708
MOCK_RAD_GROUP_DEMO_ONLY,2024-07-11,2024-07-11,ACH CREDIT PAYER REMIT EFT-TENNCARE-20240708,CREDIT,35.1,54098.86,REF9191242,EFT-TENNCARE-20240708
MOCK_RAD_GROUP_DEMO_ONLY,2024-07-12,2024-07-12,ACH CREDIT PAYER REMIT EFT-MCARE-20240708,CREDIT,64.52,54163.38,REF7993626,EFT-MCARE-20240708
MOCK_RAD_GROUP_DEMO_ONLY,2024-07-13,2024-07-13,ACH CREDIT PAYER REMIT EFT-TENNCARE-20240708,CREDIT,4.94,54168.32,REF9868513,EFT-TENNCARE-20240708
MOCK_RAD_GROUP_DEMO_ONLY,2024-07-14,2024-07-14,ACH CREDIT PAYER REMIT EFT-BCBSTN-20240708,CREDIT,223.16,54391.48,REF2795382,EFT-BCBSTN-20240708
MOCK_RAD_GROUP_DEMO_ONLY,2024-07-14,2024-07-14,ACH CREDIT PAYER REMIT EFT-MCARE-20240708,CREDIT,47.68,54439.16,REF2026346,EFT-MCARE-20240708
MOCK_RAD_GROUP_DEMO_ONLY,2024-07-14,2024-07-14,ACH CREDIT PAYER REMIT EFT-TENNCARE-20240708,CREDIT,14.09,54453.25,REF9087603,EFT-TENNCARE-20240708
MOCK_RAD_GROUP_DEMO_ONLY,2024-07-15,2024-07-15,ACH CREDIT PAYER REMIT EFT-BCBSTN-20240715,CREDIT,70.46,54523.71,REF5066393,EFT-BCBSTN-20240715
MOCK_RAD_GROUP_DEMO_ONLY,2024-07-15,2024-07-15,ACH CREDIT PAYER REMIT EFT-MCARE-20240715,CREDIT,25.09,54548.8,REF3902037,EFT-MCARE-20240715
MOCK_RAD_GROUP_DEMO_ONLY,2024-07-15,2024-07-15,ACH CREDIT PAYER REMIT EFT-UHC-20240715,CREDIT,136.88,54685.68,REF2469410,EFT-UHC-20240715
MOCK_RAD_GROUP_DEMO_ONLY,2024-07-16,2024-07-16,ACH CREDIT PAYER REMIT EFT-BCBSTN-20240715,CREDIT,126.0,54811.68,REF7265247,EFT-BCBSTN-20240715
MOCK_RAD_GROUP_DEMO_ONLY,2024-07-16,2024-07-16,ACH CREDIT PAYER REMIT EFT-CIGNA-20240715,CREDIT,44.59,54856.27,REF2266820,EFT-CIGNA-20240715
MOCK_RAD_GROUP_DEMO_ONLY,2024-07-16,2024-07-16,ACH CREDIT PAYER REMIT EFT-MCARE-20240715,CREDIT,51.16,54907.43,REF3525700,EFT-MCARE-20240715
MOCK_RAD_GROUP_DEMO_ONLY,2024-07-16,2024-07-16,ACH CREDIT PAYER REMIT EFT-UHC-20240715,CREDIT,263.19,55170.62,REF6774306,EFT-UHC-20240715
MOCK_RAD_GROUP_DEMO_ONLY,2024-07-17,2024-07-17,ACH CREDIT PAYER REMIT EFT-BCBSTN-20240715,CREDIT,131.43,55302.05,REF4480428,EFT-BCBSTN-20240715
MOCK_RAD_GROUP_DEMO_ONLY,2024-07-17,2024-07-17,ACH CREDIT PAYER REMIT EFT-MCARE-20240715,CREDIT,22.31,55324.36,REF6870798,EFT-MCARE-20240715
MOCK_RAD_GROUP_DEMO_ONLY,2024-07-18,2024-07-18,ACH CREDIT PAYER REMIT EFT-MCARE-20240715,CREDIT,36.66,55361.02,REF8560142,EFT-MCARE-20240715
MOCK_RAD_GROUP_DEMO_ONLY,2024-07-18,2024-07-18,ACCOUNT ANALYSIS FEE,DEBIT,-160.86,55200.16,REF7640270,
MOCK_RAD_GROUP_DEMO_ONLY,2024-07-18,2024-07-18,BOOK TRANSFER TO OPERATING 8841,DEBIT,-5371.89,49828.27,REF6293384,
MOCK_RAD_GROUP_DEMO_ONLY,2024-07-18,2024-07-18,INTEREST CREDIT,CREDIT,36.0,49864.27,REF5259571,
MOCK_RAD_GROUP_DEMO_ONLY,2024-07-19,2024-07-19,ACH CREDIT PAYER REMIT EFT-MCARE-20240715,CREDIT,27.93,49892.2,REF7528019,EFT-MCARE-20240715
MOCK_RAD_GROUP_DEMO_ONLY,2024-07-19,2024-07-19,ACH CREDIT PAYER REMIT EFT-TENNCARE-20240715,CREDIT,3.42,49895.62,REF6627912,EFT-TENNCARE-20240715
MOCK_RAD_GROUP_DEMO_ONLY,2024-07-19,2024-07-19,ACH CREDIT PAYER REMIT EFT-UHC-20240715,CREDIT,121.72,50017.34,REF4295607,EFT-UHC-20240715
MOCK_RAD_GROUP_DEMO_ONLY,2024-07-20,2024-07-20,ACH CREDIT PAYER REMIT EFT-CIGNA-20240715,CREDIT,58.87,50076.21,REF9463618,EFT-CIGNA-20240715
MOCK_RAD_GROUP_DEMO_ONLY,2024-07-20,2024-07-20,ACH CREDIT PAYER REMIT EFT-MCARE-20240715,CREDIT,90.39,50166.6,REF9377803,EFT-MCARE-20240715
MOCK_RAD_GROUP_DEMO_ONLY,2024-07-21,2024-07-21,ACH CREDIT PAYER REMIT EFT-BCBSTN-20240715,CREDIT,126.07,50292.67,REF1949480,EFT-BCBSTN-20240715
MOCK_RAD_GROUP_DEMO_ONLY,2024-07-21,2024-07-21,ACH CREDIT PAYER REMIT EFT-CIGNA-20240715,CREDIT,52.5,50345.17,REF7398197,EFT-CIGNA-20240715
MOCK_RAD_GROUP_DEMO_ONLY,2024-07-21,2024-07-21,ACH CREDIT PAYER REMIT EFT-MCARE-20240715,CREDIT,68.42,50413.59,REF1999863,EFT-MCARE-20240715
MOCK_RAD_GROUP_DEMO_ONLY,2024-07-21,2024-07-21,ACH CREDIT PAYER REMIT EFT-UHC-20240715,CREDIT,191.1,50604.69,REF4617055,EFT-UHC-20240715
MOCK_RAD_GROUP_DEMO_ONLY,2024-07-22,2024-07-22,ACH CREDIT PAYER REMIT EFT-BCBSTN-20240722,CREDIT,72.75,50677.44,REF9275262,EFT-BCBSTN-20240722
MOCK_RAD_GROUP_DEMO_ONLY,2024-07-22,2024-07-22,ACH CREDIT PAYER REMIT EFT-CIGNA-20240722,CREDIT,57.12,50734.56,REF2706762,EFT-CIGNA-20240722
MOCK_RAD_GROUP_DEMO_ONLY,2024-07-22,2024-07-22,ACH CREDIT PAYER REMIT EFT-MCARE-20240722,CREDIT,6.82,50741.38,REF8757359,EFT-MCARE-20240722
MOCK_RAD_GROUP_DEMO_ONLY,2024-07-23,2024-07-23,ACH CREDIT PAYER REMIT EFT-CIGNA-20240722,CREDIT,125.08,50866.46,REF1435528,EFT-CIGNA-20240722
MOCK_RAD_GROUP_DEMO_ONLY,2024-07-23,2024-07-23,ACH CREDIT PAYER REMIT EFT-TENNCARE-20240722,CREDIT,16.61,50883.07,REF9572296,EFT-TENNCARE-20240722
MOCK_RAD_GROUP_DEMO_ONLY,2024-07-23,2024-07-23,ACH CREDIT PAYER REMIT EFT-UHC-20240722,CREDIT,178.84,51061.91,REF3798999,EFT-UHC-20240722
MOCK_RAD_GROUP_DEMO_ONLY,2024-07-24,2024-07-24,ACH CREDIT PAYER REMIT EFT-CIGNA-20240722,CREDIT,189.16,51251.07,REF7663479,EFT-CIGNA-20240722
MOCK_RAD_GROUP_DEMO_ONLY,2024-07-24,2024-07-24,ACH CREDIT PAYER REMIT EFT-MCARE-20240722,CREDIT,64.93,51316.0,REF4874643,EFT-MCARE-20240722
MOCK_RAD_GROUP_DEMO_ONLY,2024-07-25,2024-07-25,ACH CREDIT PAYER REMIT EFT-CIGNA-20240722,CREDIT,423.49,51739.49,REF7444330,EFT-CIGNA-20240722
MOCK_RAD_GROUP_DEMO_ONLY,2024-07-25,2024-07-25,ACH CREDIT PAYER REMIT EFT-MCARE-20240722,CREDIT,64.01,51803.5,REF1684366,EFT-MCARE-20240722
MOCK_RAD_GROUP_DEMO_ONLY,2024-07-25,2024-07-25,ACH CREDIT PAYER REMIT EFT-TENNCARE-20240722,CREDIT,39.89,51843.39,REF3652349,EFT-TENNCARE-20240722
MOCK_RAD_GROUP_DEMO_ONLY,2024-07-26,2024-07-26,ACH CREDIT PAYER REMIT EFT-MCARE-20240722,CREDIT,74.68,51918.07,REF1740100,EFT-MCARE-20240722
MOCK_RAD_GROUP_DEMO_ONLY,2024-07-26,2024-07-26,ACH CREDIT PAYER REMIT EFT-TENNCARE-20240722,CREDIT,43.58,51961.65,REF2721716,EFT-TENNCARE-20240722
MOCK_RAD_GROUP_DEMO_ONLY,2024-07-26,2024-07-26,ACH CREDIT PAYER REMIT EFT-UHC-20240722,CREDIT,342.29,52303.94,REF5422578,EFT-UHC-20240722
MOCK_RAD_GROUP_DEMO_ONLY,2024-07-27,2024-07-27,ACH CREDIT PAYER REMIT EFT-MCARE-20240722,CREDIT,127.09,52431.03,REF9822426,EFT-MCARE-20240722
MOCK_RAD_GROUP_DEMO_ONLY,2024-07-27,2024-07-27,ACH CREDIT PAYER REMIT EFT-UHC-20240722,CREDIT,107.86,52538.89,REF9483347,EFT-UHC-20240722
MOCK_RAD_GROUP_DEMO_ONLY,2024-07-28,2024-07-28,ACH CREDIT PAYER REMIT EFT-TENNCARE-20240722,CREDIT,3.95,52542.84,REF3281826,EFT-TENNCARE-20240722
MOCK_RAD_GROUP_DEMO_ONLY,2024-07-29,2024-07-29,ACH CREDIT PAYER REMIT EFT-BCBSTN-20240729,CREDIT,158.38,52701.22,REF9966163,EFT-BCBSTN-20240729
MOCK_RAD_GROUP_DEMO_ONLY,2024-07-30,2024-07-30,ACH CREDIT PAYER REMIT EFT-BCBSTN-20240729,CREDIT,138.25,52839.47,REF1726312,EFT-BCBSTN-20240729
MOCK_RAD_GROUP_DEMO_ONLY,2024-07-30,2024-07-30,ACH CREDIT PAYER REMIT EFT-TENNCARE-20240729,CREDIT,21.01,52860.48,REF6473936,EFT-TENNCARE-20240729
MOCK_RAD_GROUP_DEMO_ONLY,2024-07-30,2024-07-30,ACH CREDIT PAYER REMIT EFT-UHC-20240729,CREDIT,59.05,52919.53,REF8861156,EFT-UHC-20240729
MOCK_RAD_GROUP_DEMO_ONLY,2024-07-31,2024-07-31,ACH CREDIT PAYER REMIT EFT-BCBSTN-20240729,CREDIT,219.25,53138.78,REF8704449,EFT-BCBSTN-20240729
MOCK_RAD_GROUP_DEMO_ONLY,2024-07-31,2024-07-31,ACH CREDIT PAYER REMIT EFT-MCARE-20240729,CREDIT,50.08,53188.86,REF1941513,EFT-MCARE-20240729
MOCK_RAD_GROUP_DEMO_ONLY,2024-07-31,2024-07-31,ACH CREDIT PAYER REMIT EFT-TENNCARE-20240729,CREDIT,40.79,53229.65,REF6704450,EFT-TENNCARE-20240729
MOCK_RAD_GROUP_DEMO_ONLY,2024-07-31,2024-07-31,ACH CREDIT PAYER REMIT EFT-UHC-20240729,CREDIT,147.24,53376.89,REF6983259,EFT-UHC-20240729
MOCK_RAD_GROUP_DEMO_ONLY,2024-08-01,2024-08-01,ACH CREDIT PAYER REMIT EFT-BCBSTN-20240729,CREDIT,73.26,53450.15,REF1061499,EFT-BCBSTN-20240729
MOCK_RAD_GROUP_DEMO_ONLY,2024-08-01,2024-08-01,ACH CREDIT PAYER REMIT EFT-CIGNA-20240729,CREDIT,137.95,53588.1,REF2866891,EFT-CIGNA-20240729
MOCK_RAD_GROUP_DEMO_ONLY,2024-08-01,2024-08-01,ACH CREDIT PAYER REMIT EFT-MCARE-20240729,CREDIT,83.44,53671.54,REF8816757,EFT-MCARE-20240729
MOCK_RAD_GROUP_DEMO_ONLY,2024-08-01,2024-08-01,ACH CREDIT PAYER REMIT EFT-UHC-20240729,CREDIT,86.05,53757.59,REF1701664,EFT-UHC-20240729
MOCK_RAD_GROUP_DEMO_ONLY,2024-08-02,2024-08-02,ACH CREDIT PAYER REMIT EFT-BCBSTN-20240729,CREDIT,287.02,54044.61,REF9712294,EFT-BCBSTN-20240729
MOCK_RAD_GROUP_DEMO_ONLY,2024-08-02,2024-08-02,ACH CREDIT PAYER REMIT EFT-MCARE-20240729,CREDIT,30.64,54075.25,REF6407556,EFT-MCARE-20240729
MOCK_RAD_GROUP_DEMO_ONLY,2024-08-02,2024-08-02,ACH CREDIT PAYER REMIT EFT-SELFPAY-20240729,CREDIT,8.7,54083.95,REF7054913,EFT-SELFPAY-20240729
MOCK_RAD_GROUP_DEMO_ONLY,2024-08-03,2024-08-03,ACH CREDIT PAYER REMIT EFT-CIGNA-20240729,CREDIT,62.7,54146.65,REF5064181,EFT-CIGNA-20240729
MOCK_RAD_GROUP_DEMO_ONLY,2024-08-03,2024-08-03,ACH CREDIT PAYER REMIT EFT-MCARE-20240729,CREDIT,98.22,54244.87,REF6737981,EFT-MCARE-20240729
MOCK_RAD_GROUP_DEMO_ONLY,2024-08-03,2024-08-03,ACH CREDIT PAYER REMIT EFT-TENNCARE-20240729,CREDIT,39.19,54284.06,REF9650230,EFT-TENNCARE-20240729
MOCK_RAD_GROUP_DEMO_ONLY,2024-08-04,2024-08-04,ACH CREDIT PAYER REMIT EFT-BCBSTN-20240729,CREDIT,232.71,54516.77,REF1115747,EFT-BCBSTN-20240729
MOCK_RAD_GROUP_DEMO_ONLY,2024-08-04,2024-08-04,ACH CREDIT PAYER REMIT EFT-CIGNA-20240729,CREDIT,275.25,54792.02,REF6371735,EFT-CIGNA-20240729
MOCK_RAD_GROUP_DEMO_ONLY,2024-08-04,2024-08-04,ACH CREDIT PAYER REMIT EFT-MCARE-20240729,CREDIT,38.11,54830.13,REF4070499,EFT-MCARE-20240729
MOCK_RAD_GROUP_DEMO_ONLY,2024-08-05,2024-08-05,ACH CREDIT PAYER REMIT EFT-UHC-20240805,CREDIT,173.91,55004.04,REF2573538,EFT-UHC-20240805
MOCK_RAD_GROUP_DEMO_ONLY,2024-08-06,2024-08-06,ACH CREDIT PAYER REMIT EFT-BCBSTN-20240805,CREDIT,397.08,55401.12,REF5358155,EFT-BCBSTN-20240805
MOCK_RAD_GROUP_DEMO_ONLY,2024-08-06,2024-08-06,ACH CREDIT PAYER REMIT EFT-MCARE-20240805,CREDIT,60.27,55461.39,REF6222731,EFT-MCARE-20240805
MOCK_RAD_GROUP_DEMO_ONLY,2024-08-06,2024-08-06,INTEREST CREDIT,CREDIT,29.58,55490.97,REF6252287,
MOCK_RAD_GROUP_DEMO_ONLY,2024-08-07,2024-08-07,ACH CREDIT PAYER REMIT EFT-BCBSTN-20240805,CREDIT,134.59,55625.56,REF5684757,EFT-BCBSTN-20240805
MOCK_RAD_GROUP_DEMO_ONLY,2024-08-07,2024-08-07,ACH CREDIT PAYER REMIT EFT-SELFPAY-20240805,CREDIT,18.21,55643.77,REF2295638,EFT-SELFPAY-20240805
MOCK_RAD_GROUP_DEMO_ONLY,2024-08-07,2024-08-07,ACH CREDIT PAYER REMIT EFT-TENNCARE-20240805,CREDIT,31.69,55675.46,REF6100988,EFT-TENNCARE-20240805
MOCK_RAD_GROUP_DEMO_ONLY,2024-08-08,2024-08-08,ACH CREDIT PAYER REMIT EFT-BCBSTN-20240805,CREDIT,158.61,55834.07,REF4500880,EFT-BCBSTN-20240805
MOCK_RAD_GROUP_DEMO_ONLY,2024-08-08,2024-08-08,ACH CREDIT PAYER REMIT EFT-MCARE-20240805,CREDIT,156.56,55990.63,REF9429187,EFT-MCARE-20240805
MOCK_RAD_GROUP_DEMO_ONLY,2024-08-08,2024-08-08,ACH CREDIT PAYER REMIT EFT-TENNCARE-20240805,CREDIT,64.41,56055.04,REF1291047,EFT-TENNCARE-20240805
MOCK_RAD_GROUP_DEMO_ONLY,2024-08-09,2024-08-09,ACH CREDIT PAYER REMIT EFT-MCARE-20240805,CREDIT,40.32,56095.36,REF5100092,EFT-MCARE-20240805
MOCK_RAD_GROUP_DEMO_ONLY,2024-08-09,2024-08-09,ACH CREDIT PAYER REMIT EFT-UHC-20240805,CREDIT,83.38,56178.74,REF7708093,EFT-UHC-20240805
MOCK_RAD_GROUP_DEMO_ONLY,2024-08-10,2024-08-10,ACH CREDIT PAYER REMIT EFT-BCBSTN-20240805,CREDIT,151.34,56330.08,REF2161096,EFT-BCBSTN-20240805
MOCK_RAD_GROUP_DEMO_ONLY,2024-08-10,2024-08-10,ACH CREDIT PAYER REMIT EFT-CIGNA-20240805,CREDIT,54.9,56384.98,REF2599625,EFT-CIGNA-20240805
MOCK_RAD_GROUP_DEMO_ONLY,2024-08-10,2024-08-10,ACH CREDIT PAYER REMIT EFT-MCARE-20240805,CREDIT,27.15,56412.13,REF6105154,EFT-MCARE-20240805
MOCK_RAD_GROUP_DEMO_ONLY,2024-08-10,2024-08-10,ACH CREDIT PAYER REMIT EFT-TENNCARE-20240805,CREDIT,47.86,56459.99,REF3568886,EFT-TENNCARE-20240805
MOCK_RAD_GROUP_DEMO_ONLY,2024-08-10,2024-08-10,ACH CREDIT PAYER REMIT EFT-UHC-20240805,CREDIT,424.34,56884.33,REF3959799,EFT-UHC-20240805
MOCK_RAD_GROUP_DEMO_ONLY,2024-08-11,2024-08-11,ACH CREDIT PAYER REMIT EFT-BCBSTN-20240805,CREDIT,63.71,56948.04,REF3425183,EFT-BCBSTN-20240805
MOCK_RAD_GROUP_DEMO_ONLY,2024-08-12,2024-08-12,ACH CREDIT PAYER REMIT EFT-MCARE-20240812,CREDIT,107.0,57055.04,REF8312787,EFT-MCARE-20240812
MOCK_RAD_GROUP_DEMO_ONLY,2024-08-12,2024-08-12,ACH CREDIT PAYER REMIT EFT-UHC-20240812,CREDIT,57.12,57112.16,REF6218225,EFT-UHC-20240812
MOCK_RAD_GROUP_DEMO_ONLY,2024-08-13,2024-08-13,ACH CREDIT PAYER REMIT EFT-CIGNA-20240812,CREDIT,64.24,57176.4,REF1435789,EFT-CIGNA-20240812
MOCK_RAD_GROUP_DEMO_ONLY,2024-08-13,2024-08-13,ACH CREDIT PAYER REMIT EFT-MCARE-20240812,CREDIT,255.79,57432.19,REF5732572,EFT-MCARE-20240812
MOCK_RAD_GROUP_DEMO_ONLY,2024-08-14,2024-08-14,ACH CREDIT PAYER REMIT EFT-BCBSTN-20240812,CREDIT,57.33,57489.52,REF6544359,EFT-BCBSTN-20240812
MOCK_RAD_GROUP_DEMO_ONLY,2024-08-14,2024-08-14,ACH CREDIT PAYER REMIT EFT-CIGNA-20240812,CREDIT,17.93,57507.45,REF9989828,EFT-CIGNA-20240812
MOCK_RAD_GROUP_DEMO_ONLY,2024-08-14,2024-08-14,ACH CREDIT PAYER REMIT EFT-MCARE-20240812,CREDIT,39.48,57546.93,REF9790772,EFT-MCARE-20240812
MOCK_RAD_GROUP_DEMO_ONLY,2024-08-14,2024-08-14,ACH CREDIT PAYER REMIT EFT-TENNCARE-20240812,CREDIT,37.87,57584.8,REF5729191,EFT-TENNCARE-20240812
MOCK_RAD_GROUP_DEMO_ONLY,2024-08-15,2024-08-15,ACH CREDIT PAYER REMIT EFT-BCBSTN-20240812,CREDIT,115.17,57699.97,REF3187645,EFT-BCBSTN-20240812
MOCK_RAD_GROUP_DEMO_ONLY,2024-08-15,2024-08-15,ACH CREDIT PAYER REMIT EFT-CIGNA-20240812,CREDIT,90.21,57790.18,REF5594473,EFT-CIGNA-20240812
MOCK_RAD_GROUP_DEMO_ONLY,2024-08-16,2024-08-16,ACH CREDIT PAYER REMIT EFT-BCBSTN-20240812,CREDIT,57.26,57847.44,REF8598594,EFT-BCBSTN-20240812
MOCK_RAD_GROUP_DEMO_ONLY,2024-08-16,2024-08-16,ACH CREDIT PAYER REMIT EFT-UHC-20240812,CREDIT,58.28,57905.72,REF1763773,EFT-UHC-20240812
MOCK_RAD_GROUP_DEMO_ONLY,2024-08-17,2024-08-17,ACH CREDIT PAYER REMIT EFT-BCBSTN-20240812,CREDIT,174.69,58080.41,REF5867953,EFT-BCBSTN-20240812
MOCK_RAD_GROUP_DEMO_ONLY,2024-08-17,2024-08-17,ACH CREDIT PAYER REMIT EFT-CIGNA-20240812,CREDIT,106.27,58186.68,REF9531066,EFT-CIGNA-20240812
MOCK_RAD_GROUP_DEMO_ONLY,2024-08-17,2024-08-17,ACH CREDIT PAYER REMIT EFT-TENNCARE-20240812,CREDIT,52.31,58238.99,REF6115041,EFT-TENNCARE-20240812
MOCK_RAD_GROUP_DEMO_ONLY,2024-08-17,2024-08-17,ACH CREDIT PAYER REMIT EFT-UHC-20240812,CREDIT,55.35,58294.34,REF6753509,EFT-UHC-20240812
MOCK_RAD_GROUP_DEMO_ONLY,2024-08-18,2024-08-18,ACH CREDIT PAYER REMIT EFT-BCBSTN-20240812,CREDIT,155.83,58450.17,REF4032765,EFT-BCBSTN-20240812
MOCK_RAD_GROUP_DEMO_ONLY,2024-08-18,2024-08-18,ACH CREDIT PAYER REMIT EFT-CIGNA-20240812,CREDIT,119.07,58569.24,REF4858831,EFT-CIGNA-20240812
MOCK_RAD_GROUP_DEMO_ONLY,2024-08-18,2024-08-18,ACH CREDIT PAYER REMIT EFT-SELFPAY-20240812,CREDIT,4.41,58573.65,REF6533029,EFT-SELFPAY-20240812
MOCK_RAD_GROUP_DEMO_ONLY,2024-08-18,2024-08-18,ACH CREDIT PAYER REMIT EFT-TENNCARE-20240812,CREDIT,38.82,58612.47,REF6641761,EFT-TENNCARE-20240812
MOCK_RAD_GROUP_DEMO_ONLY,2024-08-18,2024-08-18,ACCOUNT ANALYSIS FEE,DEBIT,-96.92,58515.55,REF3996193,
MOCK_RAD_GROUP_DEMO_ONLY,2024-08-18,2024-08-18,BOOK TRANSFER TO OPERATING 8841,DEBIT,-5960.8,52554.75,REF6927248,
MOCK_RAD_GROUP_DEMO_ONLY,2024-08-19,2024-08-19,ACH CREDIT PAYER REMIT EFT-BCBSTN-20240819,CREDIT,77.06,52631.81,REF1442795,EFT-BCBSTN-20240819
MOCK_RAD_GROUP_DEMO_ONLY,2024-08-19,2024-08-19,ACH CREDIT PAYER REMIT EFT-CIGNA-20240819,CREDIT,151.23,52783.04,REF1725587,EFT-CIGNA-20240819
MOCK_RAD_GROUP_DEMO_ONLY,2024-08-19,2024-08-19,ACH CREDIT PAYER REMIT EFT-MCARE-20240819,CREDIT,25.8,52808.84,REF2589154,EFT-MCARE-20240819
MOCK_RAD_GROUP_DEMO_ONLY,2024-08-19,2024-08-19,ACH CREDIT PAYER REMIT EFT-TENNCARE-20240819,CREDIT,40.9,52849.74,REF2056004,EFT-TENNCARE-20240819
MOCK_RAD_GROUP_DEMO_ONLY,2024-08-20,2024-08-20,ACH CREDIT PAYER REMIT EFT-CIGNA-20240819,CREDIT,246.96,53096.7,REF1784383,EFT-CIGNA-20240819
MOCK_RAD_GROUP_DEMO_ONLY,2024-08-20,2024-08-20,ACH CREDIT PAYER REMIT EFT-MCARE-20240819,CREDIT,20.94,53117.64,REF5113891,EFT-MCARE-20240819
MOCK_RAD_GROUP_DEMO_ONLY,2024-08-21,2024-08-21,ACH CREDIT PAYER REMIT EFT-BCBSTN-20240819,CREDIT,69.19,53186.83,REF6731573,EFT-BCBSTN-20240819
MOCK_RAD_GROUP_DEMO_ONLY,2024-08-21,2024-08-21,ACH CREDIT PAYER REMIT EFT-CIGNA-20240819,CREDIT,64.2,53251.03,REF9552173,EFT-CIGNA-20240819
MOCK_RAD_GROUP_DEMO_ONLY,2024-08-21,2024-08-21,ACH CREDIT PAYER REMIT EFT-MCARE-20240819,CREDIT,51.62,53302.65,REF2877415,EFT-MCARE-20240819
MOCK_RAD_GROUP_DEMO_ONLY,2024-08-21,2024-08-21,ACH CREDIT PAYER REMIT EFT-UHC-20240819,CREDIT,53.63,53356.28,REF4570562,EFT-UHC-20240819
MOCK_RAD_GROUP_DEMO_ONLY,2024-08-22,2024-08-22,ACH CREDIT PAYER REMIT EFT-MCARE-20240819,CREDIT,109.36,53465.64,REF6742817,EFT-MCARE-20240819
MOCK_RAD_GROUP_DEMO_ONLY,2024-08-22,2024-08-22,ACH CREDIT PAYER REMIT EFT-SELFPAY-20240819,CREDIT,5.26,53470.9,REF5269164,EFT-SELFPAY-20240819
MOCK_RAD_GROUP_DEMO_ONLY,2024-08-23,2024-08-23,ACH CREDIT PAYER REMIT EFT-BCBSTN-20240819,CREDIT,174.71,53645.61,REF4817157,EFT-BCBSTN-20240819
MOCK_RAD_GROUP_DEMO_ONLY,2024-08-23,2024-08-23,ACH CREDIT PAYER REMIT EFT-CIGNA-20240819,CREDIT,315.57,53961.18,REF8081136,EFT-CIGNA-20240819
MOCK_RAD_GROUP_DEMO_ONLY,2024-08-23,2024-08-23,ACH CREDIT PAYER REMIT EFT-UHC-20240819,CREDIT,14.2,53975.38,REF5066099,EFT-UHC-20240819
MOCK_RAD_GROUP_DEMO_ONLY,2024-08-24,2024-08-24,ACH CREDIT PAYER REMIT EFT-MCARE-20240819,CREDIT,105.27,54080.65,REF2997071,EFT-MCARE-20240819
MOCK_RAD_GROUP_DEMO_ONLY,2024-08-24,2024-08-24,ACH CREDIT PAYER REMIT EFT-TENNCARE-20240819,CREDIT,41.91,54122.56,REF3860535,EFT-TENNCARE-20240819
MOCK_RAD_GROUP_DEMO_ONLY,2024-08-25,2024-08-25,ACH CREDIT PAYER REMIT EFT-CIGNA-20240819,CREDIT,165.19,54287.75,REF5767030,EFT-CIGNA-20240819
MOCK_RAD_GROUP_DEMO_ONLY,2024-08-25,2024-08-25,ACH CREDIT PAYER REMIT EFT-TENNCARE-20240819,CREDIT,21.49,54309.24,REF8327327,EFT-TENNCARE-20240819
MOCK_RAD_GROUP_DEMO_ONLY,2024-08-25,2024-08-25,ACH CREDIT PAYER REMIT EFT-UHC-20240819,CREDIT,100.1,54409.34,REF6039602,EFT-UHC-20240819
MOCK_RAD_GROUP_DEMO_ONLY,2024-08-26,2024-08-26,ACH CREDIT PAYER REMIT EFT-SELFPAY-20240826,CREDIT,7.52,54416.86,REF6543168,EFT-SELFPAY-20240826
MOCK_RAD_GROUP_DEMO_ONLY,2024-08-26,2024-08-26,ACH CREDIT PAYER REMIT EFT-TENNCARE-20240826,CREDIT,36.66,54453.52,REF6213261,EFT-TENNCARE-20240826
MOCK_RAD_GROUP_DEMO_ONLY,2024-08-26,2024-08-26,ACH CREDIT PAYER REMIT EFT-UHC-20240826,CREDIT,219.34,54672.86,REF8053578,EFT-UHC-20240826
MOCK_RAD_GROUP_DEMO_ONLY,2024-08-27,2024-08-27,ACH CREDIT PAYER REMIT EFT-BCBSTN-20240826,CREDIT,127.18,54800.04,REF7638947,EFT-BCBSTN-20240826
MOCK_RAD_GROUP_DEMO_ONLY,2024-08-27,2024-08-27,ACH CREDIT PAYER REMIT EFT-MCARE-20240826,CREDIT,116.71,54916.75,REF4540310,EFT-MCARE-20240826
MOCK_RAD_GROUP_DEMO_ONLY,2024-08-27,2024-08-27,ACH CREDIT PAYER REMIT EFT-TENNCARE-20240826,CREDIT,43.66,54960.41,REF6627976,EFT-TENNCARE-20240826
MOCK_RAD_GROUP_DEMO_ONLY,2024-08-28,2024-08-28,ACH CREDIT PAYER REMIT EFT-MCARE-20240826,CREDIT,88.02,55048.43,REF5528478,EFT-MCARE-20240826
MOCK_RAD_GROUP_DEMO_ONLY,2024-08-28,2024-08-28,ACH CREDIT PAYER REMIT EFT-SELFPAY-20240826,CREDIT,1.89,55050.32,REF9377743,EFT-SELFPAY-20240826
MOCK_RAD_GROUP_DEMO_ONLY,2024-08-28,2024-08-28,ACH CREDIT PAYER REMIT EFT-UHC-20240826,CREDIT,349.67,55399.99,REF5964898,EFT-UHC-20240826
MOCK_RAD_GROUP_DEMO_ONLY,2024-08-29,2024-08-29,ACH CREDIT PAYER REMIT EFT-BCBSTN-20240826,CREDIT,180.45,55580.44,REF6740171,EFT-BCBSTN-20240826
MOCK_RAD_GROUP_DEMO_ONLY,2024-08-29,2024-08-29,ACH CREDIT PAYER REMIT EFT-TENNCARE-20240826,CREDIT,17.12,55597.56,REF8347106,EFT-TENNCARE-20240826
MOCK_RAD_GROUP_DEMO_ONLY,2024-08-29,2024-08-29,ACH CREDIT PAYER REMIT EFT-UHC-20240826,CREDIT,16.62,55614.18,REF1933325,EFT-UHC-20240826
MOCK_RAD_GROUP_DEMO_ONLY,2024-08-30,2024-08-30,ACH CREDIT PAYER REMIT EFT-MCARE-20240826,CREDIT,109.85,55724.03,REF7992659,EFT-MCARE-20240826
MOCK_RAD_GROUP_DEMO_ONLY,2024-08-30,2024-08-30,ACH CREDIT PAYER REMIT EFT-TENNCARE-20240826,CREDIT,29.31,55753.34,REF8808072,EFT-TENNCARE-20240826
MOCK_RAD_GROUP_DEMO_ONLY,2024-08-30,2024-08-30,ACH CREDIT PAYER REMIT EFT-UHC-20240826,CREDIT,54.29,55807.63,REF9889122,EFT-UHC-20240826
MOCK_RAD_GROUP_DEMO_ONLY,2024-08-31,2024-08-31,ACH CREDIT PAYER REMIT EFT-MCARE-20240826,CREDIT,56.55,55864.18,REF9352468,EFT-MCARE-20240826
MOCK_RAD_GROUP_DEMO_ONLY,2024-09-01,2024-09-01,ACH CREDIT PAYER REMIT EFT-MCARE-20240826,CREDIT,36.27,55900.45,REF2764779,EFT-MCARE-20240826
MOCK_RAD_GROUP_DEMO_ONLY,2024-09-02,2024-09-02,ACH CREDIT PAYER REMIT EFT-CIGNA-20240902,CREDIT,107.87,56008.32,REF6026728,EFT-CIGNA-20240902
MOCK_RAD_GROUP_DEMO_ONLY,2024-09-02,2024-09-02,ACH CREDIT PAYER REMIT EFT-UHC-20240902,CREDIT,116.33,56124.65,REF3139350,EFT-UHC-20240902
MOCK_RAD_GROUP_DEMO_ONLY,2024-09-03,2024-09-03,ACH CREDIT PAYER REMIT EFT-BCBSTN-20240902,CREDIT,253.18,56377.83,REF2742300,EFT-BCBSTN-20240902
MOCK_RAD_GROUP_DEMO_ONLY,2024-09-03,2024-09-03,ACH CREDIT PAYER REMIT EFT-MCARE-20240902,CREDIT,134.63,56512.46,REF3719477,EFT-MCARE-20240902
MOCK_RAD_GROUP_DEMO_ONLY,2024-09-04,2024-09-04,ACH CREDIT PAYER REMIT EFT-MCARE-20240902,CREDIT,49.22,56561.68,REF5142331,EFT-MCARE-20240902
MOCK_RAD_GROUP_DEMO_ONLY,2024-09-04,2024-09-04,ACH CREDIT PAYER REMIT EFT-TENNCARE-20240902,CREDIT,4.83,56566.51,REF7700796,EFT-TENNCARE-20240902
MOCK_RAD_GROUP_DEMO_ONLY,2024-09-04,2024-09-04,ACH CREDIT PAYER REMIT EFT-UHC-20240902,CREDIT,104.32,56670.83,REF2363698,EFT-UHC-20240902
MOCK_RAD_GROUP_DEMO_ONLY,2024-09-06,2024-09-06,ACH CREDIT PAYER REMIT EFT-TENNCARE-20240902,CREDIT,21.19,56692.02,REF2175280,EFT-TENNCARE-20240902
MOCK_RAD_GROUP_DEMO_ONLY,2024-09-07,2024-09-07,ACH CREDIT PAYER REMIT EFT-BCBSTN-20240902,CREDIT,81.44,56773.46,REF9917193,EFT-BCBSTN-20240902
MOCK_RAD_GROUP_DEMO_ONLY,2024-09-07,2024-09-07,ACH CREDIT PAYER REMIT EFT-CIGNA-20240902,CREDIT,219.97,56993.43,REF1780791,EFT-CIGNA-20240902
MOCK_RAD_GROUP_DEMO_ONLY,2024-09-07,2024-09-07,ACH CREDIT PAYER REMIT EFT-TENNCARE-20240902,CREDIT,34.07,57027.5,REF9382133,EFT-TENNCARE-20240902
MOCK_RAD_GROUP_DEMO_ONLY,2024-09-08,2024-09-08,ACH CREDIT PAYER REMIT EFT-CIGNA-20240902,CREDIT,144.58,57172.08,REF7823319,EFT-CIGNA-20240902
MOCK_RAD_GROUP_DEMO_ONLY,2024-09-08,2024-09-08,ACH CREDIT PAYER REMIT EFT-MCARE-20240902,CREDIT,41.96,57214.04,REF8214479,EFT-MCARE-20240902
MOCK_RAD_GROUP_DEMO_ONLY,2024-09-09,2024-09-09,ACH CREDIT PAYER REMIT EFT-CIGNA-20240909,CREDIT,225.92,57439.96,REF7393328,EFT-CIGNA-20240909
MOCK_RAD_GROUP_DEMO_ONLY,2024-09-09,2024-09-09,ACH CREDIT PAYER REMIT EFT-TENNCARE-20240909,CREDIT,12.53,57452.49,REF5370393,EFT-TENNCARE-20240909
MOCK_RAD_GROUP_DEMO_ONLY,2024-09-09,2024-09-09,ACH CREDIT PAYER REMIT EFT-UHC-20240909,CREDIT,122.59,57575.08,REF4616077,EFT-UHC-20240909
MOCK_RAD_GROUP_DEMO_ONLY,2024-09-10,2024-09-10,ACH CREDIT PAYER REMIT EFT-CIGNA-20240909,CREDIT,112.76,57687.84,REF7818576,EFT-CIGNA-20240909
MOCK_RAD_GROUP_DEMO_ONLY,2024-09-10,2024-09-10,ACH CREDIT PAYER REMIT EFT-MCARE-20240909,CREDIT,27.38,57715.22,REF6068046,EFT-MCARE-20240909
MOCK_RAD_GROUP_DEMO_ONLY,2024-09-11,2024-09-11,ACH CREDIT PAYER REMIT EFT-MCARE-20240909,CREDIT,22.72,57737.94,REF4656469,EFT-MCARE-20240909
MOCK_RAD_GROUP_DEMO_ONLY,2024-09-11,2024-09-11,INTEREST CREDIT,CREDIT,25.99,57763.93,REF3339787,
MOCK_RAD_GROUP_DEMO_ONLY,2024-09-12,2024-09-12,ACH CREDIT PAYER REMIT EFT-BCBSTN-20240909,CREDIT,294.46,58058.39,REF9952477,EFT-BCBSTN-20240909
MOCK_RAD_GROUP_DEMO_ONLY,2024-09-12,2024-09-12,ACH CREDIT PAYER REMIT EFT-MCARE-20240909,CREDIT,120.45,58178.84,REF6209423,EFT-MCARE-20240909
MOCK_RAD_GROUP_DEMO_ONLY,2024-09-13,2024-09-13,ACH CREDIT PAYER REMIT EFT-BCBSTN-20240909,CREDIT,201.81,58380.65,REF6006869,EFT-BCBSTN-20240909
MOCK_RAD_GROUP_DEMO_ONLY,2024-09-13,2024-09-13,ACH CREDIT PAYER REMIT EFT-CIGNA-20240909,CREDIT,52.36,58433.01,REF2277988,EFT-CIGNA-20240909
MOCK_RAD_GROUP_DEMO_ONLY,2024-09-13,2024-09-13,ACH CREDIT PAYER REMIT EFT-MCARE-20240909,CREDIT,17.77,58450.78,REF4143397,EFT-MCARE-20240909
MOCK_RAD_GROUP_DEMO_ONLY,2024-09-13,2024-09-13,ACH CREDIT PAYER REMIT EFT-TENNCARE-20240909,CREDIT,30.47,58481.25,REF9757553,EFT-TENNCARE-20240909
MOCK_RAD_GROUP_DEMO_ONLY,2024-09-13,2024-09-13,ACH CREDIT PAYER REMIT EFT-UHC-20240909,CREDIT,277.03,58758.28,REF2052690,EFT-UHC-20240909
MOCK_RAD_GROUP_DEMO_ONLY,2024-09-14,2024-09-14,ACH CREDIT PAYER REMIT EFT-BCBSTN-20240909,CREDIT,106.37,58864.65,REF4996076,EFT-BCBSTN-20240909
MOCK_RAD_GROUP_DEMO_ONLY,2024-09-14,2024-09-14,ACH CREDIT PAYER REMIT EFT-MCARE-20240909,CREDIT,49.68,58914.33,REF1175648,EFT-MCARE-20240909
MOCK_RAD_GROUP_DEMO_ONLY,2024-09-14,2024-09-14,ACH CREDIT PAYER REMIT EFT-TENNCARE-20240909,CREDIT,23.6,58937.93,REF7507487,EFT-TENNCARE-20240909
MOCK_RAD_GROUP_DEMO_ONLY,2024-09-15,2024-09-15,ACH CREDIT PAYER REMIT EFT-MCARE-20240909,CREDIT,126.74,59064.67,REF7238356,EFT-MCARE-20240909
MOCK_RAD_GROUP_DEMO_ONLY,2024-09-15,2024-09-15,ACH CREDIT PAYER REMIT EFT-UHC-20240909,CREDIT,94.44,59159.11,REF8403951,EFT-UHC-20240909
MOCK_RAD_GROUP_DEMO_ONLY,2024-09-16,2024-09-16,ACH CREDIT PAYER REMIT EFT-BCBSTN-20240916,CREDIT,153.61,59312.72,REF7902624,EFT-BCBSTN-20240916
MOCK_RAD_GROUP_DEMO_ONLY,2024-09-16,2024-09-16,ACH CREDIT PAYER REMIT EFT-MCARE-20240916,CREDIT,52.41,59365.13,REF6187928,EFT-MCARE-20240916
MOCK_RAD_GROUP_DEMO_ONLY,2024-09-16,2024-09-16,ACH CREDIT PAYER REMIT EFT-UHC-20240916,CREDIT,95.88,59461.01,REF8498572,EFT-UHC-20240916
MOCK_RAD_GROUP_DEMO_ONLY,2024-09-17,2024-09-17,ACH CREDIT PAYER REMIT EFT-CIGNA-20240916,CREDIT,22.15,59483.16,REF5117423,EFT-CIGNA-20240916
MOCK_RAD_GROUP_DEMO_ONLY,2024-09-17,2024-09-17,ACH CREDIT PAYER REMIT EFT-MCARE-20240916,CREDIT,100.76,59583.92,REF1763120,EFT-MCARE-20240916
MOCK_RAD_GROUP_DEMO_ONLY,2024-09-18,2024-09-18,ACH CREDIT PAYER REMIT EFT-MCARE-20240916,CREDIT,199.29,59783.21,REF9890082,EFT-MCARE-20240916
MOCK_RAD_GROUP_DEMO_ONLY,2024-09-18,2024-09-18,ACH CREDIT PAYER REMIT EFT-UHC-20240916,CREDIT,61.8,59845.01,REF6754427,EFT-UHC-20240916
MOCK_RAD_GROUP_DEMO_ONLY,2024-09-18,2024-09-18,ACCOUNT ANALYSIS FEE,DEBIT,-145.7,59699.31,REF2056692,
MOCK_RAD_GROUP_DEMO_ONLY,2024-09-18,2024-09-18,BOOK TRANSFER TO OPERATING 8841,DEBIT,-4504.39,55194.92,REF2016897,
MOCK_RAD_GROUP_DEMO_ONLY,2024-09-19,2024-09-19,ACH CREDIT PAYER REMIT EFT-MCARE-20240916,CREDIT,119.09,55314.01,REF5598048,EFT-MCARE-20240916
MOCK_RAD_GROUP_DEMO_ONLY,2024-09-19,2024-09-19,ACH CREDIT PAYER REMIT EFT-SELFPAY-20240916,CREDIT,5.34,55319.35,REF5549284,EFT-SELFPAY-20240916
MOCK_RAD_GROUP_DEMO_ONLY,2024-09-20,2024-09-20,ACH CREDIT PAYER REMIT EFT-UHC-20240916,CREDIT,131.57,55450.92,REF9777843,EFT-UHC-20240916
MOCK_RAD_GROUP_DEMO_ONLY,2024-09-21,2024-09-21,ACH CREDIT PAYER REMIT EFT-MCARE-20240916,CREDIT,28.62,55479.54,REF5402285,EFT-MCARE-20240916
MOCK_RAD_GROUP_DEMO_ONLY,2024-09-21,2024-09-21,ACH CREDIT PAYER REMIT EFT-SELFPAY-20240916,CREDIT,8.88,55488.42,REF7088491,EFT-SELFPAY-20240916
MOCK_RAD_GROUP_DEMO_ONLY,2024-09-21,2024-09-21,ACH CREDIT PAYER REMIT EFT-TENNCARE-20240916,CREDIT,49.02,55537.44,REF1599316,EFT-TENNCARE-20240916
MOCK_RAD_GROUP_DEMO_ONLY,2024-09-21,2024-09-21,ACH CREDIT PAYER REMIT EFT-UHC-20240916,CREDIT,67.7,55605.14,REF6648779,EFT-UHC-20240916
MOCK_RAD_GROUP_DEMO_ONLY,2024-09-22,2024-09-22,ACH CREDIT PAYER REMIT EFT-CIGNA-20240916,CREDIT,69.99,55675.13,REF7101868,EFT-CIGNA-20240916
MOCK_RAD_GROUP_DEMO_ONLY,2024-09-23,2024-09-23,ACH CREDIT PAYER REMIT EFT-BCBSTN-20240923,CREDIT,79.6,55754.73,REF8067145,EFT-BCBSTN-20240923
MOCK_RAD_GROUP_DEMO_ONLY,2024-09-23,2024-09-23,ACH CREDIT PAYER REMIT EFT-CIGNA-20240923,CREDIT,484.11,56238.84,REF6241653,EFT-CIGNA-20240923
MOCK_RAD_GROUP_DEMO_ONLY,2024-09-23,2024-09-23,ACH CREDIT PAYER REMIT EFT-MCARE-20240923,CREDIT,62.77,56301.61,REF6051373,EFT-MCARE-20240923
MOCK_RAD_GROUP_DEMO_ONLY,2024-09-23,2024-09-23,ACH CREDIT PAYER REMIT EFT-TENNCARE-20240923,CREDIT,46.1,56347.71,REF9498952,EFT-TENNCARE-20240923
MOCK_RAD_GROUP_DEMO_ONLY,2024-09-24,2024-09-24,ACH CREDIT PAYER REMIT EFT-BCBSTN-20240923,CREDIT,190.17,56537.88,REF2051432,EFT-BCBSTN-20240923
MOCK_RAD_GROUP_DEMO_ONLY,2024-09-24,2024-09-24,ACH CREDIT PAYER REMIT EFT-MCARE-20240923,CREDIT,32.75,56570.63,REF7348207,EFT-MCARE-20240923
MOCK_RAD_GROUP_DEMO_ONLY,2024-09-24,2024-09-24,ACH CREDIT PAYER REMIT EFT-TENNCARE-20240923,CREDIT,19.59,56590.22,REF6796766,EFT-TENNCARE-20240923
MOCK_RAD_GROUP_DEMO_ONLY,2024-09-25,2024-09-25,ACH CREDIT PAYER REMIT EFT-BCBSTN-20240923,CREDIT,163.78,56754.0,REF1196875,EFT-BCBSTN-20240923
MOCK_RAD_GROUP_DEMO_ONLY,2024-09-25,2024-09-25,ACH CREDIT PAYER REMIT EFT-CIGNA-20240923,CREDIT,94.99,56848.99,REF7861219,EFT-CIGNA-20240923
MOCK_RAD_GROUP_DEMO_ONLY,2024-09-25,2024-09-25,ACH CREDIT PAYER REMIT EFT-MCARE-20240923,CREDIT,45.45,56894.44,REF6630515,EFT-MCARE-20240923
MOCK_RAD_GROUP_DEMO_ONLY,2024-09-25,2024-09-25,ACH CREDIT PAYER REMIT EFT-TENNCARE-20240923,CREDIT,23.33,56917.77,REF7830945,EFT-TENNCARE-20240923
MOCK_RAD_GROUP_DEMO_ONLY,2024-09-26,2024-09-26,ACH CREDIT PAYER REMIT EFT-BCBSTN-20240923,CREDIT,85.74,57003.51,REF4113268,EFT-BCBSTN-20240923
MOCK_RAD_GROUP_DEMO_ONLY,2024-09-26,2024-09-26,ACH CREDIT PAYER REMIT EFT-MCARE-20240923,CREDIT,177.87,57181.38,REF9859242,EFT-MCARE-20240923
MOCK_RAD_GROUP_DEMO_ONLY,2024-09-27,2024-09-27,ACH CREDIT PAYER REMIT EFT-MCARE-20240923,CREDIT,132.67,57314.05,REF8577400,EFT-MCARE-20240923
MOCK_RAD_GROUP_DEMO_ONLY,2024-09-27,2024-09-27,ACH CREDIT PAYER REMIT EFT-TENNCARE-20240923,CREDIT,15.8,57329.85,REF6521216,EFT-TENNCARE-20240923
MOCK_RAD_GROUP_DEMO_ONLY,2024-09-28,2024-09-28,ACH CREDIT PAYER REMIT EFT-MCARE-20240923,CREDIT,7.59,57337.44,REF8574570,EFT-MCARE-20240923
MOCK_RAD_GROUP_DEMO_ONLY,2024-09-28,2024-09-28,ACH CREDIT PAYER REMIT EFT-UHC-20240923,CREDIT,248.0,57585.44,REF7040672,EFT-UHC-20240923
MOCK_RAD_GROUP_DEMO_ONLY,2024-09-29,2024-09-29,ACH CREDIT PAYER REMIT EFT-SELFPAY-20240923,CREDIT,7.07,57592.51,REF5270450,EFT-SELFPAY-20240923
MOCK_RAD_GROUP_DEMO_ONLY,2024-09-30,2024-09-30,ACH CREDIT PAYER REMIT EFT-BCBSTN-20240930,CREDIT,78.81,57671.32,REF6461846,EFT-BCBSTN-20240930
MOCK_RAD_GROUP_DEMO_ONLY,2024-09-30,2024-09-30,ACH CREDIT PAYER REMIT EFT-TENNCARE-20240930,CREDIT,3.6,57674.92,REF5879860,EFT-TENNCARE-20240930
MOCK_RAD_GROUP_DEMO_ONLY,2024-10-01,2024-10-01,ACH CREDIT PAYER REMIT EFT-CIGNA-20240930,CREDIT,234.71,57909.63,REF2646716,EFT-CIGNA-20240930
MOCK_RAD_GROUP_DEMO_ONLY,2024-10-01,2024-10-01,ACH CREDIT PAYER REMIT EFT-SELFPAY-20240930,CREDIT,1.85,57911.48,REF2894241,EFT-SELFPAY-20240930
MOCK_RAD_GROUP_DEMO_ONLY,2024-10-01,2024-10-01,ACH CREDIT PAYER REMIT EFT-TENNCARE-20240930,CREDIT,51.96,57963.44,REF5190562,EFT-TENNCARE-20240930
MOCK_RAD_GROUP_DEMO_ONLY,2024-10-03,2024-10-03,ACH CREDIT PAYER REMIT EFT-BCBSTN-20240930,CREDIT,185.21,58148.65,REF7802342,EFT-BCBSTN-20240930
MOCK_RAD_GROUP_DEMO_ONLY,2024-10-03,2024-10-03,ACH CREDIT PAYER REMIT EFT-MCARE-20240930,CREDIT,19.29,58167.94,REF5687244,EFT-MCARE-20240930
MOCK_RAD_GROUP_DEMO_ONLY,2024-10-03,2024-10-03,ACH CREDIT PAYER REMIT EFT-UHC-20240930,CREDIT,14.91,58182.85,REF2125794,EFT-UHC-20240930
MOCK_RAD_GROUP_DEMO_ONLY,2024-10-04,2024-10-04,ACH CREDIT PAYER REMIT EFT-BCBSTN-20240930,CREDIT,198.7,58381.55,REF5995613,EFT-BCBSTN-20240930
MOCK_RAD_GROUP_DEMO_ONLY,2024-10-04,2024-10-04,ACH CREDIT PAYER REMIT EFT-CIGNA-20240930,CREDIT,88.67,58470.22,REF2698856,EFT-CIGNA-20240930
MOCK_RAD_GROUP_DEMO_ONLY,2024-10-04,2024-10-04,ACH CREDIT PAYER REMIT EFT-MCARE-20240930,CREDIT,56.57,58526.79,REF3609574,EFT-MCARE-20240930
MOCK_RAD_GROUP_DEMO_ONLY,2024-10-05,2024-10-05,ACH CREDIT PAYER REMIT EFT-CIGNA-20240930,CREDIT,57.93,58584.72,REF5660267,EFT-CIGNA-20240930
MOCK_RAD_GROUP_DEMO_ONLY,2024-10-05,2024-10-05,ACH CREDIT PAYER REMIT EFT-MCARE-20240930,CREDIT,24.34,58609.06,REF4150050,EFT-MCARE-20240930
MOCK_RAD_GROUP_DEMO_ONLY,2024-10-06,2024-10-06,ACH CREDIT PAYER REMIT EFT-CIGNA-20240930,CREDIT,258.4,58867.46,REF1953376,EFT-CIGNA-20240930
MOCK_RAD_GROUP_DEMO_ONLY,2024-10-06,2024-10-06,ACH CREDIT PAYER REMIT EFT-MCARE-20240930,CREDIT,67.26,58934.72,REF2885326,EFT-MCARE-20240930
MOCK_RAD_GROUP_DEMO_ONLY,2024-10-07,2024-10-07,ACH CREDIT PAYER REMIT EFT-MCARE-20241007,CREDIT,74.35,59009.07,REF2375941,EFT-MCARE-20241007
MOCK_RAD_GROUP_DEMO_ONLY,2024-10-07,2024-10-07,ACH CREDIT PAYER REMIT EFT-UHC-20241007,CREDIT,58.72,59067.79,REF4159378,EFT-UHC-20241007
MOCK_RAD_GROUP_DEMO_ONLY,2024-10-08,2024-10-08,ACH CREDIT PAYER REMIT EFT-BCBSTN-20241007,CREDIT,176.73,59244.52,REF3187422,EFT-BCBSTN-20241007
MOCK_RAD_GROUP_DEMO_ONLY,2024-10-08,2024-10-08,ACH CREDIT PAYER REMIT EFT-MCARE-20241007,CREDIT,34.31,59278.83,REF2663563,EFT-MCARE-20241007
MOCK_RAD_GROUP_DEMO_ONLY,2024-10-08,2024-10-08,ACH CREDIT PAYER REMIT EFT-SELFPAY-20241007,CREDIT,3.38,59282.21,REF3582620,EFT-SELFPAY-20241007
MOCK_RAD_GROUP_DEMO_ONLY,2024-10-09,2024-10-09,ACH CREDIT PAYER REMIT EFT-MCARE-20241007,CREDIT,59.21,59341.42,REF2237099,EFT-MCARE-20241007
MOCK_RAD_GROUP_DEMO_ONLY,2024-10-10,2024-10-10,ACH CREDIT PAYER REMIT EFT-MCARE-20241007,CREDIT,20.81,59362.23,REF9988368,EFT-MCARE-20241007
MOCK_RAD_GROUP_DEMO_ONLY,2024-10-11,2024-10-11,ACH CREDIT PAYER REMIT EFT-CIGNA-20241007,CREDIT,158.33,59520.56,REF6008317,EFT-CIGNA-20241007
MOCK_RAD_GROUP_DEMO_ONLY,2024-10-12,2024-10-12,ACH CREDIT PAYER REMIT EFT-CIGNA-20241007,CREDIT,155.79,59676.35,REF9718055,EFT-CIGNA-20241007
MOCK_RAD_GROUP_DEMO_ONLY,2024-10-12,2024-10-12,ACH CREDIT PAYER REMIT EFT-MCARE-20241007,CREDIT,29.17,59705.52,REF5896453,EFT-MCARE-20241007
MOCK_RAD_GROUP_DEMO_ONLY,2024-10-12,2024-10-12,ACH CREDIT PAYER REMIT EFT-SELFPAY-20241007,CREDIT,5.0,59710.52,REF5434246,EFT-SELFPAY-20241007
MOCK_RAD_GROUP_DEMO_ONLY,2024-10-12,2024-10-12,ACH CREDIT PAYER REMIT EFT-UHC-20241007,CREDIT,122.93,59833.45,REF1417053,EFT-UHC-20241007
MOCK_RAD_GROUP_DEMO_ONLY,2024-10-13,2024-10-13,ACH CREDIT PAYER REMIT EFT-BCBSTN-20241007,CREDIT,260.53,60093.98,REF7622391,EFT-BCBSTN-20241007
MOCK_RAD_GROUP_DEMO_ONLY,2024-10-13,2024-10-13,ACH CREDIT PAYER REMIT EFT-MCARE-20241007,CREDIT,73.6,60167.58,REF5616372,EFT-MCARE-20241007
MOCK_RAD_GROUP_DEMO_ONLY,2024-10-13,2024-10-13,ACH CREDIT PAYER REMIT EFT-TENNCARE-20241007,CREDIT,54.3,60221.88,REF6879818,EFT-TENNCARE-20241007
MOCK_RAD_GROUP_DEMO_ONLY,2024-10-14,2024-10-14,ACH CREDIT PAYER REMIT EFT-BCBSTN-20241014,CREDIT,226.26,60448.14,REF5878689,EFT-BCBSTN-20241014
MOCK_RAD_GROUP_DEMO_ONLY,2024-10-14,2024-10-14,ACH CREDIT PAYER REMIT EFT-UHC-20241014,CREDIT,178.29,60626.43,REF1728367,EFT-UHC-20241014
MOCK_RAD_GROUP_DEMO_ONLY,2024-10-15,2024-10-15,ACH CREDIT PAYER REMIT EFT-MCARE-20241014,CREDIT,122.37,60748.8,REF2643562,EFT-MCARE-20241014
MOCK_RAD_GROUP_DEMO_ONLY,2024-10-16,2024-10-16,ACH CREDIT PAYER REMIT EFT-TENNCARE-20241014,CREDIT,11.73,60760.53,REF2904165,EFT-TENNCARE-20241014
MOCK_RAD_GROUP_DEMO_ONLY,2024-10-17,2024-10-17,ACH CREDIT PAYER REMIT EFT-BCBSTN-20241014,CREDIT,75.32,60835.85,REF2299723,EFT-BCBSTN-20241014
MOCK_RAD_GROUP_DEMO_ONLY,2024-10-17,2024-10-17,ACH CREDIT PAYER REMIT EFT-MCARE-20241014,CREDIT,57.09,60892.94,REF8282794,EFT-MCARE-20241014
MOCK_RAD_GROUP_DEMO_ONLY,2024-10-17,2024-10-17,ACH CREDIT PAYER REMIT EFT-UHC-20241014,CREDIT,274.91,61167.85,REF6610737,EFT-UHC-20241014
MOCK_RAD_GROUP_DEMO_ONLY,2024-10-18,2024-10-18,ACH CREDIT PAYER REMIT EFT-TENNCARE-20241014,CREDIT,39.97,61207.82,REF3433534,EFT-TENNCARE-20241014
MOCK_RAD_GROUP_DEMO_ONLY,2024-10-18,2024-10-18,ACCOUNT ANALYSIS FEE,DEBIT,-88.4,61119.42,REF8152663,
MOCK_RAD_GROUP_DEMO_ONLY,2024-10-18,2024-10-18,BOOK TRANSFER TO OPERATING 8841,DEBIT,-4219.94,56899.48,REF5806520,
MOCK_RAD_GROUP_DEMO_ONLY,2024-10-19,2024-10-19,ACH CREDIT PAYER REMIT EFT-BCBSTN-20241014,CREDIT,171.4,57070.88,REF8220150,EFT-BCBSTN-20241014
MOCK_RAD_GROUP_DEMO_ONLY,2024-10-19,2024-10-19,ACH CREDIT PAYER REMIT EFT-UHC-20241014,CREDIT,126.86,57197.74,REF2241035,EFT-UHC-20241014
MOCK_RAD_GROUP_DEMO_ONLY,2024-10-19,2024-10-19,INTEREST CREDIT,CREDIT,29.61,57227.35,REF7121760,
MOCK_RAD_GROUP_DEMO_ONLY,2024-10-20,2024-10-20,ACH CREDIT PAYER REMIT EFT-UHC-20241014,CREDIT,75.95,57303.3,REF3452999,EFT-UHC-20241014
MOCK_RAD_GROUP_DEMO_ONLY,2024-10-21,2024-10-21,ACH CREDIT PAYER REMIT EFT-BCBSTN-20241021,CREDIT,58.57,57361.87,REF4705842,EFT-BCBSTN-20241021
MOCK_RAD_GROUP_DEMO_ONLY,2024-10-21,2024-10-21,ACH CREDIT PAYER REMIT EFT-MCARE-20241021,CREDIT,105.05,57466.92,REF1866655,EFT-MCARE-20241021
MOCK_RAD_GROUP_DEMO_ONLY,2024-10-22,2024-10-22,ACH CREDIT PAYER REMIT EFT-MCARE-20241021,CREDIT,105.55,57572.47,REF4649251,EFT-MCARE-20241021
MOCK_RAD_GROUP_DEMO_ONLY,2024-10-22,2024-10-22,ACH CREDIT PAYER REMIT EFT-SELFPAY-20241021,CREDIT,2.05,57574.52,REF8462804,EFT-SELFPAY-20241021
MOCK_RAD_GROUP_DEMO_ONLY,2024-10-22,2024-10-22,ACH CREDIT PAYER REMIT EFT-TENNCARE-20241021,CREDIT,10.15,57584.67,REF5086213,EFT-TENNCARE-20241021
MOCK_RAD_GROUP_DEMO_ONLY,2024-10-23,2024-10-23,ACH CREDIT PAYER REMIT EFT-BCBSTN-20241021,CREDIT,208.71,57793.38,REF7541590,EFT-BCBSTN-20241021
MOCK_RAD_GROUP_DEMO_ONLY,2024-10-23,2024-10-23,ACH CREDIT PAYER REMIT EFT-MCARE-20241021,CREDIT,7.78,57801.16,REF5602953,EFT-MCARE-20241021
MOCK_RAD_GROUP_DEMO_ONLY,2024-10-23,2024-10-23,ACH CREDIT PAYER REMIT EFT-TENNCARE-20241021,CREDIT,28.35,57829.51,REF4505821,EFT-TENNCARE-20241021
MOCK_RAD_GROUP_DEMO_ONLY,2024-10-24,2024-10-24,ACH CREDIT PAYER REMIT EFT-MCARE-20241021,CREDIT,71.86,57901.37,REF9214084,EFT-MCARE-20241021
MOCK_RAD_GROUP_DEMO_ONLY,2024-10-25,2024-10-25,ACH CREDIT PAYER REMIT EFT-SELFPAY-20241021,CREDIT,0.47,57901.84,REF1383826,EFT-SELFPAY-20241021
MOCK_RAD_GROUP_DEMO_ONLY,2024-10-25,2024-10-25,ACH CREDIT PAYER REMIT EFT-UHC-20241021,CREDIT,188.87,58090.71,REF1875088,EFT-UHC-20241021
MOCK_RAD_GROUP_DEMO_ONLY,2024-10-26,2024-10-26,ACH CREDIT PAYER REMIT EFT-CIGNA-20241021,CREDIT,261.75,58352.46,REF5347075,EFT-CIGNA-20241021
MOCK_RAD_GROUP_DEMO_ONLY,2024-10-26,2024-10-26,ACH CREDIT PAYER REMIT EFT-TENNCARE-20241021,CREDIT,12.62,58365.08,REF4546954,EFT-TENNCARE-20241021
MOCK_RAD_GROUP_DEMO_ONLY,2024-10-26,2024-10-26,ACH CREDIT PAYER REMIT EFT-UHC-20241021,CREDIT,248.48,58613.56,REF4941556,EFT-UHC-20241021
MOCK_RAD_GROUP_DEMO_ONLY,2024-10-27,2024-10-27,ACH CREDIT PAYER REMIT EFT-MCARE-20241021,CREDIT,7.32,58620.88,REF3597788,EFT-MCARE-20241021
MOCK_RAD_GROUP_DEMO_ONLY,2024-10-28,2024-10-28,ACH CREDIT PAYER REMIT EFT-BCBSTN-20241028,CREDIT,232.4,58853.28,REF9245597,EFT-BCBSTN-20241028
MOCK_RAD_GROUP_DEMO_ONLY,2024-10-28,2024-10-28,ACH CREDIT PAYER REMIT EFT-MCARE-20241028,CREDIT,58.21,58911.49,REF3607209,EFT-MCARE-20241028
MOCK_RAD_GROUP_DEMO_ONLY,2024-10-28,2024-10-28,ACH CREDIT PAYER REMIT EFT-UHC-20241028,CREDIT,16.66,58928.15,REF5658066,EFT-UHC-20241028
MOCK_RAD_GROUP_DEMO_ONLY,2024-10-29,2024-10-29,ACH CREDIT PAYER REMIT EFT-UHC-20241028,CREDIT,144.56,59072.71,REF4803962,EFT-UHC-20241028
MOCK_RAD_GROUP_DEMO_ONLY,2024-10-30,2024-10-30,ACH CREDIT PAYER REMIT EFT-SELFPAY-20241028,CREDIT,3.78,59076.49,REF5272912,EFT-SELFPAY-20241028
MOCK_RAD_GROUP_DEMO_ONLY,2024-10-30,2024-10-30,ACH CREDIT PAYER REMIT EFT-UHC-20241028,CREDIT,124.63,59201.12,REF4926615,EFT-UHC-20241028
MOCK_RAD_GROUP_DEMO_ONLY,2024-10-31,2024-10-31,ACH CREDIT PAYER REMIT EFT-BCBSTN-20241028,CREDIT,50.79,59251.91,REF1443958,EFT-BCBSTN-20241028
MOCK_RAD_GROUP_DEMO_ONLY,2024-10-31,2024-10-31,ACH CREDIT PAYER REMIT EFT-MCARE-20241028,CREDIT,27.6,59279.51,REF8330611,EFT-MCARE-20241028
MOCK_RAD_GROUP_DEMO_ONLY,2024-10-31,2024-10-31,ACH CREDIT PAYER REMIT EFT-UHC-20241028,CREDIT,145.16,59424.67,REF6001024,EFT-UHC-20241028
MOCK_RAD_GROUP_DEMO_ONLY,2024-11-01,2024-11-01,ACH CREDIT PAYER REMIT EFT-BCBSTN-20241028,CREDIT,151.72,59576.39,REF5179502,EFT-BCBSTN-20241028
MOCK_RAD_GROUP_DEMO_ONLY,2024-11-01,2024-11-01,ACH CREDIT PAYER REMIT EFT-MCARE-20241028,CREDIT,21.52,59597.91,REF8815486,EFT-MCARE-20241028
MOCK_RAD_GROUP_DEMO_ONLY,2024-11-02,2024-11-02,ACH CREDIT PAYER REMIT EFT-MCARE-20241028,CREDIT,45.24,59643.15,REF9298960,EFT-MCARE-20241028
MOCK_RAD_GROUP_DEMO_ONLY,2024-11-02,2024-11-02,ACH CREDIT PAYER REMIT EFT-UHC-20241028,CREDIT,149.65,59792.8,REF2210488,EFT-UHC-20241028
MOCK_RAD_GROUP_DEMO_ONLY,2024-11-03,2024-11-03,ACH CREDIT PAYER REMIT EFT-CIGNA-20241028,CREDIT,52.9,59845.7,REF6988886,EFT-CIGNA-20241028
MOCK_RAD_GROUP_DEMO_ONLY,2024-11-03,2024-11-03,ACH CREDIT PAYER REMIT EFT-MCARE-20241028,CREDIT,82.41,59928.11,REF9657244,EFT-MCARE-20241028
MOCK_RAD_GROUP_DEMO_ONLY,2024-11-03,2024-11-03,ACH CREDIT PAYER REMIT EFT-UHC-20241028,CREDIT,102.68,60030.79,REF4724214,EFT-UHC-20241028
MOCK_RAD_GROUP_DEMO_ONLY,2024-11-04,2024-11-04,ACH CREDIT PAYER REMIT EFT-BCBSTN-20241104,CREDIT,151.89,60182.68,REF1719946,EFT-BCBSTN-20241104
MOCK_RAD_GROUP_DEMO_ONLY,2024-11-04,2024-11-04,ACH CREDIT PAYER REMIT EFT-MCARE-20241104,CREDIT,25.15,60207.83,REF6557275,EFT-MCARE-20241104
MOCK_RAD_GROUP_DEMO_ONLY,2024-11-04,2024-11-04,ACH CREDIT PAYER REMIT EFT-TENNCARE-20241104,CREDIT,3.56,60211.39,REF1999189,EFT-TENNCARE-20241104
MOCK_RAD_GROUP_DEMO_ONLY,2024-11-05,2024-11-05,ACH CREDIT PAYER REMIT EFT-BCBSTN-20241104,CREDIT,126.55,60337.94,REF9516973,EFT-BCBSTN-20241104
MOCK_RAD_GROUP_DEMO_ONLY,2024-11-05,2024-11-05,ACH CREDIT PAYER REMIT EFT-CIGNA-20241104,CREDIT,158.68,60496.62,REF6823005,EFT-CIGNA-20241104
MOCK_RAD_GROUP_DEMO_ONLY,2024-11-05,2024-11-05,ACH CREDIT PAYER REMIT EFT-MCARE-20241104,CREDIT,21.81,60518.43,REF5880955,EFT-MCARE-20241104
MOCK_RAD_GROUP_DEMO_ONLY,2024-11-05,2024-11-05,ACH CREDIT PAYER REMIT EFT-SELFPAY-20241104,CREDIT,0.76,60519.19,REF9754910,EFT-SELFPAY-20241104
MOCK_RAD_GROUP_DEMO_ONLY,2024-11-05,2024-11-05,ACH CREDIT PAYER REMIT EFT-TENNCARE-20241104,CREDIT,20.7,60539.89,REF2265611,EFT-TENNCARE-20241104
MOCK_RAD_GROUP_DEMO_ONLY,2024-11-06,2024-11-06,ACH CREDIT PAYER REMIT EFT-BCBSTN-20241104,CREDIT,162.59,60702.48,REF3879774,EFT-BCBSTN-20241104
MOCK_RAD_GROUP_DEMO_ONLY,2024-11-06,2024-11-06,ACH CREDIT PAYER REMIT EFT-MCARE-20241104,CREDIT,93.93,60796.41,REF7701023,EFT-MCARE-20241104
MOCK_RAD_GROUP_DEMO_ONLY,2024-11-07,2024-11-07,ACH CREDIT PAYER REMIT EFT-MCARE-20241104,CREDIT,89.87,60886.28,REF2588953,EFT-MCARE-20241104
MOCK_RAD_GROUP_DEMO_ONLY,2024-11-07,2024-11-07,ACH CREDIT PAYER REMIT EFT-TENNCARE-20241104,CREDIT,2.95,60889.23,REF3454427,EFT-TENNCARE-20241104
MOCK_RAD_GROUP_DEMO_ONLY,2024-11-07,2024-11-07,ACH CREDIT PAYER REMIT EFT-UHC-20241104,CREDIT,139.75,61028.98,REF5373575,EFT-UHC-20241104
MOCK_RAD_GROUP_DEMO_ONLY,2024-11-08,2024-11-08,ACH CREDIT PAYER REMIT EFT-TENNCARE-20241104,CREDIT,24.66,61053.64,REF3126166,EFT-TENNCARE-20241104
MOCK_RAD_GROUP_DEMO_ONLY,2024-11-09,2024-11-09,ACH CREDIT PAYER REMIT EFT-CIGNA-20241104,CREDIT,45.34,61098.98,REF5984364,EFT-CIGNA-20241104
MOCK_RAD_GROUP_DEMO_ONLY,2024-11-09,2024-11-09,ACH CREDIT PAYER REMIT EFT-MCARE-20241104,CREDIT,25.04,61124.02,REF5249060,EFT-MCARE-20241104
MOCK_RAD_GROUP_DEMO_ONLY,2024-11-09,2024-11-09,ACH CREDIT PAYER REMIT EFT-TENNCARE-20241104,CREDIT,25.73,61149.75,REF1839576,EFT-TENNCARE-20241104
MOCK_RAD_GROUP_DEMO_ONLY,2024-11-09,2024-11-09,ACH CREDIT PAYER REMIT EFT-UHC-20241104,CREDIT,269.03,61418.78,REF3697463,EFT-UHC-20241104
MOCK_RAD_GROUP_DEMO_ONLY,2024-11-10,2024-11-10,ACH CREDIT PAYER REMIT EFT-BCBSTN-20241104,CREDIT,93.96,61512.74,REF1306411,EFT-BCBSTN-20241104
MOCK_RAD_GROUP_DEMO_ONLY,2024-11-10,2024-11-10,ACH CREDIT PAYER REMIT EFT-CIGNA-20241104,CREDIT,220.67,61733.41,REF5521347,EFT-CIGNA-20241104
MOCK_RAD_GROUP_DEMO_ONLY,2024-11-10,2024-11-10,ACH CREDIT PAYER REMIT EFT-UHC-20241104,CREDIT,281.66,62015.07,REF6730289,EFT-UHC-20241104
MOCK_RAD_GROUP_DEMO_ONLY,2024-11-11,2024-11-11,ACH CREDIT PAYER REMIT EFT-CIGNA-20241111,CREDIT,82.47,62097.54,REF7520370,EFT-CIGNA-20241111
MOCK_RAD_GROUP_DEMO_ONLY,2024-11-11,2024-11-11,ACH CREDIT PAYER REMIT EFT-MCARE-20241111,CREDIT,22.68,62120.22,REF3163260,EFT-MCARE-20241111
MOCK_RAD_GROUP_DEMO_ONLY,2024-11-12,2024-11-12,ACH CREDIT PAYER REMIT EFT-MCARE-20241111,CREDIT,51.22,62171.44,REF2738321,EFT-MCARE-20241111
MOCK_RAD_GROUP_DEMO_ONLY,2024-11-13,2024-11-13,ACH CREDIT PAYER REMIT EFT-TENNCARE-20241111,CREDIT,14.37,62185.81,REF3483027,EFT-TENNCARE-20241111
MOCK_RAD_GROUP_DEMO_ONLY,2024-11-13,2024-11-13,ACH CREDIT PAYER REMIT EFT-UHC-20241111,CREDIT,149.12,62334.93,REF1937128,EFT-UHC-20241111
MOCK_RAD_GROUP_DEMO_ONLY,2024-11-14,2024-11-14,ACH CREDIT PAYER REMIT EFT-BCBSTN-20241111,CREDIT,16.71,62351.64,REF8215224,EFT-BCBSTN-20241111
MOCK_RAD_GROUP_DEMO_ONLY,2024-11-14,2024-11-14,ACH CREDIT PAYER REMIT EFT-CIGNA-20241111,CREDIT,66.41,62418.05,REF2921596,EFT-CIGNA-20241111
MOCK_RAD_GROUP_DEMO_ONLY,2024-11-14,2024-11-14,ACH CREDIT PAYER REMIT EFT-TENNCARE-20241111,CREDIT,18.17,62436.22,REF6579045,EFT-TENNCARE-20241111
MOCK_RAD_GROUP_DEMO_ONLY,2024-11-14,2024-11-14,ACH CREDIT PAYER REMIT EFT-UHC-20241111,CREDIT,128.29,62564.51,REF8438156,EFT-UHC-20241111
MOCK_RAD_GROUP_DEMO_ONLY,2024-11-15,2024-11-15,ACH CREDIT PAYER REMIT EFT-MCARE-20241111,CREDIT,59.96,62624.47,REF8195283,EFT-MCARE-20241111
MOCK_RAD_GROUP_DEMO_ONLY,2024-11-15,2024-11-15,ACH CREDIT PAYER REMIT EFT-UHC-20241111,CREDIT,147.73,62772.2,REF7700920,EFT-UHC-20241111
MOCK_RAD_GROUP_DEMO_ONLY,2024-11-16,2024-11-16,ACH CREDIT PAYER REMIT EFT-BCBSTN-20241111,CREDIT,160.67,62932.87,REF3492247,EFT-BCBSTN-20241111
MOCK_RAD_GROUP_DEMO_ONLY,2024-11-16,2024-11-16,ACH CREDIT PAYER REMIT EFT-MCARE-20241111,CREDIT,23.29,62956.16,REF5648885,EFT-MCARE-20241111
MOCK_RAD_GROUP_DEMO_ONLY,2024-11-16,2024-11-16,ACH CREDIT PAYER REMIT EFT-TENNCARE-20241111,CREDIT,3.71,62959.87,REF1838006,EFT-TENNCARE-20241111
MOCK_RAD_GROUP_DEMO_ONLY,2024-11-17,2024-11-17,ACH CREDIT PAYER REMIT EFT-BCBSTN-20241111,CREDIT,321.4,63281.27,REF3110798,EFT-BCBSTN-20241111
MOCK_RAD_GROUP_DEMO_ONLY,2024-11-17,2024-11-17,ACH CREDIT PAYER REMIT EFT-UHC-20241111,CREDIT,331.81,63613.08,REF9884512,EFT-UHC-20241111
MOCK_RAD_GROUP_DEMO_ONLY,2024-11-18,2024-11-18,ACH CREDIT PAYER REMIT EFT-MCARE-20241118,CREDIT,55.28,63668.36,REF9468306,EFT-MCARE-20241118
MOCK_RAD_GROUP_DEMO_ONLY,2024-11-18,2024-11-18,ACH CREDIT PAYER REMIT EFT-TENNCARE-20241118,CREDIT,19.18,63687.54,REF6734325,EFT-TENNCARE-20241118
MOCK_RAD_GROUP_DEMO_ONLY,2024-11-18,2024-11-18,ACCOUNT ANALYSIS FEE,DEBIT,-90.8,63596.74,REF4984126,
MOCK_RAD_GROUP_DEMO_ONLY,2024-11-18,2024-11-18,BOOK TRANSFER TO OPERATING 8841,DEBIT,-5574.76,58021.98,REF2887067,
MOCK_RAD_GROUP_DEMO_ONLY,2024-11-19,2024-11-19,ACH CREDIT PAYER REMIT EFT-CIGNA-20241118,CREDIT,293.98,58315.96,REF4432215,EFT-CIGNA-20241118
MOCK_RAD_GROUP_DEMO_ONLY,2024-11-19,2024-11-19,ACH CREDIT PAYER REMIT EFT-MCARE-20241118,CREDIT,98.88,58414.84,REF6076529,EFT-MCARE-20241118
MOCK_RAD_GROUP_DEMO_ONLY,2024-11-19,2024-11-19,ACH CREDIT PAYER REMIT EFT-UHC-20241118,CREDIT,304.6,58719.44,REF8838444,EFT-UHC-20241118
MOCK_RAD_GROUP_DEMO_ONLY,2024-11-20,2024-11-20,ACH CREDIT PAYER REMIT EFT-MCARE-20241118,CREDIT,86.85,58806.29,REF1964456,EFT-MCARE-20241118
MOCK_RAD_GROUP_DEMO_ONLY,2024-11-20,2024-11-20,ACH CREDIT PAYER REMIT EFT-UHC-20241118,CREDIT,392.08,59198.37,REF5853937,EFT-UHC-20241118
MOCK_RAD_GROUP_DEMO_ONLY,2024-11-21,2024-11-21,ACH CREDIT PAYER REMIT EFT-CIGNA-20241118,CREDIT,117.4,59315.77,REF8121211,EFT-CIGNA-20241118
MOCK_RAD_GROUP_DEMO_ONLY,2024-11-21,2024-11-21,ACH CREDIT PAYER REMIT EFT-MCARE-20241118,CREDIT,20.71,59336.48,REF5388186,EFT-MCARE-20241118
MOCK_RAD_GROUP_DEMO_ONLY,2024-11-21,2024-11-21,ACH CREDIT PAYER REMIT EFT-TENNCARE-20241118,CREDIT,27.26,59363.74,REF7720753,EFT-TENNCARE-20241118
MOCK_RAD_GROUP_DEMO_ONLY,2024-11-22,2024-11-22,INTEREST CREDIT,CREDIT,8.91,59372.65,REF2332770,
MOCK_RAD_GROUP_DEMO_ONLY,2024-11-23,2024-11-23,ACH CREDIT PAYER REMIT EFT-BCBSTN-20241118,CREDIT,138.59,59511.24,REF3882442,EFT-BCBSTN-20241118
MOCK_RAD_GROUP_DEMO_ONLY,2024-11-23,2024-11-23,ACH CREDIT PAYER REMIT EFT-TENNCARE-20241118,CREDIT,35.14,59546.38,REF7129460,EFT-TENNCARE-20241118
MOCK_RAD_GROUP_DEMO_ONLY,2024-11-24,2024-11-24,ACH CREDIT PAYER REMIT EFT-BCBSTN-20241118,CREDIT,305.93,59852.31,REF2193727,EFT-BCBSTN-20241118
MOCK_RAD_GROUP_DEMO_ONLY,2024-11-24,2024-11-24,ACH CREDIT PAYER REMIT EFT-TENNCARE-20241118,CREDIT,3.11,59855.42,REF4596242,EFT-TENNCARE-20241118
MOCK_RAD_GROUP_DEMO_ONLY,2024-11-24,2024-11-24,ACH CREDIT PAYER REMIT EFT-UHC-20241118,CREDIT,109.41,59964.83,REF1389798,EFT-UHC-20241118
MOCK_RAD_GROUP_DEMO_ONLY,2024-11-25,2024-11-25,ACH CREDIT PAYER REMIT EFT-BCBSTN-20241125,CREDIT,173.49,60138.32,REF2767658,EFT-BCBSTN-20241125
MOCK_RAD_GROUP_DEMO_ONLY,2024-11-25,2024-11-25,ACH CREDIT PAYER REMIT EFT-CIGNA-20241125,CREDIT,296.48,60434.8,REF9365775,EFT-CIGNA-20241125
MOCK_RAD_GROUP_DEMO_ONLY,2024-11-26,2024-11-26,ACH CREDIT PAYER REMIT EFT-BCBSTN-20241125,CREDIT,60.6,60495.4,REF5865026,EFT-BCBSTN-20241125
MOCK_RAD_GROUP_DEMO_ONLY,2024-11-26,2024-11-26,ACH CREDIT PAYER REMIT EFT-CIGNA-20241125,CREDIT,216.14,60711.54,REF1043258,EFT-CIGNA-20241125
MOCK_RAD_GROUP_DEMO_ONLY,2024-11-26,2024-11-26,ACH CREDIT PAYER REMIT EFT-MCARE-20241125,CREDIT,66.08,60777.62,REF8211934,EFT-MCARE-20241125
MOCK_RAD_GROUP_DEMO_ONLY,2024-11-26,2024-11-26,ACH CREDIT PAYER REMIT EFT-UHC-20241125,CREDIT,151.27,60928.89,REF3021463,EFT-UHC-20241125
MOCK_RAD_GROUP_DEMO_ONLY,2024-11-27,2024-11-27,ACH CREDIT PAYER REMIT EFT-CIGNA-20241125,CREDIT,154.19,61083.08,REF6239926,EFT-CIGNA-20241125
MOCK_RAD_GROUP_DEMO_ONLY,2024-11-27,2024-11-27,ACH CREDIT PAYER REMIT EFT-MCARE-20241125,CREDIT,24.02,61107.1,REF8097327,EFT-MCARE-20241125
MOCK_RAD_GROUP_DEMO_ONLY,2024-11-27,2024-11-27,ACH CREDIT PAYER REMIT EFT-TENNCARE-20241125,CREDIT,52.0,61159.1,REF2935569,EFT-TENNCARE-20241125
MOCK_RAD_GROUP_DEMO_ONLY,2024-11-27,2024-11-27,ACH CREDIT PAYER REMIT EFT-UHC-20241125,CREDIT,171.14,61330.24,REF2296553,EFT-UHC-20241125
MOCK_RAD_GROUP_DEMO_ONLY,2024-11-28,2024-11-28,ACH CREDIT PAYER REMIT EFT-CIGNA-20241125,CREDIT,66.45,61396.69,REF5184191,EFT-CIGNA-20241125
MOCK_RAD_GROUP_DEMO_ONLY,2024-11-28,2024-11-28,ACH CREDIT PAYER REMIT EFT-TENNCARE-20241125,CREDIT,26.63,61423.32,REF3340693,EFT-TENNCARE-20241125
MOCK_RAD_GROUP_DEMO_ONLY,2024-11-29,2024-11-29,ACH CREDIT PAYER REMIT EFT-BCBSTN-20241125,CREDIT,170.82,61594.14,REF8225458,EFT-BCBSTN-20241125
MOCK_RAD_GROUP_DEMO_ONLY,2024-11-29,2024-11-29,ACH CREDIT PAYER REMIT EFT-TENNCARE-20241125,CREDIT,3.58,61597.72,REF9049770,EFT-TENNCARE-20241125
MOCK_RAD_GROUP_DEMO_ONLY,2024-11-30,2024-11-30,ACH CREDIT PAYER REMIT EFT-CIGNA-20241125,CREDIT,58.18,61655.9,REF1221933,EFT-CIGNA-20241125
MOCK_RAD_GROUP_DEMO_ONLY,2024-11-30,2024-11-30,ACH CREDIT PAYER REMIT EFT-MCARE-20241125,CREDIT,68.77,61724.67,REF3878420,EFT-MCARE-20241125
MOCK_RAD_GROUP_DEMO_ONLY,2024-11-30,2024-11-30,ACH CREDIT PAYER REMIT EFT-SELFPAY-20241125,CREDIT,7.3,61731.97,REF8683935,EFT-SELFPAY-20241125
MOCK_RAD_GROUP_DEMO_ONLY,2024-12-01,2024-12-01,ACH CREDIT PAYER REMIT EFT-CIGNA-20241125,CREDIT,44.81,61776.78,REF7960245,EFT-CIGNA-20241125
MOCK_RAD_GROUP_DEMO_ONLY,2024-12-01,2024-12-01,ACH CREDIT PAYER REMIT EFT-MCARE-20241125,CREDIT,68.4,61845.18,REF4289767,EFT-MCARE-20241125
MOCK_RAD_GROUP_DEMO_ONLY,2024-12-01,2024-12-01,ACH CREDIT PAYER REMIT EFT-UHC-20241125,CREDIT,79.89,61925.07,REF8258456,EFT-UHC-20241125
MOCK_RAD_GROUP_DEMO_ONLY,2024-12-02,2024-12-02,ACH CREDIT PAYER REMIT EFT-BCBSTN-20241202,CREDIT,263.63,62188.7,REF2574757,EFT-BCBSTN-20241202
MOCK_RAD_GROUP_DEMO_ONLY,2024-12-02,2024-12-02,ACH CREDIT PAYER REMIT EFT-CIGNA-20241202,CREDIT,81.4,62270.1,REF2223027,EFT-CIGNA-20241202
MOCK_RAD_GROUP_DEMO_ONLY,2024-12-02,2024-12-02,ACH CREDIT PAYER REMIT EFT-MCARE-20241202,CREDIT,22.56,62292.66,REF7481402,EFT-MCARE-20241202
MOCK_RAD_GROUP_DEMO_ONLY,2024-12-02,2024-12-02,ACH CREDIT PAYER REMIT EFT-TENNCARE-20241202,CREDIT,60.02,62352.68,REF2243473,EFT-TENNCARE-20241202
MOCK_RAD_GROUP_DEMO_ONLY,2024-12-02,2024-12-02,ACH CREDIT PAYER REMIT EFT-UHC-20241202,CREDIT,82.41,62435.09,REF9405424,EFT-UHC-20241202
MOCK_RAD_GROUP_DEMO_ONLY,2024-12-03,2024-12-03,ACH CREDIT PAYER REMIT EFT-SELFPAY-20241202,CREDIT,17.64,62452.73,REF8452420,EFT-SELFPAY-20241202
MOCK_RAD_GROUP_DEMO_ONLY,2024-12-04,2024-12-04,ACH CREDIT PAYER REMIT EFT-BCBSTN-20241202,CREDIT,93.36,62546.09,REF2929885,EFT-BCBSTN-20241202
MOCK_RAD_GROUP_DEMO_ONLY,2024-12-04,2024-12-04,ACH CREDIT PAYER REMIT EFT-MCARE-20241202,CREDIT,111.88,62657.97,REF7644723,EFT-MCARE-20241202
MOCK_RAD_GROUP_DEMO_ONLY,2024-12-04,2024-12-04,ACH CREDIT PAYER REMIT EFT-TENNCARE-20241202,CREDIT,26.7,62684.67,REF2484754,EFT-TENNCARE-20241202
MOCK_RAD_GROUP_DEMO_ONLY,2024-12-04,2024-12-04,ACH CREDIT PAYER REMIT EFT-UHC-20241202,CREDIT,235.7,62920.37,REF3489996,EFT-UHC-20241202
MOCK_RAD_GROUP_DEMO_ONLY,2024-12-05,2024-12-05,ACH CREDIT PAYER REMIT EFT-BCBSTN-20241202,CREDIT,150.59,63070.96,REF3618058,EFT-BCBSTN-20241202
MOCK_RAD_GROUP_DEMO_ONLY,2024-12-05,2024-12-05,ACH CREDIT PAYER REMIT EFT-MCARE-20241202,CREDIT,37.35,63108.31,REF1517019,EFT-MCARE-20241202
MOCK_RAD_GROUP_DEMO_ONLY,2024-12-05,2024-12-05,ACH CREDIT PAYER REMIT EFT-TENNCARE-20241202,CREDIT,30.58,63138.89,REF9055813,EFT-TENNCARE-20241202
MOCK_RAD_GROUP_DEMO_ONLY,2024-12-05,2024-12-05,ACH CREDIT PAYER REMIT EFT-UHC-20241202,CREDIT,267.41,63406.3,REF8278010,EFT-UHC-20241202
MOCK_RAD_GROUP_DEMO_ONLY,2024-12-06,2024-12-06,ACH CREDIT PAYER REMIT EFT-BCBSTN-20241202,CREDIT,158.26,63564.56,REF8429060,EFT-BCBSTN-20241202
MOCK_RAD_GROUP_DEMO_ONLY,2024-12-06,2024-12-06,ACH CREDIT PAYER REMIT EFT-CIGNA-20241202,CREDIT,264.43,63828.99,REF5955443,EFT-CIGNA-20241202
MOCK_RAD_GROUP_DEMO_ONLY,2024-12-06,2024-12-06,ACH CREDIT PAYER REMIT EFT-MCARE-20241202,CREDIT,26.28,63855.27,REF4445228,EFT-MCARE-20241202
MOCK_RAD_GROUP_DEMO_ONLY,2024-12-07,2024-12-07,ACH CREDIT PAYER REMIT EFT-BCBSTN-20241202,CREDIT,17.03,63872.3,REF5008861,EFT-BCBSTN-20241202
MOCK_RAD_GROUP_DEMO_ONLY,2024-12-07,2024-12-07,ACH CREDIT PAYER REMIT EFT-MCARE-20241202,CREDIT,50.75,63923.05,REF5255106,EFT-MCARE-20241202
MOCK_RAD_GROUP_DEMO_ONLY,2024-12-07,2024-12-07,ACH CREDIT PAYER REMIT EFT-UHC-20241202,CREDIT,190.44,64113.49,REF5437771,EFT-UHC-20241202
MOCK_RAD_GROUP_DEMO_ONLY,2024-12-08,2024-12-08,ACH CREDIT PAYER REMIT EFT-CIGNA-20241202,CREDIT,17.06,64130.55,REF2909242,EFT-CIGNA-20241202
MOCK_RAD_GROUP_DEMO_ONLY,2024-12-08,2024-12-08,ACH CREDIT PAYER REMIT EFT-MCARE-20241202,CREDIT,27.69,64158.24,REF8301543,EFT-MCARE-20241202
MOCK_RAD_GROUP_DEMO_ONLY,2024-12-08,2024-12-08,ACH CREDIT PAYER REMIT EFT-UHC-20241202,CREDIT,65.0,64223.24,REF9208153,EFT-UHC-20241202
MOCK_RAD_GROUP_DEMO_ONLY,2024-12-09,2024-12-09,ACH CREDIT PAYER REMIT EFT-BCBSTN-20241209,CREDIT,113.77,64337.01,REF9163871,EFT-BCBSTN-20241209
MOCK_RAD_GROUP_DEMO_ONLY,2024-12-09,2024-12-09,ACH CREDIT PAYER REMIT EFT-MCARE-20241209,CREDIT,109.46,64446.47,REF4172738,EFT-MCARE-20241209
MOCK_RAD_GROUP_DEMO_ONLY,2024-12-09,2024-12-09,ACH CREDIT PAYER REMIT EFT-UHC-20241209,CREDIT,69.11,64515.58,REF9271102,EFT-UHC-20241209
MOCK_RAD_GROUP_DEMO_ONLY,2024-12-10,2024-12-10,ACH CREDIT PAYER REMIT EFT-TENNCARE-20241209,CREDIT,45.16,64560.74,REF6000534,EFT-TENNCARE-20241209
MOCK_RAD_GROUP_DEMO_ONLY,2024-12-10,2024-12-10,ACH CREDIT PAYER REMIT EFT-UHC-20241209,CREDIT,97.37,64658.11,REF2709172,EFT-UHC-20241209
MOCK_RAD_GROUP_DEMO_ONLY,2024-12-11,2024-12-11,ACH CREDIT PAYER REMIT EFT-CIGNA-20241209,CREDIT,116.55,64774.66,REF8516270,EFT-CIGNA-20241209
MOCK_RAD_GROUP_DEMO_ONLY,2024-12-11,2024-12-11,ACH CREDIT PAYER REMIT EFT-MCARE-20241209,CREDIT,55.57,64830.23,REF4561279,EFT-MCARE-20241209
MOCK_RAD_GROUP_DEMO_ONLY,2024-12-11,2024-12-11,ACH CREDIT PAYER REMIT EFT-TENNCARE-20241209,CREDIT,81.33,64911.56,REF1069929,EFT-TENNCARE-20241209
MOCK_RAD_GROUP_DEMO_ONLY,2024-12-11,2024-12-11,ACH CREDIT PAYER REMIT EFT-UHC-20241209,CREDIT,243.43,65154.99,REF8365526,EFT-UHC-20241209
MOCK_RAD_GROUP_DEMO_ONLY,2024-12-12,2024-12-12,ACH CREDIT PAYER REMIT EFT-BCBSTN-20241209,CREDIT,145.95,65300.94,REF1266037,EFT-BCBSTN-20241209
MOCK_RAD_GROUP_DEMO_ONLY,2024-12-12,2024-12-12,ACH CREDIT PAYER REMIT EFT-CIGNA-20241209,CREDIT,188.71,65489.65,REF3087772,EFT-CIGNA-20241209
MOCK_RAD_GROUP_DEMO_ONLY,2024-12-12,2024-12-12,ACH CREDIT PAYER REMIT EFT-MCARE-20241209,CREDIT,59.96,65549.61,REF7845643,EFT-MCARE-20241209
MOCK_RAD_GROUP_DEMO_ONLY,2024-12-12,2024-12-12,ACH CREDIT PAYER REMIT EFT-TENNCARE-20241209,CREDIT,10.26,65559.87,REF3857441,EFT-TENNCARE-20241209
MOCK_RAD_GROUP_DEMO_ONLY,2024-12-13,2024-12-13,ACH CREDIT PAYER REMIT EFT-CIGNA-20241209,CREDIT,334.06,65893.93,REF1061953,EFT-CIGNA-20241209
MOCK_RAD_GROUP_DEMO_ONLY,2024-12-13,2024-12-13,ACH CREDIT PAYER REMIT EFT-TENNCARE-20241209,CREDIT,3.48,65897.41,REF2396839,EFT-TENNCARE-20241209
MOCK_RAD_GROUP_DEMO_ONLY,2024-12-14,2024-12-14,ACH CREDIT PAYER REMIT EFT-UHC-20241209,CREDIT,125.2,66022.61,REF4939043,EFT-UHC-20241209
MOCK_RAD_GROUP_DEMO_ONLY,2024-12-15,2024-12-15,ACH CREDIT PAYER REMIT EFT-CIGNA-20241209,CREDIT,17.74,66040.35,REF4163293,EFT-CIGNA-20241209
MOCK_RAD_GROUP_DEMO_ONLY,2024-12-15,2024-12-15,ACH CREDIT PAYER REMIT EFT-MCARE-20241209,CREDIT,84.43,66124.78,REF1142028,EFT-MCARE-20241209
MOCK_RAD_GROUP_DEMO_ONLY,2024-12-15,2024-12-15,ACH CREDIT PAYER REMIT EFT-TENNCARE-20241209,CREDIT,77.22,66202.0,REF9699635,EFT-TENNCARE-20241209
MOCK_RAD_GROUP_DEMO_ONLY,2024-12-15,2024-12-15,ACH CREDIT PAYER REMIT EFT-UHC-20241209,CREDIT,161.94,66363.94,REF6209678,EFT-UHC-20241209
MOCK_RAD_GROUP_DEMO_ONLY,2024-12-16,2024-12-16,ACH CREDIT PAYER REMIT EFT-BCBSTN-20241216,CREDIT,113.48,66477.42,REF7773470,EFT-BCBSTN-20241216
MOCK_RAD_GROUP_DEMO_ONLY,2024-12-16,2024-12-16,ACH CREDIT PAYER REMIT EFT-MCARE-20241216,CREDIT,59.92,66537.34,REF1490758,EFT-MCARE-20241216
MOCK_RAD_GROUP_DEMO_ONLY,2024-12-16,2024-12-16,ACH CREDIT PAYER REMIT EFT-UHC-20241216,CREDIT,149.63,66686.97,REF9980269,EFT-UHC-20241216
MOCK_RAD_GROUP_DEMO_ONLY,2024-12-17,2024-12-17,ACH CREDIT PAYER REMIT EFT-BCBSTN-20241216,CREDIT,149.61,66836.58,REF5044556,EFT-BCBSTN-20241216
MOCK_RAD_GROUP_DEMO_ONLY,2024-12-17,2024-12-17,ACH CREDIT PAYER REMIT EFT-MCARE-20241216,CREDIT,35.12,66871.7,REF1483202,EFT-MCARE-20241216
MOCK_RAD_GROUP_DEMO_ONLY,2024-12-17,2024-12-17,ACH CREDIT PAYER REMIT EFT-TENNCARE-20241216,CREDIT,38.78,66910.48,REF9197388,EFT-TENNCARE-20241216
MOCK_RAD_GROUP_DEMO_ONLY,2024-12-17,2024-12-17,ACH CREDIT PAYER REMIT EFT-UHC-20241216,CREDIT,187.92,67098.4,REF9658266,EFT-UHC-20241216
MOCK_RAD_GROUP_DEMO_ONLY,2024-12-18,2024-12-18,ACH CREDIT PAYER REMIT EFT-MCARE-20241216,CREDIT,65.29,67163.69,REF7875385,EFT-MCARE-20241216
MOCK_RAD_GROUP_DEMO_ONLY,2024-12-18,2024-12-18,ACH CREDIT PAYER REMIT EFT-TENNCARE-20241216,CREDIT,38.02,67201.71,REF7285888,EFT-TENNCARE-20241216
MOCK_RAD_GROUP_DEMO_ONLY,2024-12-18,2024-12-18,ACH CREDIT PAYER REMIT EFT-UHC-20241216,CREDIT,202.68,67404.39,REF1792340,EFT-UHC-20241216
MOCK_RAD_GROUP_DEMO_ONLY,2024-12-18,2024-12-18,ACCOUNT ANALYSIS FEE,DEBIT,-69.84,67334.55,REF4587271,
MOCK_RAD_GROUP_DEMO_ONLY,2024-12-18,2024-12-18,BOOK TRANSFER TO OPERATING 8841,DEBIT,-6935.86,60398.69,REF9051618,
MOCK_RAD_GROUP_DEMO_ONLY,2024-12-19,2024-12-19,ACH CREDIT PAYER REMIT EFT-CIGNA-20241216,CREDIT,98.24,60496.93,REF7537147,EFT-CIGNA-20241216
MOCK_RAD_GROUP_DEMO_ONLY,2024-12-19,2024-12-19,ACH CREDIT PAYER REMIT EFT-UHC-20241216,CREDIT,112.85,60609.78,REF2873747,EFT-UHC-20241216
MOCK_RAD_GROUP_DEMO_ONLY,2024-12-20,2024-12-20,ACH CREDIT PAYER REMIT EFT-MCARE-20241216,CREDIT,48.57,60658.35,REF2103476,EFT-MCARE-20241216
MOCK_RAD_GROUP_DEMO_ONLY,2024-12-20,2024-12-20,ACH CREDIT PAYER REMIT EFT-TENNCARE-20241216,CREDIT,14.64,60672.99,REF8810387,EFT-TENNCARE-20241216
MOCK_RAD_GROUP_DEMO_ONLY,2024-12-21,2024-12-21,ACH CREDIT PAYER REMIT EFT-BCBSTN-20241216,CREDIT,250.51,60923.5,REF7690964,EFT-BCBSTN-20241216
MOCK_RAD_GROUP_DEMO_ONLY,2024-12-21,2024-12-21,ACH CREDIT PAYER REMIT EFT-CIGNA-20241216,CREDIT,51.85,60975.35,REF1470709,EFT-CIGNA-20241216
MOCK_RAD_GROUP_DEMO_ONLY,2024-12-21,2024-12-21,ACH CREDIT PAYER REMIT EFT-MCARE-20241216,CREDIT,6.83,60982.18,REF3166767,EFT-MCARE-20241216
MOCK_RAD_GROUP_DEMO_ONLY,2024-12-21,2024-12-21,ACH CREDIT PAYER REMIT EFT-UHC-20241216,CREDIT,112.4,61094.58,REF2636267,EFT-UHC-20241216
MOCK_RAD_GROUP_DEMO_ONLY,2024-12-22,2024-12-22,ACH CREDIT PAYER REMIT EFT-BCBSTN-20241216,CREDIT,379.11,61473.69,REF5017849,EFT-BCBSTN-20241216
MOCK_RAD_GROUP_DEMO_ONLY,2024-12-22,2024-12-22,ACH CREDIT PAYER REMIT EFT-CIGNA-20241216,CREDIT,117.15,61590.84,REF7870777,EFT-CIGNA-20241216
MOCK_RAD_GROUP_DEMO_ONLY,2024-12-22,2024-12-22,ACH CREDIT PAYER REMIT EFT-MCARE-20241216,CREDIT,70.2,61661.04,REF9804651,EFT-MCARE-20241216
MOCK_RAD_GROUP_DEMO_ONLY,2024-12-22,2024-12-22,ACH CREDIT PAYER REMIT EFT-SELFPAY-20241216,CREDIT,7.08,61668.12,REF6468532,EFT-SELFPAY-20241216
MOCK_RAD_GROUP_DEMO_ONLY,2024-12-22,2024-12-22,ACH CREDIT PAYER REMIT EFT-TENNCARE-20241216,CREDIT,31.22,61699.34,REF9394909,EFT-TENNCARE-20241216
MOCK_RAD_GROUP_DEMO_ONLY,2024-12-22,2024-12-22,ACH CREDIT PAYER REMIT EFT-UHC-20241216,CREDIT,62.48,61761.82,REF7890774,EFT-UHC-20241216
MOCK_RAD_GROUP_DEMO_ONLY,2024-12-23,2024-12-23,ACH CREDIT PAYER REMIT EFT-BCBSTN-20241223,CREDIT,87.39,61849.21,REF6781177,EFT-BCBSTN-20241223
MOCK_RAD_GROUP_DEMO_ONLY,2024-12-23,2024-12-23,ACH CREDIT PAYER REMIT EFT-CIGNA-20241223,CREDIT,217.43,62066.64,REF2581660,EFT-CIGNA-20241223
MOCK_RAD_GROUP_DEMO_ONLY,2024-12-23,2024-12-23,ACH CREDIT PAYER REMIT EFT-MCARE-20241223,CREDIT,67.61,62134.25,REF8663932,EFT-MCARE-20241223
MOCK_RAD_GROUP_DEMO_ONLY,2024-12-23,2024-12-23,ACH CREDIT PAYER REMIT EFT-SELFPAY-20241223,CREDIT,13.6,62147.85,REF4816882,EFT-SELFPAY-20241223
MOCK_RAD_GROUP_DEMO_ONLY,2024-12-23,2024-12-23,ACH CREDIT PAYER REMIT EFT-UHC-20241223,CREDIT,63.79,62211.64,REF4413825,EFT-UHC-20241223
MOCK_RAD_GROUP_DEMO_ONLY,2024-12-24,2024-12-24,ACH CREDIT PAYER REMIT EFT-BCBSTN-20241223,CREDIT,111.41,62323.05,REF8230129,EFT-BCBSTN-20241223
MOCK_RAD_GROUP_DEMO_ONLY,2024-12-24,2024-12-24,ACH CREDIT PAYER REMIT EFT-MCARE-20241223,CREDIT,54.21,62377.26,REF7831510,EFT-MCARE-20241223
MOCK_RAD_GROUP_DEMO_ONLY,2024-12-24,2024-12-24,ACH CREDIT PAYER REMIT EFT-TENNCARE-20241223,CREDIT,25.72,62402.98,REF6803255,EFT-TENNCARE-20241223
MOCK_RAD_GROUP_DEMO_ONLY,2024-12-24,2024-12-24,ACH CREDIT PAYER REMIT EFT-UHC-20241223,CREDIT,190.08,62593.06,REF9281744,EFT-UHC-20241223
MOCK_RAD_GROUP_DEMO_ONLY,2024-12-25,2024-12-25,ACH CREDIT PAYER REMIT EFT-MCARE-20241223,CREDIT,174.78,62767.84,REF6055084,EFT-MCARE-20241223
MOCK_RAD_GROUP_DEMO_ONLY,2024-12-25,2024-12-25,ACH CREDIT PAYER REMIT EFT-TENNCARE-20241223,CREDIT,71.68,62839.52,REF6673750,EFT-TENNCARE-20241223
MOCK_RAD_GROUP_DEMO_ONLY,2024-12-25,2024-12-25,INTEREST CREDIT,CREDIT,10.62,62850.14,REF7739991,
MOCK_RAD_GROUP_DEMO_ONLY,2024-12-26,2024-12-26,ACH CREDIT PAYER REMIT EFT-MCARE-20241223,CREDIT,65.6,62915.74,REF9448432,EFT-MCARE-20241223
MOCK_RAD_GROUP_DEMO_ONLY,2024-12-26,2024-12-26,ACH CREDIT PAYER REMIT EFT-UHC-20241223,CREDIT,57.67,62973.41,REF6326549,EFT-UHC-20241223
MOCK_RAD_GROUP_DEMO_ONLY,2024-12-27,2024-12-27,ACH CREDIT PAYER REMIT EFT-CIGNA-20241223,CREDIT,202.0,63175.41,REF5669129,EFT-CIGNA-20241223
MOCK_RAD_GROUP_DEMO_ONLY,2024-12-27,2024-12-27,ACH CREDIT PAYER REMIT EFT-MCARE-20241223,CREDIT,128.41,63303.82,REF4974400,EFT-MCARE-20241223
MOCK_RAD_GROUP_DEMO_ONLY,2024-12-27,2024-12-27,ACH CREDIT PAYER REMIT EFT-TENNCARE-20241223,CREDIT,30.33,63334.15,REF2020617,EFT-TENNCARE-20241223
MOCK_RAD_GROUP_DEMO_ONLY,2024-12-28,2024-12-28,ACH CREDIT PAYER REMIT EFT-BCBSTN-20241223,CREDIT,151.5,63485.65,REF4102070,EFT-BCBSTN-20241223
MOCK_RAD_GROUP_DEMO_ONLY,2024-12-28,2024-12-28,ACH CREDIT PAYER REMIT EFT-CIGNA-20241223,CREDIT,158.79,63644.44,REF7200850,EFT-CIGNA-20241223
MOCK_RAD_GROUP_DEMO_ONLY,2024-12-28,2024-12-28,ACH CREDIT PAYER REMIT EFT-TENNCARE-20241223,CREDIT,40.86,63685.3,REF5600971,EFT-TENNCARE-20241223
MOCK_RAD_GROUP_DEMO_ONLY,2024-12-29,2024-12-29,ACH CREDIT PAYER REMIT EFT-BCBSTN-20241223,CREDIT,140.88,63826.18,REF3749784,EFT-BCBSTN-20241223
MOCK_RAD_GROUP_DEMO_ONLY,2024-12-29,2024-12-29,ACH CREDIT PAYER REMIT EFT-MCARE-20241223,CREDIT,80.32,63906.5,REF6139288,EFT-MCARE-20241223
MOCK_RAD_GROUP_DEMO_ONLY,2024-12-29,2024-12-29,ACH CREDIT PAYER REMIT EFT-UHC-20241223,CREDIT,160.41,64066.91,REF2027882,EFT-UHC-20241223
MOCK_RAD_GROUP_DEMO_ONLY,2024-12-30,2024-12-30,ACH CREDIT PAYER REMIT EFT-CIGNA-20241230,CREDIT,178.8,64245.71,REF5676680,EFT-CIGNA-20241230
MOCK_RAD_GROUP_DEMO_ONLY,2024-12-30,2024-12-30,ACH CREDIT PAYER REMIT EFT-MCARE-20241230,CREDIT,82.93,64328.64,REF1816239,EFT-MCARE-20241230
MOCK_RAD_GROUP_DEMO_ONLY,2024-12-31,2024-12-31,ACH CREDIT PAYER REMIT EFT-BCBSTN-20241230,CREDIT,136.25,64464.89,REF9295644,EFT-BCBSTN-20241230
MOCK_RAD_GROUP_DEMO_ONLY,2024-12-31,2024-12-31,ACH CREDIT PAYER REMIT EFT-CIGNA-20241230,CREDIT,115.19,64580.08,REF7873006,EFT-CIGNA-20241230
MOCK_RAD_GROUP_DEMO_ONLY,2024-12-31,2024-12-31,ACH CREDIT PAYER REMIT EFT-MCARE-20241230,CREDIT,65.18,64645.26,REF4950714,EFT-MCARE-20241230
MOCK_RAD_GROUP_DEMO_ONLY,2025-01-01,2025-01-01,ACH CREDIT PAYER REMIT EFT-BCBSTN-20241230,CREDIT,58.62,64703.88,REF4584790,EFT-BCBSTN-20241230
MOCK_RAD_GROUP_DEMO_ONLY,2025-01-01,2025-01-01,ACH CREDIT PAYER REMIT EFT-CIGNA-20241230,CREDIT,144.0,64847.88,REF9864604,EFT-CIGNA-20241230
MOCK_RAD_GROUP_DEMO_ONLY,2025-01-01,2025-01-01,ACH CREDIT PAYER REMIT EFT-MCARE-20241230,CREDIT,24.01,64871.89,REF6024408,EFT-MCARE-20241230
MOCK_RAD_GROUP_DEMO_ONLY,2025-01-01,2025-01-01,ACH CREDIT PAYER REMIT EFT-TENNCARE-20241230,CREDIT,24.42,64896.31,REF3073719,EFT-TENNCARE-20241230
MOCK_RAD_GROUP_DEMO_ONLY,2025-01-02,2025-01-02,ACH CREDIT PAYER REMIT EFT-BCBSTN-20241230,CREDIT,55.93,64952.24,REF8415027,EFT-BCBSTN-20241230
MOCK_RAD_GROUP_DEMO_ONLY,2025-01-02,2025-01-02,ACH CREDIT PAYER REMIT EFT-TENNCARE-20241230,CREDIT,35.37,64987.61,REF8154747,EFT-TENNCARE-20241230
MOCK_RAD_GROUP_DEMO_ONLY,2025-01-02,2025-01-02,ACH CREDIT PAYER REMIT EFT-UHC-20241230,CREDIT,61.13,65048.74,REF9478863,EFT-UHC-20241230
MOCK_RAD_GROUP_DEMO_ONLY,2025-01-03,2025-01-03,ACH CREDIT PAYER REMIT EFT-BCBSTN-20241230,CREDIT,97.6,65146.34,REF4891405,EFT-BCBSTN-20241230
MOCK_RAD_GROUP_DEMO_ONLY,2025-01-03,2025-01-03,ACH CREDIT PAYER REMIT EFT-MCARE-20241230,CREDIT,103.86,65250.2,REF9548356,EFT-MCARE-20241230
MOCK_RAD_GROUP_DEMO_ONLY,2025-01-03,2025-01-03,ACH CREDIT PAYER REMIT EFT-UHC-20241230,CREDIT,57.04,65307.24,REF8252754,EFT-UHC-20241230
MOCK_RAD_GROUP_DEMO_ONLY,2025-01-04,2025-01-04,ACH CREDIT PAYER REMIT EFT-CIGNA-20241230,CREDIT,188.34,65495.58,REF8968460,EFT-CIGNA-20241230
MOCK_RAD_GROUP_DEMO_ONLY,2025-01-04,2025-01-04,ACH CREDIT PAYER REMIT EFT-MCARE-20241230,CREDIT,50.11,65545.69,REF9827900,EFT-MCARE-20241230
MOCK_RAD_GROUP_DEMO_ONLY,2025-01-05,2025-01-05,ACH CREDIT PAYER REMIT EFT-CIGNA-20241230,CREDIT,145.6,65691.29,REF6851454,EFT-CIGNA-20241230
MOCK_RAD_GROUP_DEMO_ONLY,2025-01-05,2025-01-05,ACH CREDIT PAYER REMIT EFT-TENNCARE-20241230,CREDIT,29.07,65720.36,REF5757061,EFT-TENNCARE-20241230
MOCK_RAD_GROUP_DEMO_ONLY,2025-01-05,2025-01-05,ACH CREDIT PAYER REMIT EFT-UHC-20241230,CREDIT,288.54,66008.9,REF2001009,EFT-UHC-20241230
MOCK_RAD_GROUP_DEMO_ONLY,2025-01-06,2025-01-06,ACH CREDIT PAYER REMIT EFT-BCBSTN-20250106,CREDIT,144.9,66153.8,REF8123146,EFT-BCBSTN-20250106
MOCK_RAD_GROUP_DEMO_ONLY,2025-01-06,2025-01-06,ACH CREDIT PAYER REMIT EFT-CIGNA-20250106,CREDIT,196.52,66350.32,REF4144755,EFT-CIGNA-20250106
MOCK_RAD_GROUP_DEMO_ONLY,2025-01-06,2025-01-06,ACH CREDIT PAYER REMIT EFT-MCARE-20250106,CREDIT,52.77,66403.09,REF3193086,EFT-MCARE-20250106
MOCK_RAD_GROUP_DEMO_ONLY,2025-01-06,2025-01-06,ACH CREDIT PAYER REMIT EFT-SELFPAY-20250106,CREDIT,0.21,66403.3,REF2789403,EFT-SELFPAY-20250106
MOCK_RAD_GROUP_DEMO_ONLY,2025-01-06,2025-01-06,ACH CREDIT PAYER REMIT EFT-TENNCARE-20250106,CREDIT,3.81,66407.11,REF1039889,EFT-TENNCARE-20250106
MOCK_RAD_GROUP_DEMO_ONLY,2025-01-07,2025-01-07,ACH CREDIT PAYER REMIT EFT-BCBSTN-20250106,CREDIT,161.24,66568.35,REF8713569,EFT-BCBSTN-20250106
MOCK_RAD_GROUP_DEMO_ONLY,2025-01-07,2025-01-07,ACH CREDIT PAYER REMIT EFT-MCARE-20250106,CREDIT,76.48,66644.83,REF3197147,EFT-MCARE-20250106
MOCK_RAD_GROUP_DEMO_ONLY,2025-01-07,2025-01-07,ACH CREDIT PAYER REMIT EFT-TENNCARE-20250106,CREDIT,76.34,66721.17,REF8402177,EFT-TENNCARE-20250106
MOCK_RAD_GROUP_DEMO_ONLY,2025-01-07,2025-01-07,ACH CREDIT PAYER REMIT EFT-UHC-20250106,CREDIT,77.21,66798.38,REF2400017,EFT-UHC-20250106
MOCK_RAD_GROUP_DEMO_ONLY,2025-01-08,2025-01-08,ACH CREDIT PAYER REMIT EFT-SELFPAY-20250106,CREDIT,0.07,66798.45,REF4741300,EFT-SELFPAY-20250106
MOCK_RAD_GROUP_DEMO_ONLY,2025-01-08,2025-01-08,ACH CREDIT PAYER REMIT EFT-UHC-20250106,CREDIT,153.5,66951.95,REF1414301,EFT-UHC-20250106
MOCK_RAD_GROUP_DEMO_ONLY,2025-01-09,2025-01-09,ACH CREDIT PAYER REMIT EFT-BCBSTN-20250106,CREDIT,154.83,67106.78,REF6963357,EFT-BCBSTN-20250106
MOCK_RAD_GROUP_DEMO_ONLY,2025-01-09,2025-01-09,ACH CREDIT PAYER REMIT EFT-CIGNA-20250106,CREDIT,184.87,67291.65,REF7333990,EFT-CIGNA-20250106
MOCK_RAD_GROUP_DEMO_ONLY,2025-01-09,2025-01-09,ACH CREDIT PAYER REMIT EFT-TENNCARE-20250106,CREDIT,32.91,67324.56,REF2606221,EFT-TENNCARE-20250106
MOCK_RAD_GROUP_DEMO_ONLY,2025-01-10,2025-01-10,ACH CREDIT PAYER REMIT EFT-MCARE-20250106,CREDIT,61.08,67385.64,REF6090859,EFT-MCARE-20250106
MOCK_RAD_GROUP_DEMO_ONLY,2025-01-10,2025-01-10,INTEREST CREDIT,CREDIT,14.35,67399.99,REF3435235,
MOCK_RAD_GROUP_DEMO_ONLY,2025-01-11,2025-01-11,ACH CREDIT PAYER REMIT EFT-BCBSTN-20250106,CREDIT,209.95,67609.94,REF4212578,EFT-BCBSTN-20250106
MOCK_RAD_GROUP_DEMO_ONLY,2025-01-11,2025-01-11,ACH CREDIT PAYER REMIT EFT-MCARE-20250106,CREDIT,148.99,67758.93,REF2931761,EFT-MCARE-20250106
MOCK_RAD_GROUP_DEMO_ONLY,2025-01-11,2025-01-11,ACH CREDIT PAYER REMIT EFT-TENNCARE-20250106,CREDIT,15.22,67774.15,REF7025405,EFT-TENNCARE-20250106
MOCK_RAD_GROUP_DEMO_ONLY,2025-01-12,2025-01-12,ACH CREDIT PAYER REMIT EFT-BCBSTN-20250106,CREDIT,105.14,67879.29,REF5047784,EFT-BCBSTN-20250106
MOCK_RAD_GROUP_DEMO_ONLY,2025-01-12,2025-01-12,ACH CREDIT PAYER REMIT EFT-CIGNA-20250106,CREDIT,334.05,68213.34,REF3551210,EFT-CIGNA-20250106
MOCK_RAD_GROUP_DEMO_ONLY,2025-01-12,2025-01-12,ACH CREDIT PAYER REMIT EFT-MCARE-20250106,CREDIT,46.53,68259.87,REF6261429,EFT-MCARE-20250106
MOCK_RAD_GROUP_DEMO_ONLY,2025-01-12,2025-01-12,ACH CREDIT PAYER REMIT EFT-TENNCARE-20250106,CREDIT,60.07,68319.94,REF4517252,EFT-TENNCARE-20250106
MOCK_RAD_GROUP_DEMO_ONLY,2025-01-12,2025-01-12,ACH CREDIT PAYER REMIT EFT-UHC-20250106,CREDIT,170.99,68490.93,REF3709426,EFT-UHC-20250106
MOCK_RAD_GROUP_DEMO_ONLY,2025-01-13,2025-01-13,ACH CREDIT PAYER REMIT EFT-CIGNA-20250113,CREDIT,95.29,68586.22,REF4660026,EFT-CIGNA-20250113
MOCK_RAD_GROUP_DEMO_ONLY,2025-01-14,2025-01-14,ACH CREDIT PAYER REMIT EFT-UHC-20250113,CREDIT,127.8,68714.02,REF8467258,EFT-UHC-20250113
MOCK_RAD_GROUP_DEMO_ONLY,2025-01-15,2025-01-15,ACH CREDIT PAYER REMIT EFT-BCBSTN-20250113,CREDIT,91.15,68805.17,REF4890078,EFT-BCBSTN-20250113
MOCK_RAD_GROUP_DEMO_ONLY,2025-01-15,2025-01-15,ACH CREDIT PAYER REMIT EFT-CIGNA-20250113,CREDIT,145.91,68951.08,REF9338753,EFT-CIGNA-20250113
MOCK_RAD_GROUP_DEMO_ONLY,2025-01-15,2025-01-15,ACH CREDIT PAYER REMIT EFT-MCARE-20250113,CREDIT,105.34,69056.42,REF9907267,EFT-MCARE-20250113
MOCK_RAD_GROUP_DEMO_ONLY,2025-01-15,2025-01-15,ACH CREDIT PAYER REMIT EFT-TENNCARE-20250113,CREDIT,39.27,69095.69,REF8577286,EFT-TENNCARE-20250113
MOCK_RAD_GROUP_DEMO_ONLY,2025-01-15,2025-01-15,ACH CREDIT PAYER REMIT EFT-UHC-20250113,CREDIT,60.13,69155.82,REF2379719,EFT-UHC-20250113
MOCK_RAD_GROUP_DEMO_ONLY,2025-01-16,2025-01-16,ACH CREDIT PAYER REMIT EFT-BCBSTN-20250113,CREDIT,228.3,69384.12,REF8236045,EFT-BCBSTN-20250113
MOCK_RAD_GROUP_DEMO_ONLY,2025-01-16,2025-01-16,ACH CREDIT PAYER REMIT EFT-TENNCARE-20250113,CREDIT,29.5,69413.62,REF1438797,EFT-TENNCARE-20250113
MOCK_RAD_GROUP_DEMO_ONLY,2025-01-17,2025-01-17,ACH CREDIT PAYER REMIT EFT-MCARE-20250113,CREDIT,44.75,69458.37,REF4430485,EFT-MCARE-20250113
MOCK_RAD_GROUP_DEMO_ONLY,2025-01-17,2025-01-17,ACH CREDIT PAYER REMIT EFT-TENNCARE-20250113,CREDIT,50.2,69508.57,REF9903137,EFT-TENNCARE-20250113
MOCK_RAD_GROUP_DEMO_ONLY,2025-01-18,2025-01-18,ACH CREDIT PAYER REMIT EFT-BCBSTN-20250113,CREDIT,101.68,69610.25,REF2416722,EFT-BCBSTN-20250113
MOCK_RAD_GROUP_DEMO_ONLY,2025-01-18,2025-01-18,ACH CREDIT PAYER REMIT EFT-CIGNA-20250113,CREDIT,49.65,69659.9,REF8029315,EFT-CIGNA-20250113
MOCK_RAD_GROUP_DEMO_ONLY,2025-01-18,2025-01-18,ACH CREDIT PAYER REMIT EFT-MCARE-20250113,CREDIT,114.08,69773.98,REF4384295,EFT-MCARE-20250113
MOCK_RAD_GROUP_DEMO_ONLY,2025-01-18,2025-01-18,ACH CREDIT PAYER REMIT EFT-UHC-20250113,CREDIT,281.54,70055.52,REF2956618,EFT-UHC-20250113
MOCK_RAD_GROUP_DEMO_ONLY,2025-01-18,2025-01-18,ACCOUNT ANALYSIS FEE,DEBIT,-124.99,69930.53,REF5785874,
MOCK_RAD_GROUP_DEMO_ONLY,2025-01-18,2025-01-18,BOOK TRANSFER TO OPERATING 8841,DEBIT,-7488.65,62441.88,REF3672442,
MOCK_RAD_GROUP_DEMO_ONLY,2025-01-19,2025-01-19,ACH CREDIT PAYER REMIT EFT-BCBSTN-20250113,CREDIT,63.15,62505.03,REF3664960,EFT-BCBSTN-20250113
MOCK_RAD_GROUP_DEMO_ONLY,2025-01-19,2025-01-19,ACH CREDIT PAYER REMIT EFT-CIGNA-20250113,CREDIT,190.26,62695.29,REF9098406,EFT-CIGNA-20250113
MOCK_RAD_GROUP_DEMO_ONLY,2025-01-19,2025-01-19,ACH CREDIT PAYER REMIT EFT-MCARE-20250113,CREDIT,117.47,62812.76,REF4665245,EFT-MCARE-20250113
MOCK_RAD_GROUP_DEMO_ONLY,2025-01-19,2025-01-19,ACH CREDIT PAYER REMIT EFT-TENNCARE-20250113,CREDIT,22.76,62835.52,REF9324310,EFT-TENNCARE-20250113
MOCK_RAD_GROUP_DEMO_ONLY,2025-01-19,2025-01-19,ACH CREDIT PAYER REMIT EFT-UHC-20250113,CREDIT,66.33,62901.85,REF5746955,EFT-UHC-20250113
MOCK_RAD_GROUP_DEMO_ONLY,2025-01-20,2025-01-20,ACH CREDIT PAYER REMIT EFT-MCARE-20250120,CREDIT,49.48,62951.33,REF7484223,EFT-MCARE-20250120
MOCK_RAD_GROUP_DEMO_ONLY,2025-01-20,2025-01-20,ACH CREDIT PAYER REMIT EFT-TENNCARE-20250120,CREDIT,67.28,63018.61,REF3613344,EFT-TENNCARE-20250120
MOCK_RAD_GROUP_DEMO_ONLY,2025-01-20,2025-01-20,ACH CREDIT PAYER REMIT EFT-UHC-20250120,CREDIT,128.71,63147.32,REF3388528,EFT-UHC-20250120
MOCK_RAD_GROUP_DEMO_ONLY,2025-01-21,2025-01-21,ACH CREDIT PAYER REMIT EFT-CIGNA-20250120,CREDIT,131.29,63278.61,REF7318880,EFT-CIGNA-20250120
MOCK_RAD_GROUP_DEMO_ONLY,2025-01-21,2025-01-21,ACH CREDIT PAYER REMIT EFT-MCARE-20250120,CREDIT,45.76,63324.37,REF7360963,EFT-MCARE-20250120
MOCK_RAD_GROUP_DEMO_ONLY,2025-01-22,2025-01-22,ACH CREDIT PAYER REMIT EFT-BCBSTN-20250120,CREDIT,86.52,63410.89,REF3771825,EFT-BCBSTN-20250120
MOCK_RAD_GROUP_DEMO_ONLY,2025-01-22,2025-01-22,ACH CREDIT PAYER REMIT EFT-SELFPAY-20250120,CREDIT,15.1,63425.99,REF9326424,EFT-SELFPAY-20250120
MOCK_RAD_GROUP_DEMO_ONLY,2025-01-22,2025-01-22,ACH CREDIT PAYER REMIT EFT-TENNCARE-20250120,CREDIT,82.74,63508.73,REF8535566,EFT-TENNCARE-20250120
MOCK_RAD_GROUP_DEMO_ONLY,2025-01-22,2025-01-22,ACH CREDIT PAYER REMIT EFT-UHC-20250120,CREDIT,158.99,63667.72,REF3981672,EFT-UHC-20250120
MOCK_RAD_GROUP_DEMO_ONLY,2025-01-23,2025-01-23,ACH CREDIT PAYER REMIT EFT-BCBSTN-20250120,CREDIT,70.49,63738.21,REF6861499,EFT-BCBSTN-20250120
MOCK_RAD_GROUP_DEMO_ONLY,2025-01-23,2025-01-23,ACH CREDIT PAYER REMIT EFT-CIGNA-20250120,CREDIT,50.66,63788.87,REF9781506,EFT-CIGNA-20250120
MOCK_RAD_GROUP_DEMO_ONLY,2025-01-23,2025-01-23,ACH CREDIT PAYER REMIT EFT-MCARE-20250120,CREDIT,68.35,63857.22,REF4125432,EFT-MCARE-20250120
MOCK_RAD_GROUP_DEMO_ONLY,2025-01-24,2025-01-24,ACH CREDIT PAYER REMIT EFT-BCBSTN-20250120,CREDIT,191.35,64048.57,REF7605690,EFT-BCBSTN-20250120
MOCK_RAD_GROUP_DEMO_ONLY,2025-01-24,2025-01-24,ACH CREDIT PAYER REMIT EFT-CIGNA-20250120,CREDIT,75.39,64123.96,REF9685396,EFT-CIGNA-20250120
MOCK_RAD_GROUP_DEMO_ONLY,2025-01-24,2025-01-24,ACH CREDIT PAYER REMIT EFT-MCARE-20250120,CREDIT,93.93,64217.89,REF9264880,EFT-MCARE-20250120
MOCK_RAD_GROUP_DEMO_ONLY,2025-01-24,2025-01-24,ACH CREDIT PAYER REMIT EFT-SELFPAY-20250120,CREDIT,2.81,64220.7,REF9297418,EFT-SELFPAY-20250120
MOCK_RAD_GROUP_DEMO_ONLY,2025-01-24,2025-01-24,ACH CREDIT PAYER REMIT EFT-TENNCARE-20250120,CREDIT,66.74,64287.44,REF4195173,EFT-TENNCARE-20250120
MOCK_RAD_GROUP_DEMO_ONLY,2025-01-24,2025-01-24,ACH CREDIT PAYER REMIT EFT-UHC-20250120,CREDIT,163.03,64450.47,REF3648572,EFT-UHC-20250120
MOCK_RAD_GROUP_DEMO_ONLY,2025-01-25,2025-01-25,ACH CREDIT PAYER REMIT EFT-BCBSTN-20250120,CREDIT,51.94,64502.41,REF3745013,EFT-BCBSTN-20250120
MOCK_RAD_GROUP_DEMO_ONLY,2025-01-25,2025-01-25,ACH CREDIT PAYER REMIT EFT-CIGNA-20250120,CREDIT,148.89,64651.3,REF9118473,EFT-CIGNA-20250120
MOCK_RAD_GROUP_DEMO_ONLY,2025-01-25,2025-01-25,ACH CREDIT PAYER REMIT EFT-UHC-20250120,CREDIT,137.9,64789.2,REF3901873,EFT-UHC-20250120
MOCK_RAD_GROUP_DEMO_ONLY,2025-01-26,2025-01-26,ACH CREDIT PAYER REMIT EFT-BCBSTN-20250120,CREDIT,341.28,65130.48,REF9753353,EFT-BCBSTN-20250120
MOCK_RAD_GROUP_DEMO_ONLY,2025-01-26,2025-01-26,ACH CREDIT PAYER REMIT EFT-CIGNA-20250120,CREDIT,238.06,65368.54,REF6579608,EFT-CIGNA-20250120
MOCK_RAD_GROUP_DEMO_ONLY,2025-01-26,2025-01-26,ACH CREDIT PAYER REMIT EFT-MCARE-20250120,CREDIT,77.72,65446.26,REF7231501,EFT-MCARE-20250120
MOCK_RAD_GROUP_DEMO_ONLY,2025-01-26,2025-01-26,ACH CREDIT PAYER REMIT EFT-TENNCARE-20250120,CREDIT,4.7,65450.96,REF7433888,EFT-TENNCARE-20250120
MOCK_RAD_GROUP_DEMO_ONLY,2025-01-26,2025-01-26,ACH CREDIT PAYER REMIT EFT-UHC-20250120,CREDIT,61.85,65512.81,REF3572745,EFT-UHC-20250120
MOCK_RAD_GROUP_DEMO_ONLY,2025-01-27,2025-01-27,ACH CREDIT PAYER REMIT EFT-BCBSTN-20250127,CREDIT,205.16,65717.97,REF5503276,EFT-BCBSTN-20250127
MOCK_RAD_GROUP_DEMO_ONLY,2025-01-27,2025-01-27,ACH CREDIT PAYER REMIT EFT-UHC-20250127,CREDIT,130.32,65848.29,REF2879969,EFT-UHC-20250127
MOCK_RAD_GROUP_DEMO_ONLY,2025-01-28,2025-01-28,ACH CREDIT PAYER REMIT EFT-BCBSTN-20250127,CREDIT,58.23,65906.52,REF4766534,EFT-BCBSTN-20250127
MOCK_RAD_GROUP_DEMO_ONLY,2025-01-28,2025-01-28,ACH CREDIT PAYER REMIT EFT-MCARE-20250127,CREDIT,93.02,65999.54,REF3831809,EFT-MCARE-20250127
MOCK_RAD_GROUP_DEMO_ONLY,2025-01-28,2025-01-28,ACH CREDIT PAYER REMIT EFT-TENNCARE-20250127,CREDIT,22.53,66022.07,REF8186440,EFT-TENNCARE-20250127
MOCK_RAD_GROUP_DEMO_ONLY,2025-01-28,2025-01-28,ACH CREDIT PAYER REMIT EFT-UHC-20250127,CREDIT,154.48,66176.55,REF9578214,EFT-UHC-20250127
MOCK_RAD_GROUP_DEMO_ONLY,2025-01-29,2025-01-29,ACH CREDIT PAYER REMIT EFT-BCBSTN-20250127,CREDIT,583.28,66759.83,REF4268122,EFT-BCBSTN-20250127
MOCK_RAD_GROUP_DEMO_ONLY,2025-01-29,2025-01-29,ACH CREDIT PAYER REMIT EFT-CIGNA-20250127,CREDIT,56.62,66816.45,REF8883976,EFT-CIGNA-20250127
MOCK_RAD_GROUP_DEMO_ONLY,2025-01-29,2025-01-29,ACH CREDIT PAYER REMIT EFT-MCARE-20250127,CREDIT,27.5,66843.95,REF5638572,EFT-MCARE-20250127
MOCK_RAD_GROUP_DEMO_ONLY,2025-01-29,2025-01-29,ACH CREDIT PAYER REMIT EFT-UHC-20250127,CREDIT,130.93,66974.88,REF1945311,EFT-UHC-20250127
MOCK_RAD_GROUP_DEMO_ONLY,2025-01-30,2025-01-30,ACH CREDIT PAYER REMIT EFT-CIGNA-20250127,CREDIT,160.67,67135.55,REF1509823,EFT-CIGNA-20250127
MOCK_RAD_GROUP_DEMO_ONLY,2025-01-30,2025-01-30,ACH CREDIT PAYER REMIT EFT-MCARE-20250127,CREDIT,126.03,67261.58,REF3334507,EFT-MCARE-20250127
MOCK_RAD_GROUP_DEMO_ONLY,2025-01-30,2025-01-30,ACH CREDIT PAYER REMIT EFT-UHC-20250127,CREDIT,265.38,67526.96,REF8128090,EFT-UHC-20250127
MOCK_RAD_GROUP_DEMO_ONLY,2025-01-31,2025-01-31,ACH CREDIT PAYER REMIT EFT-BCBSTN-20250127,CREDIT,70.09,67597.05,REF5089333,EFT-BCBSTN-20250127
MOCK_RAD_GROUP_DEMO_ONLY,2025-01-31,2025-01-31,ACH CREDIT PAYER REMIT EFT-CIGNA-20250127,CREDIT,136.33,67733.38,REF6407513,EFT-CIGNA-20250127
MOCK_RAD_GROUP_DEMO_ONLY,2025-01-31,2025-01-31,ACH CREDIT PAYER REMIT EFT-TENNCARE-20250127,CREDIT,10.66,67744.04,REF8611012,EFT-TENNCARE-20250127
MOCK_RAD_GROUP_DEMO_ONLY,2025-02-01,2025-02-01,ACH CREDIT PAYER REMIT EFT-TENNCARE-20250127,CREDIT,41.65,67785.69,REF4989227,EFT-TENNCARE-20250127
MOCK_RAD_GROUP_DEMO_ONLY,2025-02-03,2025-02-03,ACH CREDIT PAYER REMIT EFT-CIGNA-20250203,CREDIT,132.61,67918.3,REF8869360,EFT-CIGNA-20250203
MOCK_RAD_GROUP_DEMO_ONLY,2025-02-03,2025-02-03,ACH CREDIT PAYER REMIT EFT-MCARE-20250203,CREDIT,75.56,67993.86,REF6966476,EFT-MCARE-20250203
MOCK_RAD_GROUP_DEMO_ONLY,2025-02-03,2025-02-03,ACH CREDIT PAYER REMIT EFT-UHC-20250203,CREDIT,64.0,68057.86,REF8591698,EFT-UHC-20250203
MOCK_RAD_GROUP_DEMO_ONLY,2025-02-04,2025-02-04,ACH CREDIT PAYER REMIT EFT-BCBSTN-20250203,CREDIT,260.12,68317.98,REF7767159,EFT-BCBSTN-20250203
MOCK_RAD_GROUP_DEMO_ONLY,2025-02-04,2025-02-04,ACH CREDIT PAYER REMIT EFT-CIGNA-20250203,CREDIT,240.67,68558.65,REF4038881,EFT-CIGNA-20250203
MOCK_RAD_GROUP_DEMO_ONLY,2025-02-04,2025-02-04,ACH CREDIT PAYER REMIT EFT-MCARE-20250203,CREDIT,43.0,68601.65,REF9771180,EFT-MCARE-20250203
MOCK_RAD_GROUP_DEMO_ONLY,2025-02-05,2025-02-05,ACH CREDIT PAYER REMIT EFT-MCARE-20250203,CREDIT,146.94,68748.59,REF6215395,EFT-MCARE-20250203
MOCK_RAD_GROUP_DEMO_ONLY,2025-02-05,2025-02-05,ACH CREDIT PAYER REMIT EFT-TENNCARE-20250203,CREDIT,24.59,68773.18,REF5146507,EFT-TENNCARE-20250203
MOCK_RAD_GROUP_DEMO_ONLY,2025-02-05,2025-02-05,ACH CREDIT PAYER REMIT EFT-UHC-20250203,CREDIT,268.34,69041.52,REF1315362,EFT-UHC-20250203
MOCK_RAD_GROUP_DEMO_ONLY,2025-02-06,2025-02-06,ACH CREDIT PAYER REMIT EFT-BCBSTN-20250203,CREDIT,107.32,69148.84,REF4174964,EFT-BCBSTN-20250203
MOCK_RAD_GROUP_DEMO_ONLY,2025-02-07,2025-02-07,ACH CREDIT PAYER REMIT EFT-BCBSTN-20250203,CREDIT,183.78,69332.62,REF2994624,EFT-BCBSTN-20250203
MOCK_RAD_GROUP_DEMO_ONLY,2025-02-07,2025-02-07,ACH CREDIT PAYER REMIT EFT-CIGNA-20250203,CREDIT,137.33,69469.95,REF3095783,EFT-CIGNA-20250203
MOCK_RAD_GROUP_DEMO_ONLY,2025-02-07,2025-02-07,ACH CREDIT PAYER REMIT EFT-MCARE-20250203,CREDIT,58.63,69528.58,REF3119300,EFT-MCARE-20250203
MOCK_RAD_GROUP_DEMO_ONLY,2025-02-07,2025-02-07,ACH CREDIT PAYER REMIT EFT-UHC-20250203,CREDIT,103.45,69632.03,REF5251100,EFT-UHC-20250203
MOCK_RAD_GROUP_DEMO_ONLY,2025-02-08,2025-02-08,ACH CREDIT PAYER REMIT EFT-BCBSTN-20250203,CREDIT,131.9,69763.93,REF7648246,EFT-BCBSTN-20250203
MOCK_RAD_GROUP_DEMO_ONLY,2025-02-08,2025-02-08,ACH CREDIT PAYER REMIT EFT-CIGNA-20250203,CREDIT,280.76,70044.69,REF7274424,EFT-CIGNA-20250203
MOCK_RAD_GROUP_DEMO_ONLY,2025-02-08,2025-02-08,ACH CREDIT PAYER REMIT EFT-MCARE-20250203,CREDIT,69.72,70114.41,REF3984025,EFT-MCARE-20250203
MOCK_RAD_GROUP_DEMO_ONLY,2025-02-08,2025-02-08,INTEREST CREDIT,CREDIT,38.95,70153.36,REF5443110,
MOCK_RAD_GROUP_DEMO_ONLY,2025-02-09,2025-02-09,ACH CREDIT PAYER REMIT EFT-BCBSTN-20250203,CREDIT,71.53,70224.89,REF8748554,EFT-BCBSTN-20250203
MOCK_RAD_GROUP_DEMO_ONLY,2025-02-09,2025-02-09,ACH CREDIT PAYER REMIT EFT-CIGNA-20250203,CREDIT,71.83,70296.72,REF3689185,EFT-CIGNA-20250203
MOCK_RAD_GROUP_DEMO_ONLY,2025-02-09,2025-02-09,ACH CREDIT PAYER REMIT EFT-SELFPAY-20250203,CREDIT,5.84,70302.56,REF3302582,EFT-SELFPAY-20250203
MOCK_RAD_GROUP_DEMO_ONLY,2025-02-09,2025-02-09,ACH CREDIT PAYER REMIT EFT-TENNCARE-20250203,CREDIT,17.31,70319.87,REF4251726,EFT-TENNCARE-20250203
MOCK_RAD_GROUP_DEMO_ONLY,2025-02-09,2025-02-09,ACH CREDIT PAYER REMIT EFT-UHC-20250203,CREDIT,158.07,70477.94,REF3136104,EFT-UHC-20250203
MOCK_RAD_GROUP_DEMO_ONLY,2025-02-11,2025-02-11,ACH CREDIT PAYER REMIT EFT-CIGNA-20250210,CREDIT,53.65,70531.59,REF9250165,EFT-CIGNA-20250210
MOCK_RAD_GROUP_DEMO_ONLY,2025-02-11,2025-02-11,ACH CREDIT PAYER REMIT EFT-MCARE-20250210,CREDIT,108.79,70640.38,REF2114147,EFT-MCARE-20250210
MOCK_RAD_GROUP_DEMO_ONLY,2025-02-11,2025-02-11,ACH CREDIT PAYER REMIT EFT-TENNCARE-20250210,CREDIT,17.71,70658.09,REF3178369,EFT-TENNCARE-20250210
MOCK_RAD_GROUP_DEMO_ONLY,2025-02-12,2025-02-12,ACH CREDIT PAYER REMIT EFT-TENNCARE-20250210,CREDIT,12.83,70670.92,REF7575027,EFT-TENNCARE-20250210
MOCK_RAD_GROUP_DEMO_ONLY,2025-02-13,2025-02-13,ACH CREDIT PAYER REMIT EFT-TENNCARE-20250210,CREDIT,44.88,70715.8,REF6534096,EFT-TENNCARE-20250210
MOCK_RAD_GROUP_DEMO_ONLY,2025-02-14,2025-02-14,ACH CREDIT PAYER REMIT EFT-MCARE-20250210,CREDIT,133.25,70849.05,REF4555620,EFT-MCARE-20250210
MOCK_RAD_GROUP_DEMO_ONLY,2025-02-14,2025-02-14,ACH CREDIT PAYER REMIT EFT-TENNCARE-20250210,CREDIT,32.04,70881.09,REF1601079,EFT-TENNCARE-20250210
MOCK_RAD_GROUP_DEMO_ONLY,2025-02-14,2025-02-14,ACH CREDIT PAYER REMIT EFT-UHC-20250210,CREDIT,109.69,70990.78,REF7238272,EFT-UHC-20250210
MOCK_RAD_GROUP_DEMO_ONLY,2025-02-15,2025-02-15,ACH CREDIT PAYER REMIT EFT-BCBSTN-20250210,CREDIT,186.75,71177.53,REF1891658,EFT-BCBSTN-20250210
MOCK_RAD_GROUP_DEMO_ONLY,2025-02-15,2025-02-15,ACH CREDIT PAYER REMIT EFT-CIGNA-20250210,CREDIT,211.88,71389.41,REF9800054,EFT-CIGNA-20250210
MOCK_RAD_GROUP_DEMO_ONLY,2025-02-15,2025-02-15,ACH CREDIT PAYER REMIT EFT-UHC-20250210,CREDIT,57.83,71447.24,REF8192822,EFT-UHC-20250210
MOCK_RAD_GROUP_DEMO_ONLY,2025-02-16,2025-02-16,ACH CREDIT PAYER REMIT EFT-BCBSTN-20250210,CREDIT,130.98,71578.22,REF9032688,EFT-BCBSTN-20250210
MOCK_RAD_GROUP_DEMO_ONLY,2025-02-16,2025-02-16,ACH CREDIT PAYER REMIT EFT-MCARE-20250210,CREDIT,19.45,71597.67,REF5434323,EFT-MCARE-20250210
MOCK_RAD_GROUP_DEMO_ONLY,2025-02-16,2025-02-16,ACH CREDIT PAYER REMIT EFT-TENNCARE-20250210,CREDIT,24.7,71622.37,REF8606462,EFT-TENNCARE-20250210
MOCK_RAD_GROUP_DEMO_ONLY,2025-02-16,2025-02-16,ACH CREDIT PAYER REMIT EFT-UHC-20250210,CREDIT,122.1,71744.47,REF8775832,EFT-UHC-20250210
MOCK_RAD_GROUP_DEMO_ONLY,2025-02-17,2025-02-17,ACH CREDIT PAYER REMIT EFT-MCARE-20250217,CREDIT,125.39,71869.86,REF6475596,EFT-MCARE-20250217
MOCK_RAD_GROUP_DEMO_ONLY,2025-02-17,2025-02-17,ACH CREDIT PAYER REMIT EFT-UHC-20250217,CREDIT,509.12,72378.98,REF4578885,EFT-UHC-20250217
MOCK_RAD_GROUP_DEMO_ONLY,2025-02-18,2025-02-18,ACH CREDIT PAYER REMIT EFT-MCARE-20250217,CREDIT,48.76,72427.74,REF8952398,EFT-MCARE-20250217
MOCK_RAD_GROUP_DEMO_ONLY,2025-02-18,2025-02-18,ACCOUNT ANALYSIS FEE,DEBIT,-166.69,72261.05,REF2586058,
MOCK_RAD_GROUP_DEMO_ONLY,2025-02-18,2025-02-18,BOOK TRANSFER TO OPERATING 8841,DEBIT,-5696.31,66564.74,REF6091971,
MOCK_RAD_GROUP_DEMO_ONLY,2025-02-19,2025-02-19,ACH CREDIT PAYER REMIT EFT-BCBSTN-20250217,CREDIT,141.38,66706.12,REF2011583,EFT-BCBSTN-20250217
MOCK_RAD_GROUP_DEMO_ONLY,2025-02-19,2025-02-19,ACH CREDIT PAYER REMIT EFT-CIGNA-20250217,CREDIT,53.68,66759.8,REF1230664,EFT-CIGNA-20250217
MOCK_RAD_GROUP_DEMO_ONLY,2025-02-19,2025-02-19,ACH CREDIT PAYER REMIT EFT-TENNCARE-20250217,CREDIT,56.74,66816.54,REF2156521,EFT-TENNCARE-20250217
MOCK_RAD_GROUP_DEMO_ONLY,2025-02-19,2025-02-19,ACH CREDIT PAYER REMIT EFT-UHC-20250217,CREDIT,132.0,66948.54,REF2328820,EFT-UHC-20250217
MOCK_RAD_GROUP_DEMO_ONLY,2025-02-20,2025-02-20,ACH CREDIT PAYER REMIT EFT-BCBSTN-20250217,CREDIT,225.97,67174.51,REF6257355,EFT-BCBSTN-20250217
MOCK_RAD_GROUP_DEMO_ONLY,2025-02-20,2025-02-20,ACH CREDIT PAYER REMIT EFT-CIGNA-20250217,CREDIT,127.51,67302.02,REF5413610,EFT-CIGNA-20250217
MOCK_RAD_GROUP_DEMO_ONLY,2025-02-20,2025-02-20,ACH CREDIT PAYER REMIT EFT-MCARE-20250217,CREDIT,25.13,67327.15,REF5374139,EFT-MCARE-20250217
MOCK_RAD_GROUP_DEMO_ONLY,2025-02-20,2025-02-20,ACH CREDIT PAYER REMIT EFT-UHC-20250217,CREDIT,77.59,67404.74,REF7795947,EFT-UHC-20250217
MOCK_RAD_GROUP_DEMO_ONLY,2025-02-21,2025-02-21,ACH CREDIT PAYER REMIT EFT-BCBSTN-20250217,CREDIT,178.26,67583.0,REF6492169,EFT-BCBSTN-20250217
MOCK_RAD_GROUP_DEMO_ONLY,2025-02-21,2025-02-21,ACH CREDIT PAYER REMIT EFT-CIGNA-20250217,CREDIT,178.24,67761.24,REF5301607,EFT-CIGNA-20250217
MOCK_RAD_GROUP_DEMO_ONLY,2025-02-21,2025-02-21,ACH CREDIT PAYER REMIT EFT-UHC-20250217,CREDIT,69.06,67830.3,REF3311624,EFT-UHC-20250217
MOCK_RAD_GROUP_DEMO_ONLY,2025-02-22,2025-02-22,ACH CREDIT PAYER REMIT EFT-MCARE-20250217,CREDIT,153.67,67983.97,REF5613560,EFT-MCARE-20250217
MOCK_RAD_GROUP_DEMO_ONLY,2025-02-22,2025-02-22,ACH CREDIT PAYER REMIT EFT-TENNCARE-20250217,CREDIT,31.15,68015.12,REF2396847,EFT-TENNCARE-20250217
MOCK_RAD_GROUP_DEMO_ONLY,2025-02-23,2025-02-23,ACH CREDIT PAYER REMIT EFT-CIGNA-20250217,CREDIT,209.23,68224.35,REF9628428,EFT-CIGNA-20250217
MOCK_RAD_GROUP_DEMO_ONLY,2025-02-23,2025-02-23,ACH CREDIT PAYER REMIT EFT-MCARE-20250217,CREDIT,59.93,68284.28,REF1574588,EFT-MCARE-20250217
MOCK_RAD_GROUP_DEMO_ONLY,2025-02-23,2025-02-23,ACH CREDIT PAYER REMIT EFT-SELFPAY-20250217,CREDIT,24.96,68309.24,REF8143579,EFT-SELFPAY-20250217
MOCK_RAD_GROUP_DEMO_ONLY,2025-02-23,2025-02-23,ACH CREDIT PAYER REMIT EFT-TENNCARE-20250217,CREDIT,44.13,68353.37,REF2132932,EFT-TENNCARE-20250217
MOCK_RAD_GROUP_DEMO_ONLY,2025-02-23,2025-02-23,ACH CREDIT PAYER REMIT EFT-UHC-20250217,CREDIT,112.63,68466.0,REF2677288,EFT-UHC-20250217
MOCK_RAD_GROUP_DEMO_ONLY,2025-02-24,2025-02-24,ACH CREDIT PAYER REMIT EFT-MCARE-20250224,CREDIT,41.12,68507.12,REF2934503,EFT-MCARE-20250224
MOCK_RAD_GROUP_DEMO_ONLY,2025-02-24,2025-02-24,ACH CREDIT PAYER REMIT EFT-TENNCARE-20250224,CREDIT,24.4,68531.52,REF8111418,EFT-TENNCARE-20250224
MOCK_RAD_GROUP_DEMO_ONLY,2025-02-24,2025-02-24,ACH CREDIT PAYER REMIT EFT-UHC-20250224,CREDIT,124.71,68656.23,REF5107948,EFT-UHC-20250224
MOCK_RAD_GROUP_DEMO_ONLY,2025-02-25,2025-02-25,ACH CREDIT PAYER REMIT EFT-BCBSTN-20250224,CREDIT,103.04,68759.27,REF8326076,EFT-BCBSTN-20250224
MOCK_RAD_GROUP_DEMO_ONLY,2025-02-25,2025-02-25,ACH CREDIT PAYER REMIT EFT-CIGNA-20250224,CREDIT,204.19,68963.46,REF8766510,EFT-CIGNA-20250224
MOCK_RAD_GROUP_DEMO_ONLY,2025-02-25,2025-02-25,ACH CREDIT PAYER REMIT EFT-MCARE-20250224,CREDIT,55.59,69019.05,REF1480227,EFT-MCARE-20250224
MOCK_RAD_GROUP_DEMO_ONLY,2025-02-25,2025-02-25,ACH CREDIT PAYER REMIT EFT-TENNCARE-20250224,CREDIT,15.66,69034.71,REF8737457,EFT-TENNCARE-20250224
MOCK_RAD_GROUP_DEMO_ONLY,2025-02-25,2025-02-25,ACH CREDIT PAYER REMIT EFT-UHC-20250224,CREDIT,45.33,69080.04,REF5023807,EFT-UHC-20250224
MOCK_RAD_GROUP_DEMO_ONLY,2025-02-26,2025-02-26,ACH CREDIT PAYER REMIT EFT-UHC-20250224,CREDIT,134.73,69214.77,REF8391679,EFT-UHC-20250224
MOCK_RAD_GROUP_DEMO_ONLY,2025-02-27,2025-02-27,ACH CREDIT PAYER REMIT EFT-BCBSTN-20250224,CREDIT,18.58,69233.35,REF6523648,EFT-BCBSTN-20250224
MOCK_RAD_GROUP_DEMO_ONLY,2025-02-27,2025-02-27,ACH CREDIT PAYER REMIT EFT-CIGNA-20250224,CREDIT,128.03,69361.38,REF9011641,EFT-CIGNA-20250224
MOCK_RAD_GROUP_DEMO_ONLY,2025-02-27,2025-02-27,ACH CREDIT PAYER REMIT EFT-UHC-20250224,CREDIT,67.54,69428.92,REF8883198,EFT-UHC-20250224
MOCK_RAD_GROUP_DEMO_ONLY,2025-02-28,2025-02-28,ACH CREDIT PAYER REMIT EFT-BCBSTN-20250224,CREDIT,219.53,69648.45,REF4956955,EFT-BCBSTN-20250224
MOCK_RAD_GROUP_DEMO_ONLY,2025-02-28,2025-02-28,ACH CREDIT PAYER REMIT EFT-CIGNA-20250224,CREDIT,59.88,69708.33,REF2210403,EFT-CIGNA-20250224
MOCK_RAD_GROUP_DEMO_ONLY,2025-02-28,2025-02-28,ACH CREDIT PAYER REMIT EFT-MCARE-20250224,CREDIT,78.69,69787.02,REF1606028,EFT-MCARE-20250224
MOCK_RAD_GROUP_DEMO_ONLY,2025-02-28,2025-02-28,ACH CREDIT PAYER REMIT EFT-UHC-20250224,CREDIT,270.55,70057.57,REF8259430,EFT-UHC-20250224
MOCK_RAD_GROUP_DEMO_ONLY,2025-03-01,2025-03-01,ACH CREDIT PAYER REMIT EFT-CIGNA-20250224,CREDIT,137.48,70195.05,REF9602638,EFT-CIGNA-20250224
MOCK_RAD_GROUP_DEMO_ONLY,2025-03-01,2025-03-01,ACH CREDIT PAYER REMIT EFT-MCARE-20250224,CREDIT,115.42,70310.47,REF3340674,EFT-MCARE-20250224
MOCK_RAD_GROUP_DEMO_ONLY,2025-03-01,2025-03-01,ACH CREDIT PAYER REMIT EFT-TENNCARE-20250224,CREDIT,14.58,70325.05,REF4058404,EFT-TENNCARE-20250224
MOCK_RAD_GROUP_DEMO_ONLY,2025-03-02,2025-03-02,ACH CREDIT PAYER REMIT EFT-BCBSTN-20250224,CREDIT,387.01,70712.06,REF6252899,EFT-BCBSTN-20250224
MOCK_RAD_GROUP_DEMO_ONLY,2025-03-02,2025-03-02,ACH CREDIT PAYER REMIT EFT-MCARE-20250224,CREDIT,114.03,70826.09,REF8459696,EFT-MCARE-20250224
MOCK_RAD_GROUP_DEMO_ONLY,2025-03-02,2025-03-02,ACH CREDIT PAYER REMIT EFT-TENNCARE-20250224,CREDIT,15.82,70841.91,REF1689301,EFT-TENNCARE-20250224
MOCK_RAD_GROUP_DEMO_ONLY,2025-03-02,2025-03-02,INTEREST CREDIT,CREDIT,31.23,70873.14,REF9422777,
MOCK_RAD_GROUP_DEMO_ONLY,2025-03-03,2025-03-03,ACH CREDIT PAYER REMIT EFT-BCBSTN-20250303,CREDIT,90.96,70964.1,REF9236086,EFT-BCBSTN-20250303
MOCK_RAD_GROUP_DEMO_ONLY,2025-03-03,2025-03-03,ACH CREDIT PAYER REMIT EFT-UHC-20250303,CREDIT,139.36,71103.46,REF3531877,EFT-UHC-20250303
MOCK_RAD_GROUP_DEMO_ONLY,2025-03-04,2025-03-04,ACH CREDIT PAYER REMIT EFT-BCBSTN-20250303,CREDIT,143.14,71246.6,REF5702525,EFT-BCBSTN-20250303
MOCK_RAD_GROUP_DEMO_ONLY,2025-03-04,2025-03-04,ACH CREDIT PAYER REMIT EFT-MCARE-20250303,CREDIT,63.96,71310.56,REF9557501,EFT-MCARE-20250303
MOCK_RAD_GROUP_DEMO_ONLY,2025-03-04,2025-03-04,ACH CREDIT PAYER REMIT EFT-UHC-20250303,CREDIT,52.02,71362.58,REF4333023,EFT-UHC-20250303
MOCK_RAD_GROUP_DEMO_ONLY,2025-03-05,2025-03-05,ACH CREDIT PAYER REMIT EFT-BCBSTN-20250303,CREDIT,66.16,71428.74,REF9911853,EFT-BCBSTN-20250303
MOCK_RAD_GROUP_DEMO_ONLY,2025-03-05,2025-03-05,ACH CREDIT PAYER REMIT EFT-MCARE-20250303,CREDIT,145.21,71573.95,REF8242282,EFT-MCARE-20250303
MOCK_RAD_GROUP_DEMO_ONLY,2025-03-05,2025-03-05,ACH CREDIT PAYER REMIT EFT-SELFPAY-20250303,CREDIT,4.04,71577.99,REF2414912,EFT-SELFPAY-20250303
MOCK_RAD_GROUP_DEMO_ONLY,2025-03-05,2025-03-05,ACH CREDIT PAYER REMIT EFT-TENNCARE-20250303,CREDIT,13.41,71591.4,REF5848151,EFT-TENNCARE-20250303
MOCK_RAD_GROUP_DEMO_ONLY,2025-03-06,2025-03-06,ACH CREDIT PAYER REMIT EFT-CIGNA-20250303,CREDIT,79.36,71670.76,REF3156828,EFT-CIGNA-20250303
MOCK_RAD_GROUP_DEMO_ONLY,2025-03-06,2025-03-06,ACH CREDIT PAYER REMIT EFT-MCARE-20250303,CREDIT,75.54,71746.3,REF6298944,EFT-MCARE-20250303
MOCK_RAD_GROUP_DEMO_ONLY,2025-03-07,2025-03-07,ACH CREDIT PAYER REMIT EFT-CIGNA-20250303,CREDIT,55.47,71801.77,REF8585453,EFT-CIGNA-20250303
MOCK_RAD_GROUP_DEMO_ONLY,2025-03-07,2025-03-07,ACH CREDIT PAYER REMIT EFT-MCARE-20250303,CREDIT,34.95,71836.72,REF2181867,EFT-MCARE-20250303
MOCK_RAD_GROUP_DEMO_ONLY,2025-03-07,2025-03-07,ACH CREDIT PAYER REMIT EFT-UHC-20250303,CREDIT,244.7,72081.42,REF2068533,EFT-UHC-20250303
MOCK_RAD_GROUP_DEMO_ONLY,2025-03-08,2025-03-08,ACH CREDIT PAYER REMIT EFT-CIGNA-20250303,CREDIT,127.23,72208.65,REF4995636,EFT-CIGNA-20250303
MOCK_RAD_GROUP_DEMO_ONLY,2025-03-08,2025-03-08,ACH CREDIT PAYER REMIT EFT-MCARE-20250303,CREDIT,188.29,72396.94,REF9070719,EFT-MCARE-20250303
MOCK_RAD_GROUP_DEMO_ONLY,2025-03-08,2025-03-08,ACH CREDIT PAYER REMIT EFT-TENNCARE-20250303,CREDIT,37.93,72434.87,REF7179529,EFT-TENNCARE-20250303
MOCK_RAD_GROUP_DEMO_ONLY,2025-03-09,2025-03-09,ACH CREDIT PAYER REMIT EFT-MCARE-20250303,CREDIT,50.78,72485.65,REF3463186,EFT-MCARE-20250303
MOCK_RAD_GROUP_DEMO_ONLY,2025-03-09,2025-03-09,ACH CREDIT PAYER REMIT EFT-UHC-20250303,CREDIT,252.68,72738.33,REF3734232,EFT-UHC-20250303
MOCK_RAD_GROUP_DEMO_ONLY,2025-03-10,2025-03-10,ACH CREDIT PAYER REMIT EFT-BCBSTN-20250310,CREDIT,71.24,72809.57,REF9804294,EFT-BCBSTN-20250310
MOCK_RAD_GROUP_DEMO_ONLY,2025-03-10,2025-03-10,ACH CREDIT PAYER REMIT EFT-CIGNA-20250310,CREDIT,20.4,72829.97,REF4194677,EFT-CIGNA-20250310
MOCK_RAD_GROUP_DEMO_ONLY,2025-03-10,2025-03-10,ACH CREDIT PAYER REMIT EFT-MCARE-20250310,CREDIT,31.83,72861.8,REF5627240,EFT-MCARE-20250310
MOCK_RAD_GROUP_DEMO_ONLY,2025-03-10,2025-03-10,ACH CREDIT PAYER REMIT EFT-TENNCARE-20250310,CREDIT,14.28,72876.08,REF7526661,EFT-TENNCARE-20250310
MOCK_RAD_GROUP_DEMO_ONLY,2025-03-10,2025-03-10,ACH CREDIT PAYER REMIT EFT-UHC-20250310,CREDIT,105.4,72981.48,REF6439008,EFT-UHC-20250310
MOCK_RAD_GROUP_DEMO_ONLY,2025-03-11,2025-03-11,ACH CREDIT PAYER REMIT EFT-BCBSTN-20250310,CREDIT,98.03,73079.51,REF3335513,EFT-BCBSTN-20250310
MOCK_RAD_GROUP_DEMO_ONLY,2025-03-11,2025-03-11,ACH CREDIT PAYER REMIT EFT-SELFPAY-20250310,CREDIT,0.88,73080.39,REF7690374,EFT-SELFPAY-20250310
MOCK_RAD_GROUP_DEMO_ONLY,2025-03-11,2025-03-11,ACH CREDIT PAYER REMIT EFT-TENNCARE-20250310,CREDIT,4.59,73084.98,REF6257758,EFT-TENNCARE-20250310
MOCK_RAD_GROUP_DEMO_ONLY,2025-03-12,2025-03-12,ACH CREDIT PAYER REMIT EFT-MCARE-20250310,CREDIT,51.07,73136.05,REF4067856,EFT-MCARE-20250310
MOCK_RAD_GROUP_DEMO_ONLY,2025-03-12,2025-03-12,ACH CREDIT PAYER REMIT EFT-TENNCARE-20250310,CREDIT,31.81,73167.86,REF1614071,EFT-TENNCARE-20250310
MOCK_RAD_GROUP_DEMO_ONLY,2025-03-12,2025-03-12,ACH CREDIT PAYER REMIT EFT-UHC-20250310,CREDIT,150.95,73318.81,REF7876461,EFT-UHC-20250310
MOCK_RAD_GROUP_DEMO_ONLY,2025-03-13,2025-03-13,ACH CREDIT PAYER REMIT EFT-BCBSTN-20250310,CREDIT,68.62,73387.43,REF2675936,EFT-BCBSTN-20250310
MOCK_RAD_GROUP_DEMO_ONLY,2025-03-13,2025-03-13,ACH CREDIT PAYER REMIT EFT-CIGNA-20250310,CREDIT,290.17,73677.6,REF2615235,EFT-CIGNA-20250310
MOCK_RAD_GROUP_DEMO_ONLY,2025-03-13,2025-03-13,ACH CREDIT PAYER REMIT EFT-MCARE-20250310,CREDIT,246.73,73924.33,REF8020072,EFT-MCARE-20250310
MOCK_RAD_GROUP_DEMO_ONLY,2025-03-13,2025-03-13,ACH CREDIT PAYER REMIT EFT-TENNCARE-20250310,CREDIT,39.74,73964.07,REF1100523,EFT-TENNCARE-20250310
MOCK_RAD_GROUP_DEMO_ONLY,2025-03-14,2025-03-14,ACH CREDIT PAYER REMIT EFT-CIGNA-20250310,CREDIT,80.31,74044.38,REF2397395,EFT-CIGNA-20250310
MOCK_RAD_GROUP_DEMO_ONLY,2025-03-14,2025-03-14,ACH CREDIT PAYER REMIT EFT-MCARE-20250310,CREDIT,36.15,74080.53,REF1161358,EFT-MCARE-20250310
MOCK_RAD_GROUP_DEMO_ONLY,2025-03-14,2025-03-14,ACH CREDIT PAYER REMIT EFT-SELFPAY-20250310,CREDIT,10.15,74090.68,REF8650107,EFT-SELFPAY-20250310
MOCK_RAD_GROUP_DEMO_ONLY,2025-03-14,2025-03-14,ACH CREDIT PAYER REMIT EFT-TENNCARE-20250310,CREDIT,22.75,74113.43,REF5542191,EFT-TENNCARE-20250310
MOCK_RAD_GROUP_DEMO_ONLY,2025-03-15,2025-03-15,ACH CREDIT PAYER REMIT EFT-CIGNA-20250310,CREDIT,137.08,74250.51,REF8429892,EFT-CIGNA-20250310
MOCK_RAD_GROUP_DEMO_ONLY,2025-03-15,2025-03-15,ACH CREDIT PAYER REMIT EFT-MCARE-20250310,CREDIT,41.81,74292.32,REF1473375,EFT-MCARE-20250310
MOCK_RAD_GROUP_DEMO_ONLY,2025-03-15,2025-03-15,ACH CREDIT PAYER REMIT EFT-TENNCARE-20250310,CREDIT,27.28,74319.6,REF6445361,EFT-TENNCARE-20250310
MOCK_RAD_GROUP_DEMO_ONLY,2025-03-15,2025-03-15,ACH CREDIT PAYER REMIT EFT-UHC-20250310,CREDIT,69.08,74388.68,REF1831226,EFT-UHC-20250310
MOCK_RAD_GROUP_DEMO_ONLY,2025-03-16,2025-03-16,ACH CREDIT PAYER REMIT EFT-CIGNA-20250310,CREDIT,182.76,74571.44,REF3031492,EFT-CIGNA-20250310
MOCK_RAD_GROUP_DEMO_ONLY,2025-03-16,2025-03-16,ACH CREDIT PAYER REMIT EFT-MCARE-20250310,CREDIT,108.07,74679.51,REF2318680,EFT-MCARE-20250310
MOCK_RAD_GROUP_DEMO_ONLY,2025-03-16,2025-03-16,ACH CREDIT PAYER REMIT EFT-TENNCARE-20250310,CREDIT,59.67,74739.18,REF7273707,EFT-TENNCARE-20250310
MOCK_RAD_GROUP_DEMO_ONLY,2025-03-16,2025-03-16,ACH CREDIT PAYER REMIT EFT-UHC-20250310,CREDIT,53.26,74792.44,REF1476081,EFT-UHC-20250310
MOCK_RAD_GROUP_DEMO_ONLY,2025-03-17,2025-03-17,ACH CREDIT PAYER REMIT EFT-BCBSTN-20250317,CREDIT,228.33,75020.77,REF1646641,EFT-BCBSTN-20250317
MOCK_RAD_GROUP_DEMO_ONLY,2025-03-17,2025-03-17,ACH CREDIT PAYER REMIT EFT-CIGNA-20250317,CREDIT,304.19,75324.96,REF1726362,EFT-CIGNA-20250317
MOCK_RAD_GROUP_DEMO_ONLY,2025-03-17,2025-03-17,ACH CREDIT PAYER REMIT EFT-TENNCARE-20250317,CREDIT,4.22,75329.18,REF7558556,EFT-TENNCARE-20250317
MOCK_RAD_GROUP_DEMO_ONLY,2025-03-18,2025-03-18,ACH CREDIT PAYER REMIT EFT-MCARE-20250317,CREDIT,148.82,75478.0,REF5785321,EFT-MCARE-20250317
MOCK_RAD_GROUP_DEMO_ONLY,2025-03-18,2025-03-18,ACH CREDIT PAYER REMIT EFT-TENNCARE-20250317,CREDIT,74.01,75552.01,REF8021466,EFT-TENNCARE-20250317
MOCK_RAD_GROUP_DEMO_ONLY,2025-03-18,2025-03-18,ACCOUNT ANALYSIS FEE,DEBIT,-140.24,75411.77,REF1552851,
MOCK_RAD_GROUP_DEMO_ONLY,2025-03-18,2025-03-18,BOOK TRANSFER TO OPERATING 8841,DEBIT,-6994.81,68416.96,REF7893557,
MOCK_RAD_GROUP_DEMO_ONLY,2025-03-19,2025-03-19,ACH CREDIT PAYER REMIT EFT-BCBSTN-20250317,CREDIT,503.09,68920.05,REF2564978,EFT-BCBSTN-20250317
MOCK_RAD_GROUP_DEMO_ONLY,2025-03-19,2025-03-19,ACH CREDIT PAYER REMIT EFT-MCARE-20250317,CREDIT,27.31,68947.36,REF3782307,EFT-MCARE-20250317
MOCK_RAD_GROUP_DEMO_ONLY,2025-03-19,2025-03-19,ACH CREDIT PAYER REMIT EFT-TENNCARE-20250317,CREDIT,27.15,68974.51,REF3334470,EFT-TENNCARE-20250317
MOCK_RAD_GROUP_DEMO_ONLY,2025-03-20,2025-03-20,ACH CREDIT PAYER REMIT EFT-CIGNA-20250317,CREDIT,102.26,69076.77,REF7017719,EFT-CIGNA-20250317
MOCK_RAD_GROUP_DEMO_ONLY,2025-03-20,2025-03-20,ACH CREDIT PAYER REMIT EFT-MCARE-20250317,CREDIT,45.91,69122.68,REF2591133,EFT-MCARE-20250317
MOCK_RAD_GROUP_DEMO_ONLY,2025-03-20,2025-03-20,ACH CREDIT PAYER REMIT EFT-TENNCARE-20250317,CREDIT,3.49,69126.17,REF1113969,EFT-TENNCARE-20250317
MOCK_RAD_GROUP_DEMO_ONLY,2025-03-21,2025-03-21,ACH CREDIT PAYER REMIT EFT-MCARE-20250317,CREDIT,55.29,69181.46,REF3390823,EFT-MCARE-20250317
MOCK_RAD_GROUP_DEMO_ONLY,2025-03-22,2025-03-22,ACH CREDIT PAYER REMIT EFT-CIGNA-20250317,CREDIT,82.73,69264.19,REF7254902,EFT-CIGNA-20250317
MOCK_RAD_GROUP_DEMO_ONLY,2025-03-22,2025-03-22,ACH CREDIT PAYER REMIT EFT-MCARE-20250317,CREDIT,36.11,69300.3,REF9626797,EFT-MCARE-20250317
MOCK_RAD_GROUP_DEMO_ONLY,2025-03-22,2025-03-22,ACH CREDIT PAYER REMIT EFT-TENNCARE-20250317,CREDIT,101.33,69401.63,REF9141202,EFT-TENNCARE-20250317
MOCK_RAD_GROUP_DEMO_ONLY,2025-03-22,2025-03-22,ACH CREDIT PAYER REMIT EFT-UHC-20250317,CREDIT,69.33,69470.96,REF3600018,EFT-UHC-20250317
MOCK_RAD_GROUP_DEMO_ONLY,2025-03-23,2025-03-23,ACH CREDIT PAYER REMIT EFT-BCBSTN-20250317,CREDIT,211.46,69682.42,REF4940911,EFT-BCBSTN-20250317
MOCK_RAD_GROUP_DEMO_ONLY,2025-03-23,2025-03-23,ACH CREDIT PAYER REMIT EFT-MCARE-20250317,CREDIT,52.71,69735.13,REF1292563,EFT-MCARE-20250317
MOCK_RAD_GROUP_DEMO_ONLY,2025-03-23,2025-03-23,ACH CREDIT PAYER REMIT EFT-TENNCARE-20250317,CREDIT,43.2,69778.33,REF9511073,EFT-TENNCARE-20250317
MOCK_RAD_GROUP_DEMO_ONLY,2025-03-23,2025-03-23,ACH CREDIT PAYER REMIT EFT-UHC-20250317,CREDIT,437.48,70215.81,REF3075283,EFT-UHC-20250317
MOCK_RAD_GROUP_DEMO_ONLY,2025-03-24,2025-03-24,ACH CREDIT PAYER REMIT EFT-CIGNA-20250324,CREDIT,168.11,70383.92,REF4548305,EFT-CIGNA-20250324
MOCK_RAD_GROUP_DEMO_ONLY,2025-03-25,2025-03-25,ACH CREDIT PAYER REMIT EFT-BCBSTN-20250324,CREDIT,195.93,70579.85,REF8909993,EFT-BCBSTN-20250324
MOCK_RAD_GROUP_DEMO_ONLY,2025-03-25,2025-03-25,ACH CREDIT PAYER REMIT EFT-CIGNA-20250324,CREDIT,14.75,70594.6,REF1094201,EFT-CIGNA-20250324
MOCK_RAD_GROUP_DEMO_ONLY,2025-03-26,2025-03-26,ACH CREDIT PAYER REMIT EFT-BCBSTN-20250324,CREDIT,141.44,70736.04,REF2108765,EFT-BCBSTN-20250324
MOCK_RAD_GROUP_DEMO_ONLY,2025-03-26,2025-03-26,ACH CREDIT PAYER REMIT EFT-CIGNA-20250324,CREDIT,164.28,70900.32,REF1870956,EFT-CIGNA-20250324
MOCK_RAD_GROUP_DEMO_ONLY,2025-03-26,2025-03-26,ACH CREDIT PAYER REMIT EFT-UHC-20250324,CREDIT,225.27,71125.59,REF7201372,EFT-UHC-20250324
MOCK_RAD_GROUP_DEMO_ONLY,2025-03-27,2025-03-27,ACH CREDIT PAYER REMIT EFT-BCBSTN-20250324,CREDIT,82.45,71208.04,REF2578469,EFT-BCBSTN-20250324
MOCK_RAD_GROUP_DEMO_ONLY,2025-03-27,2025-03-27,ACH CREDIT PAYER REMIT EFT-CIGNA-20250324,CREDIT,125.16,71333.2,REF5556943,EFT-CIGNA-20250324
MOCK_RAD_GROUP_DEMO_ONLY,2025-03-27,2025-03-27,ACH CREDIT PAYER REMIT EFT-TENNCARE-20250324,CREDIT,37.79,71370.99,REF1089308,EFT-TENNCARE-20250324
MOCK_RAD_GROUP_DEMO_ONLY,2025-03-28,2025-03-28,ACH CREDIT PAYER REMIT EFT-BCBSTN-20250324,CREDIT,242.72,71613.71,REF5407184,EFT-BCBSTN-20250324
MOCK_RAD_GROUP_DEMO_ONLY,2025-03-28,2025-03-28,ACH CREDIT PAYER REMIT EFT-TENNCARE-20250324,CREDIT,97.66,71711.37,REF2690259,EFT-TENNCARE-20250324
MOCK_RAD_GROUP_DEMO_ONLY,2025-03-28,2025-03-28,ACH CREDIT PAYER REMIT EFT-UHC-20250324,CREDIT,61.09,71772.46,REF3505654,EFT-UHC-20250324
MOCK_RAD_GROUP_DEMO_ONLY,2025-03-29,2025-03-29,ACH CREDIT PAYER REMIT EFT-BCBSTN-20250324,CREDIT,211.23,71983.69,REF7305974,EFT-BCBSTN-20250324
MOCK_RAD_GROUP_DEMO_ONLY,2025-03-29,2025-03-29,ACH CREDIT PAYER REMIT EFT-CIGNA-20250324,CREDIT,68.57,72052.26,REF2646139,EFT-CIGNA-20250324
MOCK_RAD_GROUP_DEMO_ONLY,2025-03-29,2025-03-29,ACH CREDIT PAYER REMIT EFT-MCARE-20250324,CREDIT,25.37,72077.63,REF8737853,EFT-MCARE-20250324
MOCK_RAD_GROUP_DEMO_ONLY,2025-03-30,2025-03-30,ACH CREDIT PAYER REMIT EFT-CIGNA-20250324,CREDIT,105.36,72182.99,REF9375752,EFT-CIGNA-20250324
MOCK_RAD_GROUP_DEMO_ONLY,2025-03-30,2025-03-30,ACH CREDIT PAYER REMIT EFT-MCARE-20250324,CREDIT,168.13,72351.12,REF4034955,EFT-MCARE-20250324
MOCK_RAD_GROUP_DEMO_ONLY,2025-03-30,2025-03-30,ACH CREDIT PAYER REMIT EFT-TENNCARE-20250324,CREDIT,71.19,72422.31,REF8517591,EFT-TENNCARE-20250324
MOCK_RAD_GROUP_DEMO_ONLY,2025-03-31,2025-03-31,ACH CREDIT PAYER REMIT EFT-CIGNA-20250331,CREDIT,168.82,72591.13,REF1859032,EFT-CIGNA-20250331
MOCK_RAD_GROUP_DEMO_ONLY,2025-03-31,2025-03-31,ACH CREDIT PAYER REMIT EFT-MCARE-20250331,CREDIT,87.78,72678.91,REF2543622,EFT-MCARE-20250331
MOCK_RAD_GROUP_DEMO_ONLY,2025-03-31,2025-03-31,ACH CREDIT PAYER REMIT EFT-TENNCARE-20250331,CREDIT,29.75,72708.66,REF8269130,EFT-TENNCARE-20250331
MOCK_RAD_GROUP_DEMO_ONLY,2025-03-31,2025-03-31,ACH CREDIT PAYER REMIT EFT-UHC-20250331,CREDIT,237.68,72946.34,REF3924702,EFT-UHC-20250331
MOCK_RAD_GROUP_DEMO_ONLY,2025-04-01,2025-04-01,ACH CREDIT PAYER REMIT EFT-BCBSTN-20250331,CREDIT,218.77,73165.11,REF4204421,EFT-BCBSTN-20250331
MOCK_RAD_GROUP_DEMO_ONLY,2025-04-01,2025-04-01,ACH CREDIT PAYER REMIT EFT-CIGNA-20250331,CREDIT,143.91,73309.02,REF9145918,EFT-CIGNA-20250331
MOCK_RAD_GROUP_DEMO_ONLY,2025-04-01,2025-04-01,ACH CREDIT PAYER REMIT EFT-MCARE-20250331,CREDIT,87.52,73396.54,REF5068265,EFT-MCARE-20250331
MOCK_RAD_GROUP_DEMO_ONLY,2025-04-01,2025-04-01,ACH CREDIT PAYER REMIT EFT-TENNCARE-20250331,CREDIT,23.35,73419.89,REF7293239,EFT-TENNCARE-20250331
MOCK_RAD_GROUP_DEMO_ONLY,2025-04-01,2025-04-01,ACH CREDIT PAYER REMIT EFT-UHC-20250331,CREDIT,80.09,73499.98,REF6460594,EFT-UHC-20250331
MOCK_RAD_GROUP_DEMO_ONLY,2025-04-02,2025-04-02,ACH CREDIT PAYER REMIT EFT-BCBSTN-20250331,CREDIT,277.17,73777.15,REF8138124,EFT-BCBSTN-20250331
MOCK_RAD_GROUP_DEMO_ONLY,2025-04-02,2025-04-02,ACH CREDIT PAYER REMIT EFT-CIGNA-20250331,CREDIT,168.94,73946.09,REF4286484,EFT-CIGNA-20250331
MOCK_RAD_GROUP_DEMO_ONLY,2025-04-02,2025-04-02,ACH CREDIT PAYER REMIT EFT-TENNCARE-20250331,CREDIT,27.61,73973.7,REF1390358,EFT-TENNCARE-20250331
MOCK_RAD_GROUP_DEMO_ONLY,2025-04-03,2025-04-03,ACH CREDIT PAYER REMIT EFT-BCBSTN-20250331,CREDIT,118.37,74092.07,REF7677232,EFT-BCBSTN-20250331
MOCK_RAD_GROUP_DEMO_ONLY,2025-04-03,2025-04-03,ACH CREDIT PAYER REMIT EFT-CIGNA-20250331,CREDIT,111.71,74203.78,REF5433815,EFT-CIGNA-20250331
MOCK_RAD_GROUP_DEMO_ONLY,2025-04-03,2025-04-03,ACH CREDIT PAYER REMIT EFT-MCARE-20250331,CREDIT,46.71,74250.49,REF8783816,EFT-MCARE-20250331
MOCK_RAD_GROUP_DEMO_ONLY,2025-04-04,2025-04-04,ACH CREDIT PAYER REMIT EFT-BCBSTN-20250331,CREDIT,152.38,74402.87,REF7437279,EFT-BCBSTN-20250331
MOCK_RAD_GROUP_DEMO_ONLY,2025-04-04,2025-04-04,ACH CREDIT PAYER REMIT EFT-CIGNA-20250331,CREDIT,235.18,74638.05,REF2403743,EFT-CIGNA-20250331
MOCK_RAD_GROUP_DEMO_ONLY,2025-04-04,2025-04-04,ACH CREDIT PAYER REMIT EFT-MCARE-20250331,CREDIT,94.11,74732.16,REF6471100,EFT-MCARE-20250331
MOCK_RAD_GROUP_DEMO_ONLY,2025-04-04,2025-04-04,ACH CREDIT PAYER REMIT EFT-UHC-20250331,CREDIT,110.55,74842.71,REF1055128,EFT-UHC-20250331
MOCK_RAD_GROUP_DEMO_ONLY,2025-04-05,2025-04-05,ACH CREDIT PAYER REMIT EFT-MCARE-20250331,CREDIT,95.84,74938.55,REF3580531,EFT-MCARE-20250331
MOCK_RAD_GROUP_DEMO_ONLY,2025-04-05,2025-04-05,INTEREST CREDIT,CREDIT,11.42,74949.97,REF7056490,
MOCK_RAD_GROUP_DEMO_ONLY,2025-04-06,2025-04-06,ACH CREDIT PAYER REMIT EFT-MCARE-20250331,CREDIT,86.17,75036.14,REF8358384,EFT-MCARE-20250331
MOCK_RAD_GROUP_DEMO_ONLY,2025-04-06,2025-04-06,ACH CREDIT PAYER REMIT EFT-TENNCARE-20250331,CREDIT,39.47,75075.61,REF8139280,EFT-TENNCARE-20250331
MOCK_RAD_GROUP_DEMO_ONLY,2025-04-07,2025-04-07,ACH CREDIT PAYER REMIT EFT-CIGNA-20250407,CREDIT,142.07,75217.68,REF3564884,EFT-CIGNA-20250407
MOCK_RAD_GROUP_DEMO_ONLY,2025-04-07,2025-04-07,ACH CREDIT PAYER REMIT EFT-MCARE-20250407,CREDIT,37.0,75254.68,REF2278624,EFT-MCARE-20250407
MOCK_RAD_GROUP_DEMO_ONLY,2025-04-08,2025-04-08,ACH CREDIT PAYER REMIT EFT-BCBSTN-20250407,CREDIT,70.24,75324.92,REF5625610,EFT-BCBSTN-20250407
MOCK_RAD_GROUP_DEMO_ONLY,2025-04-08,2025-04-08,ACH CREDIT PAYER REMIT EFT-CIGNA-20250407,CREDIT,489.99,75814.91,REF3396353,EFT-CIGNA-20250407
MOCK_RAD_GROUP_DEMO_ONLY,2025-04-08,2025-04-08,ACH CREDIT PAYER REMIT EFT-MCARE-20250407,CREDIT,22.64,75837.55,REF7387580,EFT-MCARE-20250407
MOCK_RAD_GROUP_DEMO_ONLY,2025-04-08,2025-04-08,ACH CREDIT PAYER REMIT EFT-TENNCARE-20250407,CREDIT,3.14,75840.69,REF4641251,EFT-TENNCARE-20250407
MOCK_RAD_GROUP_DEMO_ONLY,2025-04-09,2025-04-09,ACH CREDIT PAYER REMIT EFT-BCBSTN-20250407,CREDIT,55.2,75895.89,REF7200172,EFT-BCBSTN-20250407
MOCK_RAD_GROUP_DEMO_ONLY,2025-04-09,2025-04-09,ACH CREDIT PAYER REMIT EFT-TENNCARE-20250407,CREDIT,33.18,75929.07,REF2400947,EFT-TENNCARE-20250407
MOCK_RAD_GROUP_DEMO_ONLY,2025-04-09,2025-04-09,ACH CREDIT PAYER REMIT EFT-UHC-20250407,CREDIT,249.42,76178.49,REF5490656,EFT-UHC-20250407
MOCK_RAD_GROUP_DEMO_ONLY,2025-04-10,2025-04-10,ACH CREDIT PAYER REMIT EFT-CIGNA-20250407,CREDIT,19.58,76198.07,REF5716586,EFT-CIGNA-20250407
MOCK_RAD_GROUP_DEMO_ONLY,2025-04-10,2025-04-10,ACH CREDIT PAYER REMIT EFT-MCARE-20250407,CREDIT,70.49,76268.56,REF5817352,EFT-MCARE-20250407
MOCK_RAD_GROUP_DEMO_ONLY,2025-04-10,2025-04-10,ACH CREDIT PAYER REMIT EFT-SELFPAY-20250407,CREDIT,1.89,76270.45,REF6992429,EFT-SELFPAY-20250407
MOCK_RAD_GROUP_DEMO_ONLY,2025-04-10,2025-04-10,ACH CREDIT PAYER REMIT EFT-TENNCARE-20250407,CREDIT,11.78,76282.23,REF8865900,EFT-TENNCARE-20250407
MOCK_RAD_GROUP_DEMO_ONLY,2025-04-10,2025-04-10,ACH CREDIT PAYER REMIT EFT-UHC-20250407,CREDIT,75.82,76358.05,REF4689262,EFT-UHC-20250407
MOCK_RAD_GROUP_DEMO_ONLY,2025-04-11,2025-04-11,ACH CREDIT PAYER REMIT EFT-BCBSTN-20250407,CREDIT,297.52,76655.57,REF9633159,EFT-BCBSTN-20250407
MOCK_RAD_GROUP_DEMO_ONLY,2025-04-11,2025-04-11,ACH CREDIT PAYER REMIT EFT-CIGNA-20250407,CREDIT,275.44,76931.01,REF6960949,EFT-CIGNA-20250407
MOCK_RAD_GROUP_DEMO_ONLY,2025-04-11,2025-04-11,ACH CREDIT PAYER REMIT EFT-MCARE-20250407,CREDIT,85.01,77016.02,REF9006446,EFT-MCARE-20250407
MOCK_RAD_GROUP_DEMO_ONLY,2025-04-11,2025-04-11,ACH CREDIT PAYER REMIT EFT-UHC-20250407,CREDIT,118.58,77134.6,REF9683919,EFT-UHC-20250407
MOCK_RAD_GROUP_DEMO_ONLY,2025-04-12,2025-04-12,ACH CREDIT PAYER REMIT EFT-CIGNA-20250407,CREDIT,85.42,77220.02,REF1587268,EFT-CIGNA-20250407
MOCK_RAD_GROUP_DEMO_ONLY,2025-04-13,2025-04-13,ACH CREDIT PAYER REMIT EFT-BCBSTN-20250407,CREDIT,158.37,77378.39,REF9361066,EFT-BCBSTN-20250407
MOCK_RAD_GROUP_DEMO_ONLY,2025-04-13,2025-04-13,ACH CREDIT PAYER REMIT EFT-CIGNA-20250407,CREDIT,52.25,77430.64,REF8162759,EFT-CIGNA-20250407
MOCK_RAD_GROUP_DEMO_ONLY,2025-04-13,2025-04-13,ACH CREDIT PAYER REMIT EFT-MCARE-20250407,CREDIT,20.44,77451.08,REF8693430,EFT-MCARE-20250407
MOCK_RAD_GROUP_DEMO_ONLY,2025-04-13,2025-04-13,ACH CREDIT PAYER REMIT EFT-TENNCARE-20250407,CREDIT,31.3,77482.38,REF2650946,EFT-TENNCARE-20250407
MOCK_RAD_GROUP_DEMO_ONLY,2025-04-13,2025-04-13,ACH CREDIT PAYER REMIT EFT-UHC-20250407,CREDIT,197.21,77679.59,REF3568863,EFT-UHC-20250407
MOCK_RAD_GROUP_DEMO_ONLY,2025-04-14,2025-04-14,ACH CREDIT PAYER REMIT EFT-BCBSTN-20250414,CREDIT,404.19,78083.78,REF4598038,EFT-BCBSTN-20250414
MOCK_RAD_GROUP_DEMO_ONLY,2025-04-14,2025-04-14,ACH CREDIT PAYER REMIT EFT-CIGNA-20250414,CREDIT,113.15,78196.93,REF9286291,EFT-CIGNA-20250414
MOCK_RAD_GROUP_DEMO_ONLY,2025-04-14,2025-04-14,ACH CREDIT PAYER REMIT EFT-MCARE-20250414,CREDIT,26.58,78223.51,REF2666193,EFT-MCARE-20250414
MOCK_RAD_GROUP_DEMO_ONLY,2025-04-14,2025-04-14,ACH CREDIT PAYER REMIT EFT-TENNCARE-20250414,CREDIT,22.52,78246.03,REF3086808,EFT-TENNCARE-20250414
MOCK_RAD_GROUP_DEMO_ONLY,2025-04-14,2025-04-14,ACH CREDIT PAYER REMIT EFT-UHC-20250414,CREDIT,90.42,78336.45,REF1295330,EFT-UHC-20250414
MOCK_RAD_GROUP_DEMO_ONLY,2025-04-15,2025-04-15,ACH CREDIT PAYER REMIT EFT-BCBSTN-20250414,CREDIT,140.12,78476.57,REF9451565,EFT-BCBSTN-20250414
MOCK_RAD_GROUP_DEMO_ONLY,2025-04-15,2025-04-15,ACH CREDIT PAYER REMIT EFT-TENNCARE-20250414,CREDIT,20.5,78497.07,REF6413976,EFT-TENNCARE-20250414
MOCK_RAD_GROUP_DEMO_ONLY,2025-04-15,2025-04-15,ACH CREDIT PAYER REMIT EFT-UHC-20250414,CREDIT,54.64,78551.71,REF9781905,EFT-UHC-20250414
MOCK_RAD_GROUP_DEMO_ONLY,2025-04-16,2025-04-16,ACH CREDIT PAYER REMIT EFT-CIGNA-20250414,CREDIT,142.15,78693.86,REF1162641,EFT-CIGNA-20250414
MOCK_RAD_GROUP_DEMO_ONLY,2025-04-16,2025-04-16,ACH CREDIT PAYER REMIT EFT-MCARE-20250414,CREDIT,18.79,78712.65,REF8003858,EFT-MCARE-20250414
MOCK_RAD_GROUP_DEMO_ONLY,2025-04-16,2025-04-16,ACH CREDIT PAYER REMIT EFT-TENNCARE-20250414,CREDIT,19.35,78732.0,REF4228991,EFT-TENNCARE-20250414
MOCK_RAD_GROUP_DEMO_ONLY,2025-04-16,2025-04-16,ACH CREDIT PAYER REMIT EFT-UHC-20250414,CREDIT,71.33,78803.33,REF8372443,EFT-UHC-20250414
MOCK_RAD_GROUP_DEMO_ONLY,2025-04-17,2025-04-17,ACH CREDIT PAYER REMIT EFT-BCBSTN-20250414,CREDIT,273.03,79076.36,REF1319818,EFT-BCBSTN-20250414
MOCK_RAD_GROUP_DEMO_ONLY,2025-04-17,2025-04-17,ACH CREDIT PAYER REMIT EFT-TENNCARE-20250414,CREDIT,3.96,79080.32,REF5528521,EFT-TENNCARE-20250414
MOCK_RAD_GROUP_DEMO_ONLY,2025-04-17,2025-04-17,ACH CREDIT PAYER REMIT EFT-UHC-20250414,CREDIT,56.09,79136.41,REF9900566,EFT-UHC-20250414
MOCK_RAD_GROUP_DEMO_ONLY,2025-04-18,2025-04-18,ACH CREDIT PAYER REMIT EFT-MCARE-20250414,CREDIT,175.96,79312.37,REF3583440,EFT-MCARE-20250414
MOCK_RAD_GROUP_DEMO_ONLY,2025-04-18,2025-04-18,ACH CREDIT PAYER REMIT EFT-TENNCARE-20250414,CREDIT,27.13,79339.5,REF4365508,EFT-TENNCARE-20250414
MOCK_RAD_GROUP_DEMO_ONLY,2025-04-18,2025-04-18,ACH CREDIT PAYER REMIT EFT-UHC-20250414,CREDIT,144.78,79484.28,REF3703086,EFT-UHC-20250414
MOCK_RAD_GROUP_DEMO_ONLY,2025-04-18,2025-04-18,ACCOUNT ANALYSIS FEE,DEBIT,-148.46,79335.82,REF5122704,
MOCK_RAD_GROUP_DEMO_ONLY,2025-04-18,2025-04-18,BOOK TRANSFER TO OPERATING 8841,DEBIT,-6150.31,73185.51,REF4104022,
MOCK_RAD_GROUP_DEMO_ONLY,2025-04-18,2025-04-18,RETURNED ITEM CHARGEBACK,DEBIT,-243.36,72942.15,REF4274988,
MOCK_RAD_GROUP_DEMO_ONLY,2025-04-19,2025-04-19,ACH CREDIT PAYER REMIT EFT-CIGNA-20250414,CREDIT,62.84,73004.99,REF6238004,EFT-CIGNA-20250414
MOCK_RAD_GROUP_DEMO_ONLY,2025-04-19,2025-04-19,ACH CREDIT PAYER REMIT EFT-MCARE-20250414,CREDIT,62.51,73067.5,REF3970157,EFT-MCARE-20250414
MOCK_RAD_GROUP_DEMO_ONLY,2025-04-19,2025-04-19,ACH CREDIT PAYER REMIT EFT-TENNCARE-20250414,CREDIT,10.44,73077.94,REF8407133,EFT-TENNCARE-20250414
MOCK_RAD_GROUP_DEMO_ONLY,2025-04-19,2025-04-19,ACH CREDIT PAYER REMIT EFT-UHC-20250414,CREDIT,164.56,73242.5,REF9586786,EFT-UHC-20250414
MOCK_RAD_GROUP_DEMO_ONLY,2025-04-20,2025-04-20,ACH CREDIT PAYER REMIT EFT-MCARE-20250414,CREDIT,34.44,73276.94,REF6199866,EFT-MCARE-20250414
MOCK_RAD_GROUP_DEMO_ONLY,2025-04-20,2025-04-20,ACH CREDIT PAYER REMIT EFT-TENNCARE-20250414,CREDIT,33.98,73310.92,REF6770991,EFT-TENNCARE-20250414
MOCK_RAD_GROUP_DEMO_ONLY,2025-04-21,2025-04-21,ACH CREDIT PAYER REMIT EFT-MCARE-20250421,CREDIT,66.74,73377.66,REF7351676,EFT-MCARE-20250421
MOCK_RAD_GROUP_DEMO_ONLY,2025-04-21,2025-04-21,ACH CREDIT PAYER REMIT EFT-TENNCARE-20250421,CREDIT,50.99,73428.65,REF1399987,EFT-TENNCARE-20250421
MOCK_RAD_GROUP_DEMO_ONLY,2025-04-22,2025-04-22,ACH CREDIT PAYER REMIT EFT-MCARE-20250421,CREDIT,115.87,73544.52,REF1047107,EFT-MCARE-20250421
MOCK_RAD_GROUP_DEMO_ONLY,2025-04-22,2025-04-22,ACH CREDIT PAYER REMIT EFT-TENNCARE-20250421,CREDIT,4.57,73549.09,REF7839450,EFT-TENNCARE-20250421
MOCK_RAD_GROUP_DEMO_ONLY,2025-04-22,2025-04-22,ACH CREDIT PAYER REMIT EFT-UHC-20250421,CREDIT,182.22,73731.31,REF6149406,EFT-UHC-20250421
MOCK_RAD_GROUP_DEMO_ONLY,2025-04-23,2025-04-23,ACH CREDIT PAYER REMIT EFT-TENNCARE-20250421,CREDIT,14.05,73745.36,REF8956794,EFT-TENNCARE-20250421
MOCK_RAD_GROUP_DEMO_ONLY,2025-04-23,2025-04-23,ACH CREDIT PAYER REMIT EFT-UHC-20250421,CREDIT,95.64,73841.0,REF8172238,EFT-UHC-20250421
MOCK_RAD_GROUP_DEMO_ONLY,2025-04-24,2025-04-24,ACH CREDIT PAYER REMIT EFT-BCBSTN-20250421,CREDIT,138.67,73979.67,REF6177810,EFT-BCBSTN-20250421
MOCK_RAD_GROUP_DEMO_ONLY,2025-04-24,2025-04-24,ACH CREDIT PAYER REMIT EFT-MCARE-20250421,CREDIT,103.23,74082.9,REF5299100,EFT-MCARE-20250421
MOCK_RAD_GROUP_DEMO_ONLY,2025-04-24,2025-04-24,ACH CREDIT PAYER REMIT EFT-UHC-20250421,CREDIT,144.05,74226.95,REF2163197,EFT-UHC-20250421
MOCK_RAD_GROUP_DEMO_ONLY,2025-04-25,2025-04-25,ACH CREDIT PAYER REMIT EFT-CIGNA-20250421,CREDIT,113.71,74340.66,REF3393723,EFT-CIGNA-20250421
MOCK_RAD_GROUP_DEMO_ONLY,2025-04-25,2025-04-25,ACH CREDIT PAYER REMIT EFT-TENNCARE-20250421,CREDIT,39.96,74380.62,REF1342748,EFT-TENNCARE-20250421
MOCK_RAD_GROUP_DEMO_ONLY,2025-04-25,2025-04-25,ACH CREDIT PAYER REMIT EFT-UHC-20250421,CREDIT,153.6,74534.22,REF5488990,EFT-UHC-20250421
MOCK_RAD_GROUP_DEMO_ONLY,2025-04-27,2025-04-27,ACH CREDIT PAYER REMIT EFT-SELFPAY-20250421,CREDIT,9.25,74543.47,REF2293651,EFT-SELFPAY-20250421
MOCK_RAD_GROUP_DEMO_ONLY,2025-04-27,2025-04-27,ACH CREDIT PAYER REMIT EFT-UHC-20250421,CREDIT,122.33,74665.8,REF8747217,EFT-UHC-20250421
MOCK_RAD_GROUP_DEMO_ONLY,2025-04-28,2025-04-28,ACH CREDIT PAYER REMIT EFT-MCARE-20250428,CREDIT,64.68,74730.48,REF8137405,EFT-MCARE-20250428
MOCK_RAD_GROUP_DEMO_ONLY,2025-04-28,2025-04-28,ACH CREDIT PAYER REMIT EFT-TENNCARE-20250428,CREDIT,43.7,74774.18,REF3116626,EFT-TENNCARE-20250428
MOCK_RAD_GROUP_DEMO_ONLY,2025-04-28,2025-04-28,ACH CREDIT PAYER REMIT EFT-UHC-20250428,CREDIT,145.57,74919.75,REF8195217,EFT-UHC-20250428
MOCK_RAD_GROUP_DEMO_ONLY,2025-04-29,2025-04-29,ACH CREDIT PAYER REMIT EFT-BCBSTN-20250428,CREDIT,93.0,75012.75,REF5997593,EFT-BCBSTN-20250428
MOCK_RAD_GROUP_DEMO_ONLY,2025-04-29,2025-04-29,ACH CREDIT PAYER REMIT EFT-CIGNA-20250428,CREDIT,168.23,75180.98,REF9684204,EFT-CIGNA-20250428
MOCK_RAD_GROUP_DEMO_ONLY,2025-04-30,2025-04-30,ACH CREDIT PAYER REMIT EFT-TENNCARE-20250428,CREDIT,20.81,75201.79,REF2359840,EFT-TENNCARE-20250428
MOCK_RAD_GROUP_DEMO_ONLY,2025-05-01,2025-05-01,ACH CREDIT PAYER REMIT EFT-BCBSTN-20250428,CREDIT,239.89,75441.68,REF3334881,EFT-BCBSTN-20250428
MOCK_RAD_GROUP_DEMO_ONLY,2025-05-01,2025-05-01,ACH CREDIT PAYER REMIT EFT-MCARE-20250428,CREDIT,18.67,75460.35,REF5705045,EFT-MCARE-20250428
MOCK_RAD_GROUP_DEMO_ONLY,2025-05-02,2025-05-02,ACH CREDIT PAYER REMIT EFT-MCARE-20250428,CREDIT,5.8,75466.15,REF5537677,EFT-MCARE-20250428
MOCK_RAD_GROUP_DEMO_ONLY,2025-05-02,2025-05-02,ACH CREDIT PAYER REMIT EFT-UHC-20250428,CREDIT,166.51,75632.66,REF7872420,EFT-UHC-20250428
MOCK_RAD_GROUP_DEMO_ONLY,2025-05-03,2025-05-03,ACH CREDIT PAYER REMIT EFT-CIGNA-20250428,CREDIT,84.66,75717.32,REF9835239,EFT-CIGNA-20250428
MOCK_RAD_GROUP_DEMO_ONLY,2025-05-03,2025-05-03,ACH CREDIT PAYER REMIT EFT-MCARE-20250428,CREDIT,146.17,75863.49,REF2216397,EFT-MCARE-20250428
MOCK_RAD_GROUP_DEMO_ONLY,2025-05-04,2025-05-04,ACH CREDIT PAYER REMIT EFT-BCBSTN-20250428,CREDIT,219.34,76082.83,REF8724200,EFT-BCBSTN-20250428
MOCK_RAD_GROUP_DEMO_ONLY,2025-05-04,2025-05-04,ACH CREDIT PAYER REMIT EFT-UHC-20250428,CREDIT,173.63,76256.46,REF8949091,EFT-UHC-20250428
MOCK_RAD_GROUP_DEMO_ONLY,2025-05-05,2025-05-05,ACH CREDIT PAYER REMIT EFT-BCBSTN-20250505,CREDIT,72.2,76328.66,REF2066386,EFT-BCBSTN-20250505
MOCK_RAD_GROUP_DEMO_ONLY,2025-05-05,2025-05-05,ACH CREDIT PAYER REMIT EFT-CIGNA-20250505,CREDIT,40.78,76369.44,REF6202073,EFT-CIGNA-20250505
MOCK_RAD_GROUP_DEMO_ONLY,2025-05-05,2025-05-05,ACH CREDIT PAYER REMIT EFT-MCARE-20250505,CREDIT,54.25,76423.69,REF8338381,EFT-MCARE-20250505
MOCK_RAD_GROUP_DEMO_ONLY,2025-05-06,2025-05-06,ACH CREDIT PAYER REMIT EFT-CIGNA-20250505,CREDIT,59.81,76483.5,REF3860805,EFT-CIGNA-20250505
MOCK_RAD_GROUP_DEMO_ONLY,2025-05-06,2025-05-06,ACH CREDIT PAYER REMIT EFT-MCARE-20250505,CREDIT,75.02,76558.52,REF7891378,EFT-MCARE-20250505
MOCK_RAD_GROUP_DEMO_ONLY,2025-05-06,2025-05-06,ACH CREDIT PAYER REMIT EFT-TENNCARE-20250505,CREDIT,14.36,76572.88,REF2017202,EFT-TENNCARE-20250505
MOCK_RAD_GROUP_DEMO_ONLY,2025-05-06,2025-05-06,ACH CREDIT PAYER REMIT EFT-UHC-20250505,CREDIT,59.14,76632.02,REF6256549,EFT-UHC-20250505
MOCK_RAD_GROUP_DEMO_ONLY,2025-05-07,2025-05-07,ACH CREDIT PAYER REMIT EFT-BCBSTN-20250505,CREDIT,172.07,76804.09,REF8250951,EFT-BCBSTN-20250505
MOCK_RAD_GROUP_DEMO_ONLY,2025-05-07,2025-05-07,ACH CREDIT PAYER REMIT EFT-MCARE-20250505,CREDIT,79.22,76883.31,REF4549452,EFT-MCARE-20250505
MOCK_RAD_GROUP_DEMO_ONLY,2025-05-07,2025-05-07,ACH CREDIT PAYER REMIT EFT-TENNCARE-20250505,CREDIT,15.91,76899.22,REF5232663,EFT-TENNCARE-20250505
MOCK_RAD_GROUP_DEMO_ONLY,2025-05-07,2025-05-07,ACH CREDIT PAYER REMIT EFT-UHC-20250505,CREDIT,198.6,77097.82,REF5825299,EFT-UHC-20250505
MOCK_RAD_GROUP_DEMO_ONLY,2025-05-08,2025-05-08,ACH CREDIT PAYER REMIT EFT-BCBSTN-20250505,CREDIT,412.51,77510.33,REF9979333,EFT-BCBSTN-20250505
MOCK_RAD_GROUP_DEMO_ONLY,2025-05-08,2025-05-08,ACH CREDIT PAYER REMIT EFT-MCARE-20250505,CREDIT,64.95,77575.28,REF9287693,EFT-MCARE-20250505
MOCK_RAD_GROUP_DEMO_ONLY,2025-05-09,2025-05-09,ACH CREDIT PAYER REMIT EFT-BCBSTN-20250505,CREDIT,67.82,77643.1,REF3400693,EFT-BCBSTN-20250505
MOCK_RAD_GROUP_DEMO_ONLY,2025-05-09,2025-05-09,ACH CREDIT PAYER REMIT EFT-MCARE-20250505,CREDIT,105.35,77748.45,REF6540305,EFT-MCARE-20250505
MOCK_RAD_GROUP_DEMO_ONLY,2025-05-10,2025-05-10,ACH CREDIT PAYER REMIT EFT-BCBSTN-20250505,CREDIT,69.67,77818.12,REF2746463,EFT-BCBSTN-20250505
MOCK_RAD_GROUP_DEMO_ONLY,2025-05-10,2025-05-10,ACH CREDIT PAYER REMIT EFT-CIGNA-20250505,CREDIT,91.92,77910.04,REF8040724,EFT-CIGNA-20250505
MOCK_RAD_GROUP_DEMO_ONLY,2025-05-10,2025-05-10,ACH CREDIT PAYER REMIT EFT-MCARE-20250505,CREDIT,96.37,78006.41,REF3406822,EFT-MCARE-20250505
MOCK_RAD_GROUP_DEMO_ONLY,2025-05-10,2025-05-10,ACH CREDIT PAYER REMIT EFT-UHC-20250505,CREDIT,188.65,78195.06,REF7263555,EFT-UHC-20250505
MOCK_RAD_GROUP_DEMO_ONLY,2025-05-10,2025-05-10,INTEREST CREDIT,CREDIT,16.91,78211.97,REF6013850,
MOCK_RAD_GROUP_DEMO_ONLY,2025-05-11,2025-05-11,ACH CREDIT PAYER REMIT EFT-CIGNA-20250505,CREDIT,136.33,78348.3,REF6061937,EFT-CIGNA-20250505
MOCK_RAD_GROUP_DEMO_ONLY,2025-05-11,2025-05-11,ACH CREDIT PAYER REMIT EFT-UHC-20250505,CREDIT,141.47,78489.77,REF4120942,EFT-UHC-20250505
MOCK_RAD_GROUP_DEMO_ONLY,2025-05-12,2025-05-12,ACH CREDIT PAYER REMIT EFT-BCBSTN-20250512,CREDIT,240.61,78730.38,REF6033557,EFT-BCBSTN-20250512
MOCK_RAD_GROUP_DEMO_ONLY,2025-05-12,2025-05-12,ACH CREDIT PAYER REMIT EFT-CIGNA-20250512,CREDIT,144.64,78875.02,REF7540892,EFT-CIGNA-20250512
MOCK_RAD_GROUP_DEMO_ONLY,2025-05-12,2025-05-12,ACH CREDIT PAYER REMIT EFT-MCARE-20250512,CREDIT,27.03,78902.05,REF8593873,EFT-MCARE-20250512
MOCK_RAD_GROUP_DEMO_ONLY,2025-05-12,2025-05-12,ACH CREDIT PAYER REMIT EFT-UHC-20250512,CREDIT,181.23,79083.28,REF9040800,EFT-UHC-20250512
MOCK_RAD_GROUP_DEMO_ONLY,2025-05-13,2025-05-13,ACH CREDIT PAYER REMIT EFT-BCBSTN-20250512,CREDIT,269.49,79352.77,REF4529068,EFT-BCBSTN-20250512
MOCK_RAD_GROUP_DEMO_ONLY,2025-05-13,2025-05-13,ACH CREDIT PAYER REMIT EFT-MCARE-20250512,CREDIT,42.01,79394.78,REF6973462,EFT-MCARE-20250512
MOCK_RAD_GROUP_DEMO_ONLY,2025-05-13,2025-05-13,ACH CREDIT PAYER REMIT EFT-TENNCARE-20250512,CREDIT,16.06,79410.84,REF1922549,EFT-TENNCARE-20250512
MOCK_RAD_GROUP_DEMO_ONLY,2025-05-13,2025-05-13,ACH CREDIT PAYER REMIT EFT-UHC-20250512,CREDIT,56.2,79467.04,REF2568429,EFT-UHC-20250512
MOCK_RAD_GROUP_DEMO_ONLY,2025-05-14,2025-05-14,ACH CREDIT PAYER REMIT EFT-BCBSTN-20250512,CREDIT,73.24,79540.28,REF7320251,EFT-BCBSTN-20250512
MOCK_RAD_GROUP_DEMO_ONLY,2025-05-14,2025-05-14,ACH CREDIT PAYER REMIT EFT-TENNCARE-20250512,CREDIT,44.13,79584.41,REF9946826,EFT-TENNCARE-20250512
MOCK_RAD_GROUP_DEMO_ONLY,2025-05-15,2025-05-15,ACH CREDIT PAYER REMIT EFT-MCARE-20250512,CREDIT,6.97,79591.38,REF4461102,EFT-MCARE-20250512
MOCK_RAD_GROUP_DEMO_ONLY,2025-05-15,2025-05-15,ACH CREDIT PAYER REMIT EFT-TENNCARE-20250512,CREDIT,23.63,79615.01,REF7532734,EFT-TENNCARE-20250512
MOCK_RAD_GROUP_DEMO_ONLY,2025-05-15,2025-05-15,ACH CREDIT PAYER REMIT EFT-UHC-20250512,CREDIT,46.39,79661.4,REF8328973,EFT-UHC-20250512
MOCK_RAD_GROUP_DEMO_ONLY,2025-05-16,2025-05-16,ACH CREDIT PAYER REMIT EFT-BCBSTN-20250512,CREDIT,118.25,79779.65,REF9390056,EFT-BCBSTN-20250512
MOCK_RAD_GROUP_DEMO_ONLY,2025-05-16,2025-05-16,ACH CREDIT PAYER REMIT EFT-CIGNA-20250512,CREDIT,289.58,80069.23,REF6443140,EFT-CIGNA-20250512
MOCK_RAD_GROUP_DEMO_ONLY,2025-05-16,2025-05-16,ACH CREDIT PAYER REMIT EFT-UHC-20250512,CREDIT,132.3,80201.53,REF6768611,EFT-UHC-20250512
MOCK_RAD_GROUP_DEMO_ONLY,2025-05-17,2025-05-17,ACH CREDIT PAYER REMIT EFT-CIGNA-20250512,CREDIT,140.87,80342.4,REF6850927,EFT-CIGNA-20250512
MOCK_RAD_GROUP_DEMO_ONLY,2025-05-17,2025-05-17,ACH CREDIT PAYER REMIT EFT-MCARE-20250512,CREDIT,102.37,80444.77,REF4671531,EFT-MCARE-20250512
MOCK_RAD_GROUP_DEMO_ONLY,2025-05-18,2025-05-18,ACH CREDIT PAYER REMIT EFT-BCBSTN-20250512,CREDIT,215.23,80660.0,REF9611255,EFT-BCBSTN-20250512
MOCK_RAD_GROUP_DEMO_ONLY,2025-05-18,2025-05-18,ACH CREDIT PAYER REMIT EFT-CIGNA-20250512,CREDIT,94.83,80754.83,REF8995388,EFT-CIGNA-20250512
MOCK_RAD_GROUP_DEMO_ONLY,2025-05-18,2025-05-18,ACH CREDIT PAYER REMIT EFT-MCARE-20250512,CREDIT,53.84,80808.67,REF4785951,EFT-MCARE-20250512
MOCK_RAD_GROUP_DEMO_ONLY,2025-05-18,2025-05-18,ACH CREDIT PAYER REMIT EFT-SELFPAY-20250512,CREDIT,4.13,80812.8,REF3658095,EFT-SELFPAY-20250512
MOCK_RAD_GROUP_DEMO_ONLY,2025-05-18,2025-05-18,ACH CREDIT PAYER REMIT EFT-UHC-20250512,CREDIT,180.36,80993.16,REF9071465,EFT-UHC-20250512
MOCK_RAD_GROUP_DEMO_ONLY,2025-05-18,2025-05-18,ACCOUNT ANALYSIS FEE,DEBIT,-176.72,80816.44,REF1211344,
MOCK_RAD_GROUP_DEMO_ONLY,2025-05-18,2025-05-18,BOOK TRANSFER TO OPERATING 8841,DEBIT,-6995.19,73821.25,REF1939254,
MOCK_RAD_GROUP_DEMO_ONLY,2025-05-19,2025-05-19,ACH CREDIT PAYER REMIT EFT-BCBSTN-20250519,CREDIT,53.11,73874.36,REF5758298,EFT-BCBSTN-20250519
MOCK_RAD_GROUP_DEMO_ONLY,2025-05-19,2025-05-19,ACH CREDIT PAYER REMIT EFT-CIGNA-20250519,CREDIT,176.63,74050.99,REF6696694,EFT-CIGNA-20250519
MOCK_RAD_GROUP_DEMO_ONLY,2025-05-19,2025-05-19,ACH CREDIT PAYER REMIT EFT-UHC-20250519,CREDIT,179.02,74230.01,REF1070559,EFT-UHC-20250519
MOCK_RAD_GROUP_DEMO_ONLY,2025-05-20,2025-05-20,ACH CREDIT PAYER REMIT EFT-MCARE-20250519,CREDIT,99.5,74329.51,REF6033810,EFT-MCARE-20250519
MOCK_RAD_GROUP_DEMO_ONLY,2025-05-20,2025-05-20,ACH CREDIT PAYER REMIT EFT-TENNCARE-20250519,CREDIT,35.33,74364.84,REF4492496,EFT-TENNCARE-20250519
MOCK_RAD_GROUP_DEMO_ONLY,2025-05-20,2025-05-20,ACH CREDIT PAYER REMIT EFT-UHC-20250519,CREDIT,414.26,74779.1,REF1883490,EFT-UHC-20250519
MOCK_RAD_GROUP_DEMO_ONLY,2025-05-21,2025-05-21,ACH CREDIT PAYER REMIT EFT-BCBSTN-20250519,CREDIT,217.96,74997.06,REF3875512,EFT-BCBSTN-20250519
MOCK_RAD_GROUP_DEMO_ONLY,2025-05-21,2025-05-21,ACH CREDIT PAYER REMIT EFT-CIGNA-20250519,CREDIT,305.55,75302.61,REF4679391,EFT-CIGNA-20250519
MOCK_RAD_GROUP_DEMO_ONLY,2025-05-21,2025-05-21,ACH CREDIT PAYER REMIT EFT-UHC-20250519,CREDIT,55.78,75358.39,REF7250291,EFT-UHC-20250519
MOCK_RAD_GROUP_DEMO_ONLY,2025-05-22,2025-05-22,ACH CREDIT PAYER REMIT EFT-CIGNA-20250519,CREDIT,179.54,75537.93,REF7690061,EFT-CIGNA-20250519
MOCK_RAD_GROUP_DEMO_ONLY,2025-05-22,2025-05-22,ACH CREDIT PAYER REMIT EFT-MCARE-20250519,CREDIT,77.37,75615.3,REF7421211,EFT-MCARE-20250519
MOCK_RAD_GROUP_DEMO_ONLY,2025-05-22,2025-05-22,ACH CREDIT PAYER REMIT EFT-SELFPAY-20250519,CREDIT,16.56,75631.86,REF9064376,EFT-SELFPAY-20250519
MOCK_RAD_GROUP_DEMO_ONLY,2025-05-23,2025-05-23,ACH CREDIT PAYER REMIT EFT-BCBSTN-20250519,CREDIT,179.22,75811.08,REF9836491,EFT-BCBSTN-20250519
MOCK_RAD_GROUP_DEMO_ONLY,2025-05-23,2025-05-23,ACH CREDIT PAYER REMIT EFT-MCARE-20250519,CREDIT,26.07,75837.15,REF8928096,EFT-MCARE-20250519
MOCK_RAD_GROUP_DEMO_ONLY,2025-05-23,2025-05-23,ACH CREDIT PAYER REMIT EFT-SELFPAY-20250519,CREDIT,8.5,75845.65,REF3763082,EFT-SELFPAY-20250519
MOCK_RAD_GROUP_DEMO_ONLY,2025-05-23,2025-05-23,ACH CREDIT PAYER REMIT EFT-UHC-20250519,CREDIT,141.4,75987.05,REF5905612,EFT-UHC-20250519
MOCK_RAD_GROUP_DEMO_ONLY,2025-05-24,2025-05-24,ACH CREDIT PAYER REMIT EFT-CIGNA-20250519,CREDIT,171.13,76158.18,REF2504744,EFT-CIGNA-20250519
MOCK_RAD_GROUP_DEMO_ONLY,2025-05-24,2025-05-24,ACH CREDIT PAYER REMIT EFT-MCARE-20250519,CREDIT,150.41,76308.59,REF8981822,EFT-MCARE-20250519
MOCK_RAD_GROUP_DEMO_ONLY,2025-05-24,2025-05-24,ACH CREDIT PAYER REMIT EFT-TENNCARE-20250519,CREDIT,12.04,76320.63,REF3861081,EFT-TENNCARE-20250519
MOCK_RAD_GROUP_DEMO_ONLY,2025-05-24,2025-05-24,ACH CREDIT PAYER REMIT EFT-UHC-20250519,CREDIT,268.38,76589.01,REF1606762,EFT-UHC-20250519
MOCK_RAD_GROUP_DEMO_ONLY,2025-05-25,2025-05-25,ACH CREDIT PAYER REMIT EFT-CIGNA-20250519,CREDIT,87.81,76676.82,REF6181104,EFT-CIGNA-20250519
MOCK_RAD_GROUP_DEMO_ONLY,2025-05-25,2025-05-25,ACH CREDIT PAYER REMIT EFT-UHC-20250519,CREDIT,99.8,76776.62,REF8909981,EFT-UHC-20250519
MOCK_RAD_GROUP_DEMO_ONLY,2025-05-26,2025-05-26,ACH CREDIT PAYER REMIT EFT-MCARE-20250526,CREDIT,91.37,76867.99,REF6649495,EFT-MCARE-20250526
MOCK_RAD_GROUP_DEMO_ONLY,2025-05-27,2025-05-27,ACH CREDIT PAYER REMIT EFT-MCARE-20250526,CREDIT,137.21,77005.2,REF3567250,EFT-MCARE-20250526
MOCK_RAD_GROUP_DEMO_ONLY,2025-05-28,2025-05-28,ACH CREDIT PAYER REMIT EFT-BCBSTN-20250526,CREDIT,72.61,77077.81,REF7669317,EFT-BCBSTN-20250526
MOCK_RAD_GROUP_DEMO_ONLY,2025-05-28,2025-05-28,ACH CREDIT PAYER REMIT EFT-SELFPAY-20250526,CREDIT,0.9,77078.71,REF3774345,EFT-SELFPAY-20250526
MOCK_RAD_GROUP_DEMO_ONLY,2025-05-28,2025-05-28,ACH CREDIT PAYER REMIT EFT-TENNCARE-20250526,CREDIT,21.21,77099.92,REF2397999,EFT-TENNCARE-20250526
MOCK_RAD_GROUP_DEMO_ONLY,2025-05-28,2025-05-28,ACH CREDIT PAYER REMIT EFT-UHC-20250526,CREDIT,232.52,77332.44,REF5299762,EFT-UHC-20250526
MOCK_RAD_GROUP_DEMO_ONLY,2025-05-29,2025-05-29,ACH CREDIT PAYER REMIT EFT-BCBSTN-20250526,CREDIT,281.08,77613.52,REF9468269,EFT-BCBSTN-20250526
MOCK_RAD_GROUP_DEMO_ONLY,2025-05-29,2025-05-29,ACH CREDIT PAYER REMIT EFT-MCARE-20250526,CREDIT,69.28,77682.8,REF6484940,EFT-MCARE-20250526
MOCK_RAD_GROUP_DEMO_ONLY,2025-05-29,2025-05-29,ACH CREDIT PAYER REMIT EFT-SELFPAY-20250526,CREDIT,6.55,77689.35,REF6215360,EFT-SELFPAY-20250526
MOCK_RAD_GROUP_DEMO_ONLY,2025-05-30,2025-05-30,ACH CREDIT PAYER REMIT EFT-MCARE-20250526,CREDIT,189.72,77879.07,REF4503671,EFT-MCARE-20250526
MOCK_RAD_GROUP_DEMO_ONLY,2025-05-30,2025-05-30,ACH CREDIT PAYER REMIT EFT-TENNCARE-20250526,CREDIT,12.49,77891.56,REF5818266,EFT-TENNCARE-20250526
MOCK_RAD_GROUP_DEMO_ONLY,2025-05-31,2025-05-31,ACH CREDIT PAYER REMIT EFT-MCARE-20250526,CREDIT,25.5,77917.06,REF4966362,EFT-MCARE-20250526
MOCK_RAD_GROUP_DEMO_ONLY,2025-05-31,2025-05-31,ACH CREDIT PAYER REMIT EFT-UHC-20250526,CREDIT,122.86,78039.92,REF6539020,EFT-UHC-20250526
MOCK_RAD_GROUP_DEMO_ONLY,2025-06-01,2025-06-01,ACH CREDIT PAYER REMIT EFT-BCBSTN-20250526,CREDIT,107.51,78147.43,REF2862098,EFT-BCBSTN-20250526
MOCK_RAD_GROUP_DEMO_ONLY,2025-06-01,2025-06-01,ACH CREDIT PAYER REMIT EFT-CIGNA-20250526,CREDIT,176.88,78324.31,REF5463875,EFT-CIGNA-20250526
MOCK_RAD_GROUP_DEMO_ONLY,2025-06-01,2025-06-01,ACH CREDIT PAYER REMIT EFT-MCARE-20250526,CREDIT,185.46,78509.77,REF6109319,EFT-MCARE-20250526
MOCK_RAD_GROUP_DEMO_ONLY,2025-06-02,2025-06-02,ACH CREDIT PAYER REMIT EFT-BCBSTN-20250602,CREDIT,153.89,78663.66,REF5424514,EFT-BCBSTN-20250602
MOCK_RAD_GROUP_DEMO_ONLY,2025-06-02,2025-06-02,ACH CREDIT PAYER REMIT EFT-MCARE-20250602,CREDIT,40.96,78704.62,REF2750881,EFT-MCARE-20250602
MOCK_RAD_GROUP_DEMO_ONLY,2025-06-02,2025-06-02,ACH CREDIT PAYER REMIT EFT-TENNCARE-20250602,CREDIT,27.99,78732.61,REF6897288,EFT-TENNCARE-20250602
MOCK_RAD_GROUP_DEMO_ONLY,2025-06-02,2025-06-02,ACH CREDIT PAYER REMIT EFT-UHC-20250602,CREDIT,310.68,79043.29,REF4075302,EFT-UHC-20250602
MOCK_RAD_GROUP_DEMO_ONLY,2025-06-03,2025-06-03,ACH CREDIT PAYER REMIT EFT-MCARE-20250602,CREDIT,29.26,79072.55,REF6091644,EFT-MCARE-20250602
MOCK_RAD_GROUP_DEMO_ONLY,2025-06-04,2025-06-04,ACH CREDIT PAYER REMIT EFT-BCBSTN-20250602,CREDIT,126.06,79198.61,REF2621420,EFT-BCBSTN-20250602
MOCK_RAD_GROUP_DEMO_ONLY,2025-06-04,2025-06-04,ACH CREDIT PAYER REMIT EFT-CIGNA-20250602,CREDIT,131.79,79330.4,REF6249367,EFT-CIGNA-20250602
MOCK_RAD_GROUP_DEMO_ONLY,2025-06-04,2025-06-04,ACH CREDIT PAYER REMIT EFT-UHC-20250602,CREDIT,145.98,79476.38,REF1976756,EFT-UHC-20250602
MOCK_RAD_GROUP_DEMO_ONLY,2025-06-05,2025-06-05,ACH CREDIT PAYER REMIT EFT-BCBSTN-20250602,CREDIT,127.47,79603.85,REF8304321,EFT-BCBSTN-20250602
MOCK_RAD_GROUP_DEMO_ONLY,2025-06-06,2025-06-06,ACH CREDIT PAYER REMIT EFT-BCBSTN-20250602,CREDIT,150.67,79754.52,REF6994809,EFT-BCBSTN-20250602
MOCK_RAD_GROUP_DEMO_ONLY,2025-06-06,2025-06-06,ACH CREDIT PAYER REMIT EFT-CIGNA-20250602,CREDIT,115.52,79870.04,REF2619792,EFT-CIGNA-20250602
MOCK_RAD_GROUP_DEMO_ONLY,2025-06-06,2025-06-06,ACH CREDIT PAYER REMIT EFT-MCARE-20250602,CREDIT,6.56,79876.6,REF9435258,EFT-MCARE-20250602
MOCK_RAD_GROUP_DEMO_ONLY,2025-06-06,2025-06-06,ACH CREDIT PAYER REMIT EFT-TENNCARE-20250602,CREDIT,24.84,79901.44,REF2541716,EFT-TENNCARE-20250602
MOCK_RAD_GROUP_DEMO_ONLY,2025-06-06,2025-06-06,ACH CREDIT PAYER REMIT EFT-UHC-20250602,CREDIT,66.79,79968.23,REF4020166,EFT-UHC-20250602
MOCK_RAD_GROUP_DEMO_ONLY,2025-06-07,2025-06-07,ACH CREDIT PAYER REMIT EFT-BCBSTN-20250602,CREDIT,13.71,79981.94,REF3483367,EFT-BCBSTN-20250602
MOCK_RAD_GROUP_DEMO_ONLY,2025-06-07,2025-06-07,ACH CREDIT PAYER REMIT EFT-TENNCARE-20250602,CREDIT,36.47,80018.41,REF5228955,EFT-TENNCARE-20250602
MOCK_RAD_GROUP_DEMO_ONLY,2025-06-08,2025-06-08,ACH CREDIT PAYER REMIT EFT-MCARE-20250602,CREDIT,50.47,80068.88,REF1039864,EFT-MCARE-20250602
MOCK_RAD_GROUP_DEMO_ONLY,2025-06-08,2025-06-08,ACH CREDIT PAYER REMIT EFT-SELFPAY-20250602,CREDIT,1.06,80069.94,REF9638702,EFT-SELFPAY-20250602
MOCK_RAD_GROUP_DEMO_ONLY,2025-06-08,2025-06-08,ACH CREDIT PAYER REMIT EFT-TENNCARE-20250602,CREDIT,20.42,80090.36,REF2206990,EFT-TENNCARE-20250602
MOCK_RAD_GROUP_DEMO_ONLY,2025-06-08,2025-06-08,ACH CREDIT PAYER REMIT EFT-UHC-20250602,CREDIT,104.68,80195.04,REF8966690,EFT-UHC-20250602
MOCK_RAD_GROUP_DEMO_ONLY,2025-06-09,2025-06-09,ACH CREDIT PAYER REMIT EFT-MCARE-20250609,CREDIT,48.3,80243.34,REF1617725,EFT-MCARE-20250609
MOCK_RAD_GROUP_DEMO_ONLY,2025-06-09,2025-06-09,ACH CREDIT PAYER REMIT EFT-TENNCARE-20250609,CREDIT,41.02,80284.36,REF8154703,EFT-TENNCARE-20250609
MOCK_RAD_GROUP_DEMO_ONLY,2025-06-10,2025-06-10,ACH CREDIT PAYER REMIT EFT-CIGNA-20250609,CREDIT,119.61,80403.97,REF4936650,EFT-CIGNA-20250609
MOCK_RAD_GROUP_DEMO_ONLY,2025-06-10,2025-06-10,ACH CREDIT PAYER REMIT EFT-MCARE-20250609,CREDIT,39.21,80443.18,REF7006714,EFT-MCARE-20250609
MOCK_RAD_GROUP_DEMO_ONLY,2025-06-11,2025-06-11,ACH CREDIT PAYER REMIT EFT-BCBSTN-20250609,CREDIT,279.4,80722.58,REF1042214,EFT-BCBSTN-20250609
MOCK_RAD_GROUP_DEMO_ONLY,2025-06-11,2025-06-11,ACH CREDIT PAYER REMIT EFT-MCARE-20250609,CREDIT,134.04,80856.62,REF7634146,EFT-MCARE-20250609
MOCK_RAD_GROUP_DEMO_ONLY,2025-06-12,2025-06-12,ACH CREDIT PAYER REMIT EFT-MCARE-20250609,CREDIT,123.63,80980.25,REF6457135,EFT-MCARE-20250609
MOCK_RAD_GROUP_DEMO_ONLY,2025-06-12,2025-06-12,ACH CREDIT PAYER REMIT EFT-SELFPAY-20250609,CREDIT,20.22,81000.47,REF2422007,EFT-SELFPAY-20250609
MOCK_RAD_GROUP_DEMO_ONLY,2025-06-12,2025-06-12,ACH CREDIT PAYER REMIT EFT-TENNCARE-20250609,CREDIT,4.28,81004.75,REF8682688,EFT-TENNCARE-20250609
MOCK_RAD_GROUP_DEMO_ONLY,2025-06-13,2025-06-13,ACH CREDIT PAYER REMIT EFT-BCBSTN-20250609,CREDIT,73.54,81078.29,REF5219921,EFT-BCBSTN-20250609
MOCK_RAD_GROUP_DEMO_ONLY,2025-06-14,2025-06-14,ACH CREDIT PAYER REMIT EFT-BCBSTN-20250609,CREDIT,181.3,81259.59,REF9126493,EFT-BCBSTN-20250609
MOCK_RAD_GROUP_DEMO_ONLY,2025-06-14,2025-06-14,ACH CREDIT PAYER REMIT EFT-CIGNA-20250609,CREDIT,273.47,81533.06,REF1956064,EFT-CIGNA-20250609
MOCK_RAD_GROUP_DEMO_ONLY,2025-06-14,2025-06-14,ACH CREDIT PAYER REMIT EFT-MCARE-20250609,CREDIT,89.75,81622.81,REF9074630,EFT-MCARE-20250609
MOCK_RAD_GROUP_DEMO_ONLY,2025-06-14,2025-06-14,ACH CREDIT PAYER REMIT EFT-SELFPAY-20250609,CREDIT,1.36,81624.17,REF7800160,EFT-SELFPAY-20250609
MOCK_RAD_GROUP_DEMO_ONLY,2025-06-14,2025-06-14,ACH CREDIT PAYER REMIT EFT-UHC-20250609,CREDIT,393.74,82017.91,REF8180359,EFT-UHC-20250609
MOCK_RAD_GROUP_DEMO_ONLY,2025-06-15,2025-06-15,ACH CREDIT PAYER REMIT EFT-BCBSTN-20250609,CREDIT,74.95,82092.86,REF8545317,EFT-BCBSTN-20250609
MOCK_RAD_GROUP_DEMO_ONLY,2025-06-15,2025-06-15,ACH CREDIT PAYER REMIT EFT-MCARE-20250609,CREDIT,26.93,82119.79,REF9488613,EFT-MCARE-20250609
MOCK_RAD_GROUP_DEMO_ONLY,2025-06-15,2025-06-15,ACH CREDIT PAYER REMIT EFT-UHC-20250609,CREDIT,217.05,82336.84,REF3974670,EFT-UHC-20250609
MOCK_RAD_GROUP_DEMO_ONLY,2025-06-16,2025-06-16,ACH CREDIT PAYER REMIT EFT-BCBSTN-20250616,CREDIT,145.58,82482.42,REF4672925,EFT-BCBSTN-20250616
MOCK_RAD_GROUP_DEMO_ONLY,2025-06-16,2025-06-16,ACH CREDIT PAYER REMIT EFT-MCARE-20250616,CREDIT,156.72,82639.14,REF3054131,EFT-MCARE-20250616
MOCK_RAD_GROUP_DEMO_ONLY,2025-06-16,2025-06-16,ACH CREDIT PAYER REMIT EFT-SELFPAY-20250616,CREDIT,2.39,82641.53,REF5444384,EFT-SELFPAY-20250616
MOCK_RAD_GROUP_DEMO_ONLY,2025-06-17,2025-06-17,ACH CREDIT PAYER REMIT EFT-CIGNA-20250616,CREDIT,56.67,82698.2,REF7211760,EFT-CIGNA-20250616
MOCK_RAD_GROUP_DEMO_ONLY,2025-06-17,2025-06-17,ACH CREDIT PAYER REMIT EFT-TENNCARE-20250616,CREDIT,11.61,82709.81,REF3072400,EFT-TENNCARE-20250616
MOCK_RAD_GROUP_DEMO_ONLY,2025-06-18,2025-06-18,ACH CREDIT PAYER REMIT EFT-MCARE-20250616,CREDIT,64.96,82774.77,REF2752146,EFT-MCARE-20250616
MOCK_RAD_GROUP_DEMO_ONLY,2025-06-18,2025-06-18,ACCOUNT ANALYSIS FEE,DEBIT,-166.24,82608.53,REF1174713,
MOCK_RAD_GROUP_DEMO_ONLY,2025-06-18,2025-06-18,BOOK TRANSFER TO OPERATING 8841,DEBIT,-4905.24,77703.29,REF6981527,
MOCK_RAD_GROUP_DEMO_ONLY,2025-06-18,2025-06-18,INTEREST CREDIT,CREDIT,29.18,77732.47,REF2035598,
MOCK_RAD_GROUP_DEMO_ONLY,2025-06-19,2025-06-19,ACH CREDIT PAYER REMIT EFT-CIGNA-20250616,CREDIT,84.09,77816.56,REF4551141,EFT-CIGNA-20250616
MOCK_RAD_GROUP_DEMO_ONLY,2025-06-20,2025-06-20,ACH CREDIT PAYER REMIT EFT-BCBSTN-20250616,CREDIT,47.59,77864.15,REF4948282,EFT-BCBSTN-20250616
MOCK_RAD_GROUP_DEMO_ONLY,2025-06-20,2025-06-20,ACH CREDIT PAYER REMIT EFT-SELFPAY-20250616,CREDIT,4.14,77868.29,REF5621602,EFT-SELFPAY-20250616
MOCK_RAD_GROUP_DEMO_ONLY,2025-06-21,2025-06-21,ACH CREDIT PAYER REMIT EFT-MCARE-20250616,CREDIT,6.48,77874.77,REF7502441,EFT-MCARE-20250616
MOCK_RAD_GROUP_DEMO_ONLY,2025-06-22,2025-06-22,ACH CREDIT PAYER REMIT EFT-MCARE-20250616,CREDIT,91.04,77965.81,REF4411873,EFT-MCARE-20250616
MOCK_RAD_GROUP_DEMO_ONLY,2025-06-23,2025-06-23,ACH CREDIT PAYER REMIT EFT-CIGNA-20250623,CREDIT,73.13,78038.94,REF8482174,EFT-CIGNA-20250623
MOCK_RAD_GROUP_DEMO_ONLY,2025-06-23,2025-06-23,ACH CREDIT PAYER REMIT EFT-MCARE-20250623,CREDIT,153.44,78192.38,REF8314633,EFT-MCARE-20250623
MOCK_RAD_GROUP_DEMO_ONLY,2025-06-23,2025-06-23,ACH CREDIT PAYER REMIT EFT-SELFPAY-20250623,CREDIT,8.09,78200.47,REF2595897,EFT-SELFPAY-20250623
MOCK_RAD_GROUP_DEMO_ONLY,2025-06-23,2025-06-23,ACH CREDIT PAYER REMIT EFT-TENNCARE-20250623,CREDIT,29.86,78230.33,REF2369113,EFT-TENNCARE-20250623
MOCK_RAD_GROUP_DEMO_ONLY,2025-06-25,2025-06-25,ACH CREDIT PAYER REMIT EFT-CIGNA-20250623,CREDIT,298.51,78528.84,REF5285412,EFT-CIGNA-20250623
MOCK_RAD_GROUP_DEMO_ONLY,2025-06-25,2025-06-25,ACH CREDIT PAYER REMIT EFT-UHC-20250623,CREDIT,200.2,78729.04,REF5484577,EFT-UHC-20250623
MOCK_RAD_GROUP_DEMO_ONLY,2025-06-26,2025-06-26,ACH CREDIT PAYER REMIT EFT-BCBSTN-20250623,CREDIT,148.4,78877.44,REF3149978,EFT-BCBSTN-20250623
MOCK_RAD_GROUP_DEMO_ONLY,2025-06-26,2025-06-26,ACH CREDIT PAYER REMIT EFT-MCARE-20250623,CREDIT,86.31,78963.75,REF1523356,EFT-MCARE-20250623
MOCK_RAD_GROUP_DEMO_ONLY,2025-06-26,2025-06-26,ACH CREDIT PAYER REMIT EFT-TENNCARE-20250623,CREDIT,22.62,78986.37,REF8160475,EFT-TENNCARE-20250623
MOCK_RAD_GROUP_DEMO_ONLY,2025-06-26,2025-06-26,ACH CREDIT PAYER REMIT EFT-UHC-20250623,CREDIT,119.49,79105.86,REF6617067,EFT-UHC-20250623
MOCK_RAD_GROUP_DEMO_ONLY,2025-06-27,2025-06-27,ACH CREDIT PAYER REMIT EFT-MCARE-20250623,CREDIT,133.39,79239.25,REF7165309,EFT-MCARE-20250623
MOCK_RAD_GROUP_DEMO_ONLY,2025-06-27,2025-06-27,ACH CREDIT PAYER REMIT EFT-UHC-20250623,CREDIT,164.02,79403.27,REF9852809,EFT-UHC-20250623
MOCK_RAD_GROUP_DEMO_ONLY,2025-06-28,2025-06-28,ACH CREDIT PAYER REMIT EFT-MCARE-20250623,CREDIT,51.99,79455.26,REF5692010,EFT-MCARE-20250623
MOCK_RAD_GROUP_DEMO_ONLY,2025-06-28,2025-06-28,ACH CREDIT PAYER REMIT EFT-UHC-20250623,CREDIT,253.93,79709.19,REF9814894,EFT-UHC-20250623
MOCK_RAD_GROUP_DEMO_ONLY,2025-06-29,2025-06-29,ACH CREDIT PAYER REMIT EFT-CIGNA-20250623,CREDIT,134.84,79844.03,REF3954921,EFT-CIGNA-20250623
MOCK_RAD_GROUP_DEMO_ONLY,2025-06-30,2025-06-30,ACH CREDIT PAYER REMIT EFT-TENNCARE-20250630,CREDIT,17.74,79861.77,REF2249298,EFT-TENNCARE-20250630
MOCK_RAD_GROUP_DEMO_ONLY,2025-06-30,2025-06-30,ACH CREDIT PAYER REMIT EFT-UHC-20250630,CREDIT,143.34,80005.11,REF3187853,EFT-UHC-20250630
MOCK_RAD_GROUP_DEMO_ONLY,2025-07-01,2025-07-01,ACH CREDIT PAYER REMIT EFT-BCBSTN-20250630,CREDIT,307.03,80312.14,REF4534422,EFT-BCBSTN-20250630
MOCK_RAD_GROUP_DEMO_ONLY,2025-07-02,2025-07-02,ACH CREDIT PAYER REMIT EFT-BCBSTN-20250630,CREDIT,119.7,80431.84,REF6957307,EFT-BCBSTN-20250630
MOCK_RAD_GROUP_DEMO_ONLY,2025-07-03,2025-07-03,ACH CREDIT PAYER REMIT EFT-TENNCARE-20250630,CREDIT,63.14,80494.98,REF9200295,EFT-TENNCARE-20250630
MOCK_RAD_GROUP_DEMO_ONLY,2025-07-03,2025-07-03,ACH CREDIT PAYER REMIT EFT-UHC-20250630,CREDIT,112.01,80606.99,REF9393022,EFT-UHC-20250630
MOCK_RAD_GROUP_DEMO_ONLY,2025-07-04,2025-07-04,ACH CREDIT PAYER REMIT EFT-MCARE-20250630,CREDIT,92.75,80699.74,REF6761344,EFT-MCARE-20250630
MOCK_RAD_GROUP_DEMO_ONLY,2025-07-04,2025-07-04,ACH CREDIT PAYER REMIT EFT-SELFPAY-20250630,CREDIT,5.9,80705.64,REF9624583,EFT-SELFPAY-20250630
MOCK_RAD_GROUP_DEMO_ONLY,2025-07-04,2025-07-04,ACH CREDIT PAYER REMIT EFT-UHC-20250630,CREDIT,111.62,80817.26,REF3762987,EFT-UHC-20250630
MOCK_RAD_GROUP_DEMO_ONLY,2025-07-05,2025-07-05,ACH CREDIT PAYER REMIT EFT-MCARE-20250630,CREDIT,5.36,80822.62,REF9926386,EFT-MCARE-20250630
MOCK_RAD_GROUP_DEMO_ONLY,2025-07-06,2025-07-06,ACH CREDIT PAYER REMIT EFT-CIGNA-20250630,CREDIT,65.59,80888.21,REF6613463,EFT-CIGNA-20250630
MOCK_RAD_GROUP_DEMO_ONLY,2025-07-06,2025-07-06,ACH CREDIT PAYER REMIT EFT-MCARE-20250630,CREDIT,97.57,80985.78,REF5887671,EFT-MCARE-20250630
MOCK_RAD_GROUP_DEMO_ONLY,2025-07-06,2025-07-06,ACH CREDIT PAYER REMIT EFT-TENNCARE-20250630,CREDIT,14.82,81000.6,REF1770716,EFT-TENNCARE-20250630
MOCK_RAD_GROUP_DEMO_ONLY,2025-07-06,2025-07-06,ACH CREDIT PAYER REMIT EFT-UHC-20250630,CREDIT,60.69,81061.29,REF9894057,EFT-UHC-20250630
MOCK_RAD_GROUP_DEMO_ONLY,2025-07-07,2025-07-07,ACH CREDIT PAYER REMIT EFT-BCBSTN-20250707,CREDIT,127.5,81188.79,REF4417596,EFT-BCBSTN-20250707
MOCK_RAD_GROUP_DEMO_ONLY,2025-07-07,2025-07-07,ACH CREDIT PAYER REMIT EFT-CIGNA-20250707,CREDIT,55.23,81244.02,REF4851545,EFT-CIGNA-20250707
MOCK_RAD_GROUP_DEMO_ONLY,2025-07-07,2025-07-07,ACH CREDIT PAYER REMIT EFT-TENNCARE-20250707,CREDIT,16.0,81260.02,REF1765168,EFT-TENNCARE-20250707
MOCK_RAD_GROUP_DEMO_ONLY,2025-07-07,2025-07-07,ACH CREDIT PAYER REMIT EFT-UHC-20250707,CREDIT,14.68,81274.7,REF9905423,EFT-UHC-20250707
MOCK_RAD_GROUP_DEMO_ONLY,2025-07-08,2025-07-08,ACH CREDIT PAYER REMIT EFT-BCBSTN-20250707,CREDIT,125.2,81399.9,REF3393947,EFT-BCBSTN-20250707
MOCK_RAD_GROUP_DEMO_ONLY,2025-07-08,2025-07-08,ACH CREDIT PAYER REMIT EFT-UHC-20250707,CREDIT,97.31,81497.21,REF6791756,EFT-UHC-20250707
MOCK_RAD_GROUP_DEMO_ONLY,2025-07-09,2025-07-09,ACH CREDIT PAYER REMIT EFT-BCBSTN-20250707,CREDIT,77.36,81574.57,REF5602030,EFT-BCBSTN-20250707
MOCK_RAD_GROUP_DEMO_ONLY,2025-07-09,2025-07-09,ACH CREDIT PAYER REMIT EFT-CIGNA-20250707,CREDIT,116.29,81690.86,REF9614492,EFT-CIGNA-20250707
MOCK_RAD_GROUP_DEMO_ONLY,2025-07-10,2025-07-10,ACH CREDIT PAYER REMIT EFT-CIGNA-20250707,CREDIT,202.23,81893.09,REF2270466,EFT-CIGNA-20250707
MOCK_RAD_GROUP_DEMO_ONLY,2025-07-10,2025-07-10,ACH CREDIT PAYER REMIT EFT-MCARE-20250707,CREDIT,24.2,81917.29,REF1612710,EFT-MCARE-20250707
MOCK_RAD_GROUP_DEMO_ONLY,2025-07-10,2025-07-10,ACH CREDIT PAYER REMIT EFT-UHC-20250707,CREDIT,82.78,82000.07,REF8261143,EFT-UHC-20250707
MOCK_RAD_GROUP_DEMO_ONLY,2025-07-11,2025-07-11,ACH CREDIT PAYER REMIT EFT-BCBSTN-20250707,CREDIT,198.76,82198.83,REF6994074,EFT-BCBSTN-20250707
MOCK_RAD_GROUP_DEMO_ONLY,2025-07-11,2025-07-11,ACH CREDIT PAYER REMIT EFT-CIGNA-20250707,CREDIT,113.39,82312.22,REF6184896,EFT-CIGNA-20250707
MOCK_RAD_GROUP_DEMO_ONLY,2025-07-11,2025-07-11,ACH CREDIT PAYER REMIT EFT-TENNCARE-20250707,CREDIT,33.63,82345.85,REF8669015,EFT-TENNCARE-20250707
MOCK_RAD_GROUP_DEMO_ONLY,2025-07-11,2025-07-11,ACH CREDIT PAYER REMIT EFT-UHC-20250707,CREDIT,95.92,82441.77,REF1782849,EFT-UHC-20250707
MOCK_RAD_GROUP_DEMO_ONLY,2025-07-12,2025-07-12,ACH CREDIT PAYER REMIT EFT-BCBSTN-20250707,CREDIT,130.57,82572.34,REF9631110,EFT-BCBSTN-20250707
MOCK_RAD_GROUP_DEMO_ONLY,2025-07-12,2025-07-12,ACH CREDIT PAYER REMIT EFT-TENNCARE-20250707,CREDIT,24.96,82597.3,REF9387075,EFT-TENNCARE-20250707
MOCK_RAD_GROUP_DEMO_ONLY,2025-07-12,2025-07-12,INTEREST CREDIT,CREDIT,39.32,82636.62,REF5159101,
MOCK_RAD_GROUP_DEMO_ONLY,2025-07-13,2025-07-13,ACH CREDIT PAYER REMIT EFT-BCBSTN-20250707,CREDIT,231.54,82868.16,REF8395790,EFT-BCBSTN-20250707
MOCK_RAD_GROUP_DEMO_ONLY,2025-07-13,2025-07-13,ACH CREDIT PAYER REMIT EFT-MCARE-20250707,CREDIT,31.7,82899.86,REF7990057,EFT-MCARE-20250707
MOCK_RAD_GROUP_DEMO_ONLY,2025-07-13,2025-07-13,ACH CREDIT PAYER REMIT EFT-TENNCARE-20250707,CREDIT,36.66,82936.52,REF5004532,EFT-TENNCARE-20250707
MOCK_RAD_GROUP_DEMO_ONLY,2025-07-13,2025-07-13,ACH CREDIT PAYER REMIT EFT-UHC-20250707,CREDIT,115.16,83051.68,REF2365031,EFT-UHC-20250707
MOCK_RAD_GROUP_DEMO_ONLY,2025-07-14,2025-07-14,ACH CREDIT PAYER REMIT EFT-MCARE-20250714,CREDIT,60.75,83112.43,REF2649525,EFT-MCARE-20250714
MOCK_RAD_GROUP_DEMO_ONLY,2025-07-14,2025-07-14,ACH CREDIT PAYER REMIT EFT-TENNCARE-20250714,CREDIT,23.19,83135.62,REF1719284,EFT-TENNCARE-20250714
MOCK_RAD_GROUP_DEMO_ONLY,2025-07-14,2025-07-14,ACH CREDIT PAYER REMIT EFT-UHC-20250714,CREDIT,42.54,83178.16,REF7036525,EFT-UHC-20250714
MOCK_RAD_GROUP_DEMO_ONLY,2025-07-15,2025-07-15,ACH CREDIT PAYER REMIT EFT-MCARE-20250714,CREDIT,66.73,83244.89,REF7394465,EFT-MCARE-20250714
MOCK_RAD_GROUP_DEMO_ONLY,2025-07-15,2025-07-15,ACH CREDIT PAYER REMIT EFT-TENNCARE-20250714,CREDIT,19.35,83264.24,REF5460003,EFT-TENNCARE-20250714
MOCK_RAD_GROUP_DEMO_ONLY,2025-07-16,2025-07-16,ACH CREDIT PAYER REMIT EFT-BCBSTN-20250714,CREDIT,111.7,83375.94,REF5760356,EFT-BCBSTN-20250714
MOCK_RAD_GROUP_DEMO_ONLY,2025-07-16,2025-07-16,ACH CREDIT PAYER REMIT EFT-MCARE-20250714,CREDIT,120.12,83496.06,REF9258393,EFT-MCARE-20250714
MOCK_RAD_GROUP_DEMO_ONLY,2025-07-16,2025-07-16,ACH CREDIT PAYER REMIT EFT-UHC-20250714,CREDIT,15.84,83511.9,REF9212430,EFT-UHC-20250714
MOCK_RAD_GROUP_DEMO_ONLY,2025-07-17,2025-07-17,ACH CREDIT PAYER REMIT EFT-BCBSTN-20250714,CREDIT,142.39,83654.29,REF7255039,EFT-BCBSTN-20250714
MOCK_RAD_GROUP_DEMO_ONLY,2025-07-17,2025-07-17,ACH CREDIT PAYER REMIT EFT-UHC-20250714,CREDIT,47.38,83701.67,REF5464864,EFT-UHC-20250714
MOCK_RAD_GROUP_DEMO_ONLY,2025-07-18,2025-07-18,ACCOUNT ANALYSIS FEE,DEBIT,-159.92,83541.75,REF7722656,
MOCK_RAD_GROUP_DEMO_ONLY,2025-07-18,2025-07-18,BOOK TRANSFER TO OPERATING 8841,DEBIT,-4497.72,79044.03,REF9881566,
MOCK_RAD_GROUP_DEMO_ONLY,2025-07-19,2025-07-19,ACH CREDIT PAYER REMIT EFT-MCARE-20250714,CREDIT,122.08,79166.11,REF6968753,EFT-MCARE-20250714
MOCK_RAD_GROUP_DEMO_ONLY,2025-07-19,2025-07-19,ACH CREDIT PAYER REMIT EFT-SELFPAY-20250714,CREDIT,6.32,79172.43,REF7156935,EFT-SELFPAY-20250714
MOCK_RAD_GROUP_DEMO_ONLY,2025-07-19,2025-07-19,ACH CREDIT PAYER REMIT EFT-UHC-20250714,CREDIT,164.89,79337.32,REF4968990,EFT-UHC-20250714
MOCK_RAD_GROUP_DEMO_ONLY,2025-07-20,2025-07-20,ACH CREDIT PAYER REMIT EFT-BCBSTN-20250714,CREDIT,177.45,79514.77,REF3492230,EFT-BCBSTN-20250714
MOCK_RAD_GROUP_DEMO_ONLY,2025-07-20,2025-07-20,ACH CREDIT PAYER REMIT EFT-CIGNA-20250714,CREDIT,111.24,79626.01,REF4713408,EFT-CIGNA-20250714
MOCK_RAD_GROUP_DEMO_ONLY,2025-07-21,2025-07-21,ACH CREDIT PAYER REMIT EFT-UHC-20250721,CREDIT,68.03,79694.04,REF2401496,EFT-UHC-20250721
MOCK_RAD_GROUP_DEMO_ONLY,2025-07-22,2025-07-22,ACH CREDIT PAYER REMIT EFT-BCBSTN-20250721,CREDIT,21.04,79715.08,REF4374700,EFT-BCBSTN-20250721
MOCK_RAD_GROUP_DEMO_ONLY,2025-07-22,2025-07-22,ACH CREDIT PAYER REMIT EFT-CIGNA-20250721,CREDIT,214.37,79929.45,REF2992605,EFT-CIGNA-20250721
MOCK_RAD_GROUP_DEMO_ONLY,2025-07-22,2025-07-22,ACH CREDIT PAYER REMIT EFT-MCARE-20250721,CREDIT,8.78,79938.23,REF1678114,EFT-MCARE-20250721
MOCK_RAD_GROUP_DEMO_ONLY,2025-07-22,2025-07-22,ACH CREDIT PAYER REMIT EFT-TENNCARE-20250721,CREDIT,23.72,79961.95,REF9176325,EFT-TENNCARE-20250721
MOCK_RAD_GROUP_DEMO_ONLY,2025-07-23,2025-07-23,ACH CREDIT PAYER REMIT EFT-CIGNA-20250721,CREDIT,132.52,80094.47,REF6102665,EFT-CIGNA-20250721
MOCK_RAD_GROUP_DEMO_ONLY,2025-07-23,2025-07-23,ACH CREDIT PAYER REMIT EFT-SELFPAY-20250721,CREDIT,10.19,80104.66,REF2248348,EFT-SELFPAY-20250721
MOCK_RAD_GROUP_DEMO_ONLY,2025-07-23,2025-07-23,ACH CREDIT PAYER REMIT EFT-TENNCARE-20250721,CREDIT,9.81,80114.47,REF1210102,EFT-TENNCARE-20250721
MOCK_RAD_GROUP_DEMO_ONLY,2025-07-24,2025-07-24,ACH CREDIT PAYER REMIT EFT-CIGNA-20250721,CREDIT,18.47,80132.94,REF7697392,EFT-CIGNA-20250721
MOCK_RAD_GROUP_DEMO_ONLY,2025-07-24,2025-07-24,ACH CREDIT PAYER REMIT EFT-UHC-20250721,CREDIT,76.94,80209.88,REF5279372,EFT-UHC-20250721
MOCK_RAD_GROUP_DEMO_ONLY,2025-07-25,2025-07-25,ACH CREDIT PAYER REMIT EFT-BCBSTN-20250721,CREDIT,23.25,80233.13,REF1303665,EFT-BCBSTN-20250721
MOCK_RAD_GROUP_DEMO_ONLY,2025-07-25,2025-07-25,ACH CREDIT PAYER REMIT EFT-UHC-20250721,CREDIT,87.15,80320.28,REF3384774,EFT-UHC-20250721
MOCK_RAD_GROUP_DEMO_ONLY,2025-07-26,2025-07-26,ACH CREDIT PAYER REMIT EFT-UHC-20250721,CREDIT,171.55,80491.83,REF9255285,EFT-UHC-20250721
MOCK_RAD_GROUP_DEMO_ONLY,2025-07-27,2025-07-27,ACH CREDIT PAYER REMIT EFT-BCBSTN-20250721,CREDIT,230.02,80721.85,REF6631294,EFT-BCBSTN-20250721
MOCK_RAD_GROUP_DEMO_ONLY,2025-07-27,2025-07-27,ACH CREDIT PAYER REMIT EFT-CIGNA-20250721,CREDIT,78.97,80800.82,REF6610254,EFT-CIGNA-20250721
MOCK_RAD_GROUP_DEMO_ONLY,2025-07-27,2025-07-27,ACH CREDIT PAYER REMIT EFT-MCARE-20250721,CREDIT,72.11,80872.93,REF7431255,EFT-MCARE-20250721
MOCK_RAD_GROUP_DEMO_ONLY,2025-07-28,2025-07-28,ACH CREDIT PAYER REMIT EFT-MCARE-20250728,CREDIT,5.71,80878.64,REF3579738,EFT-MCARE-20250728
MOCK_RAD_GROUP_DEMO_ONLY,2025-07-28,2025-07-28,ACH CREDIT PAYER REMIT EFT-TENNCARE-20250728,CREDIT,40.51,80919.15,REF6436280,EFT-TENNCARE-20250728
MOCK_RAD_GROUP_DEMO_ONLY,2025-07-28,2025-07-28,ACH CREDIT PAYER REMIT EFT-UHC-20250728,CREDIT,91.4,81010.55,REF5463173,EFT-UHC-20250728
MOCK_RAD_GROUP_DEMO_ONLY,2025-07-29,2025-07-29,ACH CREDIT PAYER REMIT EFT-BCBSTN-20250728,CREDIT,116.32,81126.87,REF7819207,EFT-BCBSTN-20250728
MOCK_RAD_GROUP_DEMO_ONLY,2025-07-29,2025-07-29,ACH CREDIT PAYER REMIT EFT-TENNCARE-20250728,CREDIT,34.05,81160.92,REF3586646,EFT-TENNCARE-20250728
MOCK_RAD_GROUP_DEMO_ONLY,2025-07-30,2025-07-30,ACH CREDIT PAYER REMIT EFT-CIGNA-20250728,CREDIT,231.7,81392.62,REF2926420,EFT-CIGNA-20250728
MOCK_RAD_GROUP_DEMO_ONLY,2025-07-30,2025-07-30,ACH CREDIT PAYER REMIT EFT-MCARE-20250728,CREDIT,114.77,81507.39,REF8528948,EFT-MCARE-20250728
MOCK_RAD_GROUP_DEMO_ONLY,2025-07-30,2025-07-30,ACH CREDIT PAYER REMIT EFT-UHC-20250728,CREDIT,144.11,81651.5,REF3331102,EFT-UHC-20250728
MOCK_RAD_GROUP_DEMO_ONLY,2025-07-31,2025-07-31,ACH CREDIT PAYER REMIT EFT-MCARE-20250728,CREDIT,28.33,81679.83,REF7130033,EFT-MCARE-20250728
MOCK_RAD_GROUP_DEMO_ONLY,2025-07-31,2025-07-31,ACH CREDIT PAYER REMIT EFT-TENNCARE-20250728,CREDIT,16.5,81696.33,REF7796852,EFT-TENNCARE-20250728
MOCK_RAD_GROUP_DEMO_ONLY,2025-07-31,2025-07-31,ACH CREDIT PAYER REMIT EFT-UHC-20250728,CREDIT,115.77,81812.1,REF3655542,EFT-UHC-20250728
MOCK_RAD_GROUP_DEMO_ONLY,2025-08-01,2025-08-01,ACH CREDIT PAYER REMIT EFT-BCBSTN-20250728,CREDIT,199.88,82011.98,REF4169783,EFT-BCBSTN-20250728
MOCK_RAD_GROUP_DEMO_ONLY,2025-08-01,2025-08-01,ACH CREDIT PAYER REMIT EFT-MCARE-20250728,CREDIT,29.08,82041.06,REF8871576,EFT-MCARE-20250728
MOCK_RAD_GROUP_DEMO_ONLY,2025-08-02,2025-08-02,ACH CREDIT PAYER REMIT EFT-BCBSTN-20250728,CREDIT,15.63,82056.69,REF1182480,EFT-BCBSTN-20250728
MOCK_RAD_GROUP_DEMO_ONLY,2025-08-02,2025-08-02,ACH CREDIT PAYER REMIT EFT-MCARE-20250728,CREDIT,42.14,82098.83,REF3386302,EFT-MCARE-20250728
MOCK_RAD_GROUP_DEMO_ONLY,2025-08-02,2025-08-02,ACH CREDIT PAYER REMIT EFT-TENNCARE-20250728,CREDIT,20.66,82119.49,REF6951917,EFT-TENNCARE-20250728
MOCK_RAD_GROUP_DEMO_ONLY,2025-08-02,2025-08-02,ACH CREDIT PAYER REMIT EFT-UHC-20250728,CREDIT,60.9,82180.39,REF9234954,EFT-UHC-20250728
MOCK_RAD_GROUP_DEMO_ONLY,2025-08-03,2025-08-03,ACH CREDIT PAYER REMIT EFT-CIGNA-20250728,CREDIT,122.66,82303.05,REF3860860,EFT-CIGNA-20250728
MOCK_RAD_GROUP_DEMO_ONLY,2025-08-03,2025-08-03,ACH CREDIT PAYER REMIT EFT-MCARE-20250728,CREDIT,7.13,82310.18,REF9302220,EFT-MCARE-20250728
MOCK_RAD_GROUP_DEMO_ONLY,2025-08-04,2025-08-04,ACH CREDIT PAYER REMIT EFT-BCBSTN-20250804,CREDIT,211.13,82521.31,REF6501105,EFT-BCBSTN-20250804
MOCK_RAD_GROUP_DEMO_ONLY,2025-08-04,2025-08-04,ACH CREDIT PAYER REMIT EFT-CIGNA-20250804,CREDIT,173.3,82694.61,REF7069467,EFT-CIGNA-20250804
MOCK_RAD_GROUP_DEMO_ONLY,2025-08-05,2025-08-05,ACH CREDIT PAYER REMIT EFT-CIGNA-20250804,CREDIT,20.72,82715.33,REF2363716,EFT-CIGNA-20250804
MOCK_RAD_GROUP_DEMO_ONLY,2025-08-05,2025-08-05,ACH CREDIT PAYER REMIT EFT-TENNCARE-20250804,CREDIT,45.25,82760.58,REF2872755,EFT-TENNCARE-20250804
MOCK_RAD_GROUP_DEMO_ONLY,2025-08-05,2025-08-05,ACH CREDIT PAYER REMIT EFT-UHC-20250804,CREDIT,205.66,82966.24,REF7919144,EFT-UHC-20250804
MOCK_RAD_GROUP_DEMO_ONLY,2025-08-06,2025-08-06,ACH CREDIT PAYER REMIT EFT-SELFPAY-20250804,CREDIT,5.12,82971.36,REF7024858,EFT-SELFPAY-20250804
MOCK_RAD_GROUP_DEMO_ONLY,2025-08-06,2025-08-06,ACH CREDIT PAYER REMIT EFT-UHC-20250804,CREDIT,220.98,83192.34,REF8912240,EFT-UHC-20250804
MOCK_RAD_GROUP_DEMO_ONLY,2025-08-07,2025-08-07,ACH CREDIT PAYER REMIT EFT-MCARE-20250804,CREDIT,127.24,83319.58,REF1577005,EFT-MCARE-20250804
MOCK_RAD_GROUP_DEMO_ONLY,2025-08-08,2025-08-08,ACH CREDIT PAYER REMIT EFT-BCBSTN-20250804,CREDIT,66.02,83385.6,REF5204620,EFT-BCBSTN-20250804
MOCK_RAD_GROUP_DEMO_ONLY,2025-08-08,2025-08-08,ACH CREDIT PAYER REMIT EFT-MCARE-20250804,CREDIT,7.73,83393.33,REF3063686,EFT-MCARE-20250804
MOCK_RAD_GROUP_DEMO_ONLY,2025-08-08,2025-08-08,ACH CREDIT PAYER REMIT EFT-TENNCARE-20250804,CREDIT,40.47,83433.8,REF6267154,EFT-TENNCARE-20250804
MOCK_RAD_GROUP_DEMO_ONLY,2025-08-08,2025-08-08,ACH CREDIT PAYER REMIT EFT-UHC-20250804,CREDIT,54.05,83487.85,REF7307846,EFT-UHC-20250804
MOCK_RAD_GROUP_DEMO_ONLY,2025-08-09,2025-08-09,ACH CREDIT PAYER REMIT EFT-BCBSTN-20250804,CREDIT,114.56,83602.41,REF9842535,EFT-BCBSTN-20250804
MOCK_RAD_GROUP_DEMO_ONLY,2025-08-09,2025-08-09,ACH CREDIT PAYER REMIT EFT-MCARE-20250804,CREDIT,41.07,83643.48,REF7812563,EFT-MCARE-20250804
MOCK_RAD_GROUP_DEMO_ONLY,2025-08-09,2025-08-09,ACH CREDIT PAYER REMIT EFT-TENNCARE-20250804,CREDIT,14.58,83658.06,REF1541806,EFT-TENNCARE-20250804
MOCK_RAD_GROUP_DEMO_ONLY,2025-08-10,2025-08-10,ACH CREDIT PAYER REMIT EFT-BCBSTN-20250804,CREDIT,101.42,83759.48,REF4530401,EFT-BCBSTN-20250804
MOCK_RAD_GROUP_DEMO_ONLY,2025-08-10,2025-08-10,ACH CREDIT PAYER REMIT EFT-UHC-20250804,CREDIT,124.23,83883.71,REF1980178,EFT-UHC-20250804
MOCK_RAD_GROUP_DEMO_ONLY,2025-08-11,2025-08-11,ACH CREDIT PAYER REMIT EFT-BCBSTN-20250811,CREDIT,183.47,84067.18,REF5325708,EFT-BCBSTN-20250811
MOCK_RAD_GROUP_DEMO_ONLY,2025-08-11,2025-08-11,ACH CREDIT PAYER REMIT EFT-TENNCARE-20250811,CREDIT,12.3,84079.48,REF7651810,EFT-TENNCARE-20250811
MOCK_RAD_GROUP_DEMO_ONLY,2025-08-12,2025-08-12,ACH CREDIT PAYER REMIT EFT-BCBSTN-20250811,CREDIT,71.72,84151.2,REF8594996,EFT-BCBSTN-20250811
MOCK_RAD_GROUP_DEMO_ONLY,2025-08-12,2025-08-12,ACH CREDIT PAYER REMIT EFT-CIGNA-20250811,CREDIT,64.77,84215.97,REF7819799,EFT-CIGNA-20250811
MOCK_RAD_GROUP_DEMO_ONLY,2025-08-12,2025-08-12,ACH CREDIT PAYER REMIT EFT-TENNCARE-20250811,CREDIT,28.11,84244.08,REF2563678,EFT-TENNCARE-20250811
MOCK_RAD_GROUP_DEMO_ONLY,2025-08-12,2025-08-12,ACH CREDIT PAYER REMIT EFT-UHC-20250811,CREDIT,142.67,84386.75,REF4458783,EFT-UHC-20250811
MOCK_RAD_GROUP_DEMO_ONLY,2025-08-13,2025-08-13,ACH CREDIT PAYER REMIT EFT-BCBSTN-20250811,CREDIT,181.89,84568.64,REF3879060,EFT-BCBSTN-20250811
MOCK_RAD_GROUP_DEMO_ONLY,2025-08-13,2025-08-13,INTEREST CREDIT,CREDIT,27.26,84595.9,REF6280621,
MOCK_RAD_GROUP_DEMO_ONLY,2025-08-14,2025-08-14,ACH CREDIT PAYER REMIT EFT-BCBSTN-20250811,CREDIT,232.32,84828.22,REF4360159,EFT-BCBSTN-20250811
MOCK_RAD_GROUP_DEMO_ONLY,2025-08-14,2025-08-14,ACH CREDIT PAYER REMIT EFT-MCARE-20250811,CREDIT,91.4,84919.62,REF8424360,EFT-MCARE-20250811
MOCK_RAD_GROUP_DEMO_ONLY,2025-08-14,2025-08-14,ACH CREDIT PAYER REMIT EFT-TENNCARE-20250811,CREDIT,23.83,84943.45,REF7261922,EFT-TENNCARE-20250811
MOCK_RAD_GROUP_DEMO_ONLY,2025-08-15,2025-08-15,ACH CREDIT PAYER REMIT EFT-CIGNA-20250811,CREDIT,83.03,85026.48,REF6056975,EFT-CIGNA-20250811
MOCK_RAD_GROUP_DEMO_ONLY,2025-08-15,2025-08-15,ACH CREDIT PAYER REMIT EFT-MCARE-20250811,CREDIT,94.9,85121.38,REF6978602,EFT-MCARE-20250811
MOCK_RAD_GROUP_DEMO_ONLY,2025-08-16,2025-08-16,ACH CREDIT PAYER REMIT EFT-UHC-20250811,CREDIT,56.54,85177.92,REF8743283,EFT-UHC-20250811
MOCK_RAD_GROUP_DEMO_ONLY,2025-08-17,2025-08-17,ACH CREDIT PAYER REMIT EFT-SELFPAY-20250811,CREDIT,1.3,85179.22,REF4094854,EFT-SELFPAY-20250811
MOCK_RAD_GROUP_DEMO_ONLY,2025-08-18,2025-08-18,ACH CREDIT PAYER REMIT EFT-BCBSTN-20250818,CREDIT,91.52,85270.74,REF6720228,EFT-BCBSTN-20250818
MOCK_RAD_GROUP_DEMO_ONLY,2025-08-18,2025-08-18,ACH CREDIT PAYER REMIT EFT-UHC-20250818,CREDIT,16.87,85287.61,REF2791788,EFT-UHC-20250818
MOCK_RAD_GROUP_DEMO_ONLY,2025-08-18,2025-08-18,ACCOUNT ANALYSIS FEE,DEBIT,-107.22,85180.39,REF6269269,
MOCK_RAD_GROUP_DEMO_ONLY,2025-08-18,2025-08-18,BOOK TRANSFER TO OPERATING 8841,DEBIT,-4668.69,80511.7,REF7583977,
MOCK_RAD_GROUP_DEMO_ONLY,2025-08-19,2025-08-19,ACH CREDIT PAYER REMIT EFT-BCBSTN-20250818,CREDIT,64.48,80576.18,REF3547785,EFT-BCBSTN-20250818
MOCK_RAD_GROUP_DEMO_ONLY,2025-08-19,2025-08-19,ACH CREDIT PAYER REMIT EFT-CIGNA-20250818,CREDIT,12.67,80588.85,REF4672888,EFT-CIGNA-20250818
MOCK_RAD_GROUP_DEMO_ONLY,2025-08-19,2025-08-19,ACH CREDIT PAYER REMIT EFT-MCARE-20250818,CREDIT,158.75,80747.6,REF1500742,EFT-MCARE-20250818
MOCK_RAD_GROUP_DEMO_ONLY,2025-08-19,2025-08-19,ACH CREDIT PAYER REMIT EFT-TENNCARE-20250818,CREDIT,15.94,80763.54,REF2134222,EFT-TENNCARE-20250818
MOCK_RAD_GROUP_DEMO_ONLY,2025-08-20,2025-08-20,ACH CREDIT PAYER REMIT EFT-CIGNA-20250818,CREDIT,17.35,80780.89,REF9991431,EFT-CIGNA-20250818
MOCK_RAD_GROUP_DEMO_ONLY,2025-08-20,2025-08-20,ACH CREDIT PAYER REMIT EFT-SELFPAY-20250818,CREDIT,10.65,80791.54,REF4767803,EFT-SELFPAY-20250818
MOCK_RAD_GROUP_DEMO_ONLY,2025-08-20,2025-08-20,ACH CREDIT PAYER REMIT EFT-TENNCARE-20250818,CREDIT,14.08,80805.62,REF2757847,EFT-TENNCARE-20250818
MOCK_RAD_GROUP_DEMO_ONLY,2025-08-22,2025-08-22,ACH CREDIT PAYER REMIT EFT-BCBSTN-20250818,CREDIT,217.76,81023.38,REF2607807,EFT-BCBSTN-20250818
MOCK_RAD_GROUP_DEMO_ONLY,2025-08-22,2025-08-22,ACH CREDIT PAYER REMIT EFT-CIGNA-20250818,CREDIT,55.42,81078.8,REF5652572,EFT-CIGNA-20250818
MOCK_RAD_GROUP_DEMO_ONLY,2025-08-22,2025-08-22,ACH CREDIT PAYER REMIT EFT-MCARE-20250818,CREDIT,84.22,81163.02,REF5401080,EFT-MCARE-20250818
MOCK_RAD_GROUP_DEMO_ONLY,2025-08-23,2025-08-23,ACH CREDIT PAYER REMIT EFT-MCARE-20250818,CREDIT,197.93,81360.95,REF5059618,EFT-MCARE-20250818
MOCK_RAD_GROUP_DEMO_ONLY,2025-08-23,2025-08-23,ACH CREDIT PAYER REMIT EFT-UHC-20250818,CREDIT,242.54,81603.49,REF8490973,EFT-UHC-20250818
MOCK_RAD_GROUP_DEMO_ONLY,2025-08-24,2025-08-24,ACH CREDIT PAYER REMIT EFT-BCBSTN-20250818,CREDIT,170.74,81774.23,REF7947734,EFT-BCBSTN-20250818
MOCK_RAD_GROUP_DEMO_ONLY,2025-08-24,2025-08-24,ACH CREDIT PAYER REMIT EFT-MCARE-20250818,CREDIT,31.43,81805.66,REF8428849,EFT-MCARE-20250818
MOCK_RAD_GROUP_DEMO_ONLY,2025-08-24,2025-08-24,ACH CREDIT PAYER REMIT EFT-UHC-20250818,CREDIT,13.44,81819.1,REF2173651,EFT-UHC-20250818
MOCK_RAD_GROUP_DEMO_ONLY,2025-08-25,2025-08-25,ACH CREDIT PAYER REMIT EFT-BCBSTN-20250825,CREDIT,219.19,82038.29,REF8235611,EFT-BCBSTN-20250825
MOCK_RAD_GROUP_DEMO_ONLY,2025-08-25,2025-08-25,ACH CREDIT PAYER REMIT EFT-MCARE-20250825,CREDIT,24.34,82062.63,REF8941110,EFT-MCARE-20250825
MOCK_RAD_GROUP_DEMO_ONLY,2025-08-25,2025-08-25,ACH CREDIT PAYER REMIT EFT-TENNCARE-20250825,CREDIT,32.43,82095.06,REF5364050,EFT-TENNCARE-20250825
MOCK_RAD_GROUP_DEMO_ONLY,2025-08-25,2025-08-25,ACH CREDIT PAYER REMIT EFT-UHC-20250825,CREDIT,49.45,82144.51,REF2973420,EFT-UHC-20250825
MOCK_RAD_GROUP_DEMO_ONLY,2025-08-26,2025-08-26,ACH CREDIT PAYER REMIT EFT-BCBSTN-20250825,CREDIT,117.1,82261.61,REF2439191,EFT-BCBSTN-20250825
MOCK_RAD_GROUP_DEMO_ONLY,2025-08-26,2025-08-26,ACH CREDIT PAYER REMIT EFT-MCARE-20250825,CREDIT,6.04,82267.65,REF9623048,EFT-MCARE-20250825
MOCK_RAD_GROUP_DEMO_ONLY,2025-08-26,2025-08-26,ACH CREDIT PAYER REMIT EFT-TENNCARE-20250825,CREDIT,3.12,82270.77,REF7675016,EFT-TENNCARE-20250825
MOCK_RAD_GROUP_DEMO_ONLY,2025-08-26,2025-08-26,ACH CREDIT PAYER REMIT EFT-UHC-20250825,CREDIT,173.57,82444.34,REF5383517,EFT-UHC-20250825
MOCK_RAD_GROUP_DEMO_ONLY,2025-08-27,2025-08-27,ACH CREDIT PAYER REMIT EFT-CIGNA-20250825,CREDIT,168.87,82613.21,REF3115481,EFT-CIGNA-20250825
MOCK_RAD_GROUP_DEMO_ONLY,2025-08-28,2025-08-28,ACH CREDIT PAYER REMIT EFT-BCBSTN-20250825,CREDIT,424.89,83038.1,REF9306641,EFT-BCBSTN-20250825
MOCK_RAD_GROUP_DEMO_ONLY,2025-08-28,2025-08-28,ACH CREDIT PAYER REMIT EFT-CIGNA-20250825,CREDIT,114.64,83152.74,REF9212317,EFT-CIGNA-20250825
MOCK_RAD_GROUP_DEMO_ONLY,2025-08-28,2025-08-28,ACH CREDIT PAYER REMIT EFT-MCARE-20250825,CREDIT,32.27,83185.01,REF5667121,EFT-MCARE-20250825
MOCK_RAD_GROUP_DEMO_ONLY,2025-08-29,2025-08-29,ACH CREDIT PAYER REMIT EFT-BCBSTN-20250825,CREDIT,239.31,83424.32,REF8721656,EFT-BCBSTN-20250825
MOCK_RAD_GROUP_DEMO_ONLY,2025-08-30,2025-08-30,ACH CREDIT PAYER REMIT EFT-BCBSTN-20250825,CREDIT,66.63,83490.95,REF4640999,EFT-BCBSTN-20250825
MOCK_RAD_GROUP_DEMO_ONLY,2025-08-30,2025-08-30,ACH CREDIT PAYER REMIT EFT-CIGNA-20250825,CREDIT,52.19,83543.14,REF3336962,EFT-CIGNA-20250825
MOCK_RAD_GROUP_DEMO_ONLY,2025-08-30,2025-08-30,ACH CREDIT PAYER REMIT EFT-MCARE-20250825,CREDIT,6.21,83549.35,REF8631865,EFT-MCARE-20250825
MOCK_RAD_GROUP_DEMO_ONLY,2025-08-30,2025-08-30,ACH CREDIT PAYER REMIT EFT-SELFPAY-20250825,CREDIT,1.43,83550.78,REF1612101,EFT-SELFPAY-20250825
MOCK_RAD_GROUP_DEMO_ONLY,2025-08-31,2025-08-31,ACH CREDIT PAYER REMIT EFT-CIGNA-20250825,CREDIT,74.81,83625.59,REF8114508,EFT-CIGNA-20250825
MOCK_RAD_GROUP_DEMO_ONLY,2025-08-31,2025-08-31,ACH CREDIT PAYER REMIT EFT-MCARE-20250825,CREDIT,48.61,83674.2,REF8926780,EFT-MCARE-20250825
MOCK_RAD_GROUP_DEMO_ONLY,2025-08-31,2025-08-31,ACH CREDIT PAYER REMIT EFT-UHC-20250825,CREDIT,58.81,83733.01,REF5140623,EFT-UHC-20250825
MOCK_RAD_GROUP_DEMO_ONLY,2025-09-01,2025-09-01,ACH CREDIT PAYER REMIT EFT-MCARE-20250901,CREDIT,27.0,83760.01,REF1711457,EFT-MCARE-20250901
MOCK_RAD_GROUP_DEMO_ONLY,2025-09-01,2025-09-01,ACH CREDIT PAYER REMIT EFT-UHC-20250901,CREDIT,117.5,83877.51,REF5476374,EFT-UHC-20250901
MOCK_RAD_GROUP_DEMO_ONLY,2025-09-02,2025-09-02,ACH CREDIT PAYER REMIT EFT-BCBSTN-20250901,CREDIT,236.84,84114.35,REF8393085,EFT-BCBSTN-20250901
MOCK_RAD_GROUP_DEMO_ONLY,2025-09-02,2025-09-02,ACH CREDIT PAYER REMIT EFT-CIGNA-20250901,CREDIT,169.46,84283.81,REF9462618,EFT-CIGNA-20250901
MOCK_RAD_GROUP_DEMO_ONLY,2025-09-03,2025-09-03,ACH CREDIT PAYER REMIT EFT-BCBSTN-20250901,CREDIT,82.28,84366.09,REF9273896,EFT-BCBSTN-20250901
MOCK_RAD_GROUP_DEMO_ONLY,2025-09-03,2025-09-03,ACH CREDIT PAYER REMIT EFT-CIGNA-20250901,CREDIT,129.9,84495.99,REF5789990,EFT-CIGNA-20250901
MOCK_RAD_GROUP_DEMO_ONLY,2025-09-04,2025-09-04,ACH CREDIT PAYER REMIT EFT-BCBSTN-20250901,CREDIT,62.43,84558.42,REF5875294,EFT-BCBSTN-20250901
MOCK_RAD_GROUP_DEMO_ONLY,2025-09-04,2025-09-04,ACH CREDIT PAYER REMIT EFT-MCARE-20250901,CREDIT,40.91,84599.33,REF6678185,EFT-MCARE-20250901
MOCK_RAD_GROUP_DEMO_ONLY,2025-09-04,2025-09-04,ACH CREDIT PAYER REMIT EFT-SELFPAY-20250901,CREDIT,3.07,84602.4,REF1389421,EFT-SELFPAY-20250901
MOCK_RAD_GROUP_DEMO_ONLY,2025-09-04,2025-09-04,ACH CREDIT PAYER REMIT EFT-TENNCARE-20250901,CREDIT,56.78,84659.18,REF7307279,EFT-TENNCARE-20250901
MOCK_RAD_GROUP_DEMO_ONLY,2025-09-04,2025-09-04,ACH CREDIT PAYER REMIT EFT-UHC-20250901,CREDIT,58.08,84717.26,REF9602396,EFT-UHC-20250901
MOCK_RAD_GROUP_DEMO_ONLY,2025-09-06,2025-09-06,ACH CREDIT PAYER REMIT EFT-BCBSTN-20250901,CREDIT,175.08,84892.34,REF2402924,EFT-BCBSTN-20250901
MOCK_RAD_GROUP_DEMO_ONLY,2025-09-06,2025-09-06,ACH CREDIT PAYER REMIT EFT-CIGNA-20250901,CREDIT,60.92,84953.26,REF5845676,EFT-CIGNA-20250901
MOCK_RAD_GROUP_DEMO_ONLY,2025-09-06,2025-09-06,ACH CREDIT PAYER REMIT EFT-MCARE-20250901,CREDIT,73.65,85026.91,REF7042043,EFT-MCARE-20250901
MOCK_RAD_GROUP_DEMO_ONLY,2025-09-06,2025-09-06,ACH CREDIT PAYER REMIT EFT-TENNCARE-20250901,CREDIT,12.75,85039.66,REF7821188,EFT-TENNCARE-20250901
MOCK_RAD_GROUP_DEMO_ONLY,2025-09-07,2025-09-07,ACH CREDIT PAYER REMIT EFT-BCBSTN-20250901,CREDIT,103.36,85143.02,REF2614503,EFT-BCBSTN-20250901
MOCK_RAD_GROUP_DEMO_ONLY,2025-09-07,2025-09-07,ACH CREDIT PAYER REMIT EFT-CIGNA-20250901,CREDIT,295.65,85438.67,REF9460019,EFT-CIGNA-20250901
MOCK_RAD_GROUP_DEMO_ONLY,2025-09-07,2025-09-07,ACH CREDIT PAYER REMIT EFT-TENNCARE-20250901,CREDIT,3.25,85441.92,REF6577129,EFT-TENNCARE-20250901
MOCK_RAD_GROUP_DEMO_ONLY,2025-09-08,2025-09-08,ACH CREDIT PAYER REMIT EFT-BCBSTN-20250908,CREDIT,186.28,85628.2,REF9027535,EFT-BCBSTN-20250908
MOCK_RAD_GROUP_DEMO_ONLY,2025-09-08,2025-09-08,ACH CREDIT PAYER REMIT EFT-CIGNA-20250908,CREDIT,284.2,85912.4,REF7971717,EFT-CIGNA-20250908
MOCK_RAD_GROUP_DEMO_ONLY,2025-09-08,2025-09-08,ACH CREDIT PAYER REMIT EFT-MCARE-20250908,CREDIT,111.66,86024.06,REF9869267,EFT-MCARE-20250908
MOCK_RAD_GROUP_DEMO_ONLY,2025-09-09,2025-09-09,ACH CREDIT PAYER REMIT EFT-CIGNA-20250908,CREDIT,78.29,86102.35,REF3936499,EFT-CIGNA-20250908
MOCK_RAD_GROUP_DEMO_ONLY,2025-09-09,2025-09-09,ACH CREDIT PAYER REMIT EFT-MCARE-20250908,CREDIT,89.56,86191.91,REF2718420,EFT-MCARE-20250908
MOCK_RAD_GROUP_DEMO_ONLY,2025-09-09,2025-09-09,ACH CREDIT PAYER REMIT EFT-SELFPAY-20250908,CREDIT,16.75,86208.66,REF7802063,EFT-SELFPAY-20250908
MOCK_RAD_GROUP_DEMO_ONLY,2025-09-09,2025-09-09,ACH CREDIT PAYER REMIT EFT-TENNCARE-20250908,CREDIT,26.93,86235.59,REF4798105,EFT-TENNCARE-20250908
MOCK_RAD_GROUP_DEMO_ONLY,2025-09-10,2025-09-10,ACH CREDIT PAYER REMIT EFT-MCARE-20250908,CREDIT,54.54,86290.13,REF4936800,EFT-MCARE-20250908
MOCK_RAD_GROUP_DEMO_ONLY,2025-09-10,2025-09-10,ACH CREDIT PAYER REMIT EFT-TENNCARE-20250908,CREDIT,31.24,86321.37,REF1520429,EFT-TENNCARE-20250908
MOCK_RAD_GROUP_DEMO_ONLY,2025-09-11,2025-09-11,ACH CREDIT PAYER REMIT EFT-CIGNA-20250908,CREDIT,248.48,86569.85,REF1704552,EFT-CIGNA-20250908
MOCK_RAD_GROUP_DEMO_ONLY,2025-09-12,2025-09-12,ACH CREDIT PAYER REMIT EFT-BCBSTN-20250908,CREDIT,230.06,86799.91,REF5404448,EFT-BCBSTN-20250908
MOCK_RAD_GROUP_DEMO_ONLY,2025-09-12,2025-09-12,ACH CREDIT PAYER REMIT EFT-UHC-20250908,CREDIT,57.3,86857.21,REF4319539,EFT-UHC-20250908
MOCK_RAD_GROUP_DEMO_ONLY,2025-09-13,2025-09-13,ACH CREDIT PAYER REMIT EFT-BCBSTN-20250908,CREDIT,114.7,86971.91,REF8384527,EFT-BCBSTN-20250908
MOCK_RAD_GROUP_DEMO_ONLY,2025-09-13,2025-09-13,ACH CREDIT PAYER REMIT EFT-MCARE-20250908,CREDIT,66.1,87038.01,REF7579731,EFT-MCARE-20250908
MOCK_RAD_GROUP_DEMO_ONLY,2025-09-13,2025-09-13,ACH CREDIT PAYER REMIT EFT-UHC-20250908,CREDIT,236.92,87274.93,REF6881903,EFT-UHC-20250908
MOCK_RAD_GROUP_DEMO_ONLY,2025-09-14,2025-09-14,ACH CREDIT PAYER REMIT EFT-BCBSTN-20250908,CREDIT,122.8,87397.73,REF5490249,EFT-BCBSTN-20250908
MOCK_RAD_GROUP_DEMO_ONLY,2025-09-14,2025-09-14,ACH CREDIT PAYER REMIT EFT-MCARE-20250908,CREDIT,8.45,87406.18,REF2617344,EFT-MCARE-20250908
MOCK_RAD_GROUP_DEMO_ONLY,2025-09-14,2025-09-14,ACH CREDIT PAYER REMIT EFT-SELFPAY-20250908,CREDIT,14.25,87420.43,REF6730464,EFT-SELFPAY-20250908
MOCK_RAD_GROUP_DEMO_ONLY,2025-09-14,2025-09-14,ACH CREDIT PAYER REMIT EFT-TENNCARE-20250908,CREDIT,19.62,87440.05,REF9691502,EFT-TENNCARE-20250908
MOCK_RAD_GROUP_DEMO_ONLY,2025-09-15,2025-09-15,ACH CREDIT PAYER REMIT EFT-CIGNA-20250915,CREDIT,261.87,87701.92,REF2040978,EFT-CIGNA-20250915
MOCK_RAD_GROUP_DEMO_ONLY,2025-09-15,2025-09-15,ACH CREDIT PAYER REMIT EFT-UHC-20250915,CREDIT,16.8,87718.72,REF7142767,EFT-UHC-20250915
MOCK_RAD_GROUP_DEMO_ONLY,2025-09-16,2025-09-16,ACH CREDIT PAYER REMIT EFT-UHC-20250915,CREDIT,98.85,87817.57,REF6966411,EFT-UHC-20250915
MOCK_RAD_GROUP_DEMO_ONLY,2025-09-17,2025-09-17,ACH CREDIT PAYER REMIT EFT-CIGNA-20250915,CREDIT,136.41,87953.98,REF8406839,EFT-CIGNA-20250915
MOCK_RAD_GROUP_DEMO_ONLY,2025-09-17,2025-09-17,ACH CREDIT PAYER REMIT EFT-MCARE-20250915,CREDIT,58.4,88012.38,REF6207828,EFT-MCARE-20250915
MOCK_RAD_GROUP_DEMO_ONLY,2025-09-17,2025-09-17,ACH CREDIT PAYER REMIT EFT-SELFPAY-20250915,CREDIT,4.71,88017.09,REF8981816,EFT-SELFPAY-20250915
MOCK_RAD_GROUP_DEMO_ONLY,2025-09-18,2025-09-18,ACH CREDIT PAYER REMIT EFT-UHC-20250915,CREDIT,268.48,88285.57,REF1567730,EFT-UHC-20250915
MOCK_RAD_GROUP_DEMO_ONLY,2025-09-18,2025-09-18,ACCOUNT ANALYSIS FEE,DEBIT,-65.27,88220.3,REF3195262,
MOCK_RAD_GROUP_DEMO_ONLY,2025-09-18,2025-09-18,BOOK TRANSFER TO OPERATING 8841,DEBIT,-5350.64,82869.66,REF1054938,
MOCK_RAD_GROUP_DEMO_ONLY,2025-09-19,2025-09-19,ACH CREDIT PAYER REMIT EFT-CIGNA-20250915,CREDIT,141.6,83011.26,REF3978117,EFT-CIGNA-20250915
MOCK_RAD_GROUP_DEMO_ONLY,2025-09-19,2025-09-19,ACH CREDIT PAYER REMIT EFT-MCARE-20250915,CREDIT,59.54,83070.8,REF2392082,EFT-MCARE-20250915
MOCK_RAD_GROUP_DEMO_ONLY,2025-09-19,2025-09-19,ACH CREDIT PAYER REMIT EFT-SELFPAY-20250915,CREDIT,1.04,83071.84,REF7199202,EFT-SELFPAY-20250915
MOCK_RAD_GROUP_DEMO_ONLY,2025-09-19,2025-09-19,ACH CREDIT PAYER REMIT EFT-TENNCARE-20250915,CREDIT,69.02,83140.86,REF2559826,EFT-TENNCARE-20250915
MOCK_RAD_GROUP_DEMO_ONLY,2025-09-19,2025-09-19,ACH CREDIT PAYER REMIT EFT-UHC-20250915,CREDIT,122.41,83263.27,REF1219336,EFT-UHC-20250915
MOCK_RAD_GROUP_DEMO_ONLY,2025-09-20,2025-09-20,ACH CREDIT PAYER REMIT EFT-BCBSTN-20250915,CREDIT,61.08,83324.35,REF3478186,EFT-BCBSTN-20250915
MOCK_RAD_GROUP_DEMO_ONLY,2025-09-20,2025-09-20,ACH CREDIT PAYER REMIT EFT-CIGNA-20250915,CREDIT,70.03,83394.38,REF2577092,EFT-CIGNA-20250915
MOCK_RAD_GROUP_DEMO_ONLY,2025-09-20,2025-09-20,ACH CREDIT PAYER REMIT EFT-MCARE-20250915,CREDIT,71.23,83465.61,REF8872719,EFT-MCARE-20250915
MOCK_RAD_GROUP_DEMO_ONLY,2025-09-21,2025-09-21,ACH CREDIT PAYER REMIT EFT-BCBSTN-20250915,CREDIT,262.4,83728.01,REF4318984,EFT-BCBSTN-20250915
MOCK_RAD_GROUP_DEMO_ONLY,2025-09-21,2025-09-21,ACH CREDIT PAYER REMIT EFT-CIGNA-20250915,CREDIT,190.57,83918.58,REF4356749,EFT-CIGNA-20250915
MOCK_RAD_GROUP_DEMO_ONLY,2025-09-21,2025-09-21,ACH CREDIT PAYER REMIT EFT-TENNCARE-20250915,CREDIT,24.8,83943.38,REF1051080,EFT-TENNCARE-20250915
MOCK_RAD_GROUP_DEMO_ONLY,2025-09-22,2025-09-22,ACH CREDIT PAYER REMIT EFT-UHC-20250922,CREDIT,14.29,83957.67,REF7088349,EFT-UHC-20250922
MOCK_RAD_GROUP_DEMO_ONLY,2025-09-23,2025-09-23,ACH CREDIT PAYER REMIT EFT-BCBSTN-20250922,CREDIT,125.35,84083.02,REF5362825,EFT-BCBSTN-20250922
MOCK_RAD_GROUP_DEMO_ONLY,2025-09-23,2025-09-23,ACH CREDIT PAYER REMIT EFT-MCARE-20250922,CREDIT,22.32,84105.34,REF1112932,EFT-MCARE-20250922
MOCK_RAD_GROUP_DEMO_ONLY,2025-09-23,2025-09-23,ACH CREDIT PAYER REMIT EFT-TENNCARE-20250922,CREDIT,50.31,84155.65,REF5435078,EFT-TENNCARE-20250922
MOCK_RAD_GROUP_DEMO_ONLY,2025-09-23,2025-09-23,ACH CREDIT PAYER REMIT EFT-UHC-20250922,CREDIT,49.09,84204.74,REF2392860,EFT-UHC-20250922
MOCK_RAD_GROUP_DEMO_ONLY,2025-09-24,2025-09-24,ACH CREDIT PAYER REMIT EFT-BCBSTN-20250922,CREDIT,68.41,84273.15,REF1983822,EFT-BCBSTN-20250922
MOCK_RAD_GROUP_DEMO_ONLY,2025-09-24,2025-09-24,ACH CREDIT PAYER REMIT EFT-MCARE-20250922,CREDIT,150.12,84423.27,REF1557609,EFT-MCARE-20250922
MOCK_RAD_GROUP_DEMO_ONLY,2025-09-24,2025-09-24,ACH CREDIT PAYER REMIT EFT-TENNCARE-20250922,CREDIT,28.9,84452.17,REF1411931,EFT-TENNCARE-20250922
MOCK_RAD_GROUP_DEMO_ONLY,2025-09-24,2025-09-24,ACH CREDIT PAYER REMIT EFT-UHC-20250922,CREDIT,135.93,84588.1,REF7345235,EFT-UHC-20250922
MOCK_RAD_GROUP_DEMO_ONLY,2025-09-25,2025-09-25,ACH CREDIT PAYER REMIT EFT-BCBSTN-20250922,CREDIT,109.86,84697.96,REF4360868,EFT-BCBSTN-20250922
MOCK_RAD_GROUP_DEMO_ONLY,2025-09-25,2025-09-25,ACH CREDIT PAYER REMIT EFT-MCARE-20250922,CREDIT,55.09,84753.05,REF9464491,EFT-MCARE-20250922
MOCK_RAD_GROUP_DEMO_ONLY,2025-09-25,2025-09-25,ACH CREDIT PAYER REMIT EFT-UHC-20250922,CREDIT,101.54,84854.59,REF5960631,EFT-UHC-20250922
MOCK_RAD_GROUP_DEMO_ONLY,2025-09-26,2025-09-26,ACH CREDIT PAYER REMIT EFT-BCBSTN-20250922,CREDIT,206.15,85060.74,REF3712006,EFT-BCBSTN-20250922
MOCK_RAD_GROUP_DEMO_ONLY,2025-09-26,2025-09-26,ACH CREDIT PAYER REMIT EFT-MCARE-20250922,CREDIT,26.77,85087.51,REF6925328,EFT-MCARE-20250922
MOCK_RAD_GROUP_DEMO_ONLY,2025-09-26,2025-09-26,ACH CREDIT PAYER REMIT EFT-UHC-20250922,CREDIT,125.72,85213.23,REF5287361,EFT-UHC-20250922
MOCK_RAD_GROUP_DEMO_ONLY,2025-09-26,2025-09-26,INTEREST CREDIT,CREDIT,37.92,85251.15,REF6722574,
MOCK_RAD_GROUP_DEMO_ONLY,2025-09-27,2025-09-27,ACH CREDIT PAYER REMIT EFT-MCARE-20250922,CREDIT,51.83,85302.98,REF4867321,EFT-MCARE-20250922
MOCK_RAD_GROUP_DEMO_ONLY,2025-09-27,2025-09-27,ACH CREDIT PAYER REMIT EFT-TENNCARE-20250922,CREDIT,65.68,85368.66,REF7154568,EFT-TENNCARE-20250922
MOCK_RAD_GROUP_DEMO_ONLY,2025-09-27,2025-09-27,ACH CREDIT PAYER REMIT EFT-UHC-20250922,CREDIT,61.19,85429.85,REF2936503,EFT-UHC-20250922
MOCK_RAD_GROUP_DEMO_ONLY,2025-09-28,2025-09-28,ACH CREDIT PAYER REMIT EFT-CIGNA-20250922,CREDIT,123.19,85553.04,REF6660719,EFT-CIGNA-20250922
MOCK_RAD_GROUP_DEMO_ONLY,2025-09-28,2025-09-28,ACH CREDIT PAYER REMIT EFT-MCARE-20250922,CREDIT,128.37,85681.41,REF6668938,EFT-MCARE-20250922
MOCK_RAD_GROUP_DEMO_ONLY,2025-09-29,2025-09-29,ACH CREDIT PAYER REMIT EFT-SELFPAY-20250929,CREDIT,0.47,85681.88,REF1719534,EFT-SELFPAY-20250929
MOCK_RAD_GROUP_DEMO_ONLY,2025-09-29,2025-09-29,ACH CREDIT PAYER REMIT EFT-UHC-20250929,CREDIT,143.38,85825.26,REF1133753,EFT-UHC-20250929
MOCK_RAD_GROUP_DEMO_ONLY,2025-09-30,2025-09-30,ACH CREDIT PAYER REMIT EFT-CIGNA-20250929,CREDIT,46.15,85871.41,REF1534822,EFT-CIGNA-20250929
MOCK_RAD_GROUP_DEMO_ONLY,2025-09-30,2025-09-30,ACH CREDIT PAYER REMIT EFT-TENNCARE-20250929,CREDIT,66.89,85938.3,REF4061888,EFT-TENNCARE-20250929
MOCK_RAD_GROUP_DEMO_ONLY,2025-09-30,2025-09-30,ACH CREDIT PAYER REMIT EFT-UHC-20250929,CREDIT,60.49,85998.79,REF1593225,EFT-UHC-20250929
MOCK_RAD_GROUP_DEMO_ONLY,2025-10-01,2025-10-01,ACH CREDIT PAYER REMIT EFT-BCBSTN-20250929,CREDIT,62.84,86061.63,REF9033313,EFT-BCBSTN-20250929
MOCK_RAD_GROUP_DEMO_ONLY,2025-10-01,2025-10-01,ACH CREDIT PAYER REMIT EFT-CIGNA-20250929,CREDIT,116.15,86177.78,REF3028482,EFT-CIGNA-20250929
MOCK_RAD_GROUP_DEMO_ONLY,2025-10-01,2025-10-01,ACH CREDIT PAYER REMIT EFT-MCARE-20250929,CREDIT,37.07,86214.85,REF4982970,EFT-MCARE-20250929
MOCK_RAD_GROUP_DEMO_ONLY,2025-10-01,2025-10-01,ACH CREDIT PAYER REMIT EFT-TENNCARE-20250929,CREDIT,25.8,86240.65,REF8033790,EFT-TENNCARE-20250929
MOCK_RAD_GROUP_DEMO_ONLY,2025-10-02,2025-10-02,ACH CREDIT PAYER REMIT EFT-MCARE-20250929,CREDIT,90.31,86330.96,REF4760510,EFT-MCARE-20250929
MOCK_RAD_GROUP_DEMO_ONLY,2025-10-03,2025-10-03,ACH CREDIT PAYER REMIT EFT-MCARE-20250929,CREDIT,57.19,86388.15,REF1711290,EFT-MCARE-20250929
MOCK_RAD_GROUP_DEMO_ONLY,2025-10-03,2025-10-03,ACH CREDIT PAYER REMIT EFT-UHC-20250929,CREDIT,169.17,86557.32,REF6474300,EFT-UHC-20250929
MOCK_RAD_GROUP_DEMO_ONLY,2025-10-04,2025-10-04,ACH CREDIT PAYER REMIT EFT-BCBSTN-20250929,CREDIT,128.89,86686.21,REF4012386,EFT-BCBSTN-20250929
MOCK_RAD_GROUP_DEMO_ONLY,2025-10-04,2025-10-04,ACH CREDIT PAYER REMIT EFT-TENNCARE-20250929,CREDIT,51.31,86737.52,REF3919141,EFT-TENNCARE-20250929
MOCK_RAD_GROUP_DEMO_ONLY,2025-10-04,2025-10-04,ACH CREDIT PAYER REMIT EFT-UHC-20250929,CREDIT,103.98,86841.5,REF9101757,EFT-UHC-20250929
MOCK_RAD_GROUP_DEMO_ONLY,2025-10-05,2025-10-05,ACH CREDIT PAYER REMIT EFT-CIGNA-20250929,CREDIT,208.06,87049.56,REF7575020,EFT-CIGNA-20250929
MOCK_RAD_GROUP_DEMO_ONLY,2025-10-05,2025-10-05,ACH CREDIT PAYER REMIT EFT-MCARE-20250929,CREDIT,92.96,87142.52,REF7132512,EFT-MCARE-20250929
MOCK_RAD_GROUP_DEMO_ONLY,2025-10-05,2025-10-05,ACH CREDIT PAYER REMIT EFT-UHC-20250929,CREDIT,217.72,87360.24,REF6846806,EFT-UHC-20250929
MOCK_RAD_GROUP_DEMO_ONLY,2025-10-06,2025-10-06,ACH CREDIT PAYER REMIT EFT-BCBSTN-20251006,CREDIT,369.3,87729.54,REF8068661,EFT-BCBSTN-20251006
MOCK_RAD_GROUP_DEMO_ONLY,2025-10-06,2025-10-06,ACH CREDIT PAYER REMIT EFT-UHC-20251006,CREDIT,115.25,87844.79,REF2353817,EFT-UHC-20251006
MOCK_RAD_GROUP_DEMO_ONLY,2025-10-07,2025-10-07,ACH CREDIT PAYER REMIT EFT-BCBSTN-20251006,CREDIT,187.02,88031.81,REF8714501,EFT-BCBSTN-20251006
MOCK_RAD_GROUP_DEMO_ONLY,2025-10-07,2025-10-07,ACH CREDIT PAYER REMIT EFT-CIGNA-20251006,CREDIT,455.32,88487.13,REF2442352,EFT-CIGNA-20251006
MOCK_RAD_GROUP_DEMO_ONLY,2025-10-07,2025-10-07,ACH CREDIT PAYER REMIT EFT-UHC-20251006,CREDIT,213.48,88700.61,REF2482659,EFT-UHC-20251006
MOCK_RAD_GROUP_DEMO_ONLY,2025-10-07,2025-10-07,INTEREST CREDIT,CREDIT,26.07,88726.68,REF3385392,
MOCK_RAD_GROUP_DEMO_ONLY,2025-10-08,2025-10-08,ACH CREDIT PAYER REMIT EFT-BCBSTN-20251006,CREDIT,71.13,88797.81,REF5441552,EFT-BCBSTN-20251006
MOCK_RAD_GROUP_DEMO_ONLY,2025-10-08,2025-10-08,ACH CREDIT PAYER REMIT EFT-MCARE-20251006,CREDIT,145.11,88942.92,REF7931203,EFT-MCARE-20251006
MOCK_RAD_GROUP_DEMO_ONLY,2025-10-08,2025-10-08,ACH CREDIT PAYER REMIT EFT-TENNCARE-20251006,CREDIT,3.88,88946.8,REF3546719,EFT-TENNCARE-20251006
MOCK_RAD_GROUP_DEMO_ONLY,2025-10-09,2025-10-09,ACH CREDIT PAYER REMIT EFT-MCARE-20251006,CREDIT,41.53,88988.33,REF5874662,EFT-MCARE-20251006
MOCK_RAD_GROUP_DEMO_ONLY,2025-10-09,2025-10-09,ACH CREDIT PAYER REMIT EFT-TENNCARE-20251006,CREDIT,28.77,89017.1,REF8144988,EFT-TENNCARE-20251006
MOCK_RAD_GROUP_DEMO_ONLY,2025-10-10,2025-10-10,ACH CREDIT PAYER REMIT EFT-MCARE-20251006,CREDIT,65.57,89082.67,REF9905954,EFT-MCARE-20251006
MOCK_RAD_GROUP_DEMO_ONLY,2025-10-10,2025-10-10,ACH CREDIT PAYER REMIT EFT-TENNCARE-20251006,CREDIT,64.49,89147.16,REF4393654,EFT-TENNCARE-20251006
MOCK_RAD_GROUP_DEMO_ONLY,2025-10-11,2025-10-11,ACH CREDIT PAYER REMIT EFT-CIGNA-20251006,CREDIT,55.35,89202.51,REF8644606,EFT-CIGNA-20251006
MOCK_RAD_GROUP_DEMO_ONLY,2025-10-11,2025-10-11,ACH CREDIT PAYER REMIT EFT-MCARE-20251006,CREDIT,98.66,89301.17,REF8266286,EFT-MCARE-20251006
MOCK_RAD_GROUP_DEMO_ONLY,2025-10-11,2025-10-11,ACH CREDIT PAYER REMIT EFT-TENNCARE-20251006,CREDIT,45.33,89346.5,REF4604159,EFT-TENNCARE-20251006
MOCK_RAD_GROUP_DEMO_ONLY,2025-10-11,2025-10-11,ACH CREDIT PAYER REMIT EFT-UHC-20251006,CREDIT,101.35,89447.85,REF3169237,EFT-UHC-20251006
MOCK_RAD_GROUP_DEMO_ONLY,2025-10-12,2025-10-12,ACH CREDIT PAYER REMIT EFT-BCBSTN-20251006,CREDIT,204.83,89652.68,REF7377195,EFT-BCBSTN-20251006
MOCK_RAD_GROUP_DEMO_ONLY,2025-10-12,2025-10-12,ACH CREDIT PAYER REMIT EFT-CIGNA-20251006,CREDIT,173.12,89825.8,REF9943422,EFT-CIGNA-20251006
MOCK_RAD_GROUP_DEMO_ONLY,2025-10-12,2025-10-12,ACH CREDIT PAYER REMIT EFT-SELFPAY-20251006,CREDIT,2.17,89827.97,REF4980099,EFT-SELFPAY-20251006
MOCK_RAD_GROUP_DEMO_ONLY,2025-10-13,2025-10-13,ACH CREDIT PAYER REMIT EFT-CIGNA-20251013,CREDIT,13.45,89841.42,REF2757939,EFT-CIGNA-20251013
MOCK_RAD_GROUP_DEMO_ONLY,2025-10-13,2025-10-13,ACH CREDIT PAYER REMIT EFT-MCARE-20251013,CREDIT,37.17,89878.59,REF6776679,EFT-MCARE-20251013
MOCK_RAD_GROUP_DEMO_ONLY,2025-10-14,2025-10-14,ACH CREDIT PAYER REMIT EFT-MCARE-20251013,CREDIT,35.95,89914.54,REF7384619,EFT-MCARE-20251013
MOCK_RAD_GROUP_DEMO_ONLY,2025-10-14,2025-10-14,ACH CREDIT PAYER REMIT EFT-UHC-20251013,CREDIT,612.13,90526.67,REF8232925,EFT-UHC-20251013
MOCK_RAD_GROUP_DEMO_ONLY,2025-10-15,2025-10-15,ACH CREDIT PAYER REMIT EFT-CIGNA-20251013,CREDIT,220.27,90746.94,REF2565436,EFT-CIGNA-20251013
MOCK_RAD_GROUP_DEMO_ONLY,2025-10-15,2025-10-15,ACH CREDIT PAYER REMIT EFT-MCARE-20251013,CREDIT,70.23,90817.17,REF1088217,EFT-MCARE-20251013
MOCK_RAD_GROUP_DEMO_ONLY,2025-10-16,2025-10-16,ACH CREDIT PAYER REMIT EFT-TENNCARE-20251013,CREDIT,3.99,90821.16,REF1564166,EFT-TENNCARE-20251013
MOCK_RAD_GROUP_DEMO_ONLY,2025-10-16,2025-10-16,ACH CREDIT PAYER REMIT EFT-UHC-20251013,CREDIT,79.77,90900.93,REF6893819,EFT-UHC-20251013
MOCK_RAD_GROUP_DEMO_ONLY,2025-10-17,2025-10-17,ACH CREDIT PAYER REMIT EFT-CIGNA-20251013,CREDIT,135.29,91036.22,REF8072164,EFT-CIGNA-20251013
MOCK_RAD_GROUP_DEMO_ONLY,2025-10-17,2025-10-17,ACH CREDIT PAYER REMIT EFT-UHC-20251013,CREDIT,13.81,91050.03,REF4481643,EFT-UHC-20251013
MOCK_RAD_GROUP_DEMO_ONLY,2025-10-18,2025-10-18,ACH CREDIT PAYER REMIT EFT-BCBSTN-20251013,CREDIT,94.62,91144.65,REF3873642,EFT-BCBSTN-20251013
MOCK_RAD_GROUP_DEMO_ONLY,2025-10-18,2025-10-18,ACH CREDIT PAYER REMIT EFT-TENNCARE-20251013,CREDIT,39.93,91184.58,REF7167543,EFT-TENNCARE-20251013
MOCK_RAD_GROUP_DEMO_ONLY,2025-10-18,2025-10-18,ACH CREDIT PAYER REMIT EFT-UHC-20251013,CREDIT,254.59,91439.17,REF3821776,EFT-UHC-20251013
MOCK_RAD_GROUP_DEMO_ONLY,2025-10-18,2025-10-18,ACCOUNT ANALYSIS FEE,DEBIT,-86.55,91352.62,REF5267775,
MOCK_RAD_GROUP_DEMO_ONLY,2025-10-18,2025-10-18,BOOK TRANSFER TO OPERATING 8841,DEBIT,-7310.03,84042.59,REF3958040,
MOCK_RAD_GROUP_DEMO_ONLY,2025-10-19,2025-10-19,ACH CREDIT PAYER REMIT EFT-BCBSTN-20251013,CREDIT,144.47,84187.06,REF9065297,EFT-BCBSTN-20251013
MOCK_RAD_GROUP_DEMO_ONLY,2025-10-19,2025-10-19,ACH CREDIT PAYER REMIT EFT-UHC-20251013,CREDIT,144.97,84332.03,REF2914449,EFT-UHC-20251013
MOCK_RAD_GROUP_DEMO_ONLY,2025-10-20,2025-10-20,ACH CREDIT PAYER REMIT EFT-BCBSTN-20251020,CREDIT,634.1,84966.13,REF4227228,EFT-BCBSTN-20251020
MOCK_RAD_GROUP_DEMO_ONLY,2025-10-20,2025-10-20,ACH CREDIT PAYER REMIT EFT-CIGNA-20251020,CREDIT,276.69,85242.82,REF3334890,EFT-CIGNA-20251020
MOCK_RAD_GROUP_DEMO_ONLY,2025-10-20,2025-10-20,ACH CREDIT PAYER REMIT EFT-UHC-20251020,CREDIT,71.24,85314.06,REF2816353,EFT-UHC-20251020
MOCK_RAD_GROUP_DEMO_ONLY,2025-10-21,2025-10-21,ACH CREDIT PAYER REMIT EFT-BCBSTN-20251020,CREDIT,300.87,85614.93,REF3220647,EFT-BCBSTN-20251020
MOCK_RAD_GROUP_DEMO_ONLY,2025-10-21,2025-10-21,ACH CREDIT PAYER REMIT EFT-MCARE-20251020,CREDIT,98.04,85712.97,REF6122276,EFT-MCARE-20251020
MOCK_RAD_GROUP_DEMO_ONLY,2025-10-22,2025-10-22,ACH CREDIT PAYER REMIT EFT-MCARE-20251020,CREDIT,72.2,85785.17,REF7560573,EFT-MCARE-20251020
MOCK_RAD_GROUP_DEMO_ONLY,2025-10-22,2025-10-22,ACH CREDIT PAYER REMIT EFT-UHC-20251020,CREDIT,231.59,86016.76,REF1750926,EFT-UHC-20251020
MOCK_RAD_GROUP_DEMO_ONLY,2025-10-23,2025-10-23,ACH CREDIT PAYER REMIT EFT-BCBSTN-20251020,CREDIT,312.39,86329.15,REF7545391,EFT-BCBSTN-20251020
MOCK_RAD_GROUP_DEMO_ONLY,2025-10-23,2025-10-23,ACH CREDIT PAYER REMIT EFT-MCARE-20251020,CREDIT,140.4,86469.55,REF7903616,EFT-MCARE-20251020
MOCK_RAD_GROUP_DEMO_ONLY,2025-10-23,2025-10-23,ACH CREDIT PAYER REMIT EFT-SELFPAY-20251020,CREDIT,9.71,86479.26,REF1580551,EFT-SELFPAY-20251020
MOCK_RAD_GROUP_DEMO_ONLY,2025-10-23,2025-10-23,ACH CREDIT PAYER REMIT EFT-UHC-20251020,CREDIT,124.52,86603.78,REF4028870,EFT-UHC-20251020
MOCK_RAD_GROUP_DEMO_ONLY,2025-10-24,2025-10-24,ACH CREDIT PAYER REMIT EFT-BCBSTN-20251020,CREDIT,17.46,86621.24,REF1220379,EFT-BCBSTN-20251020
MOCK_RAD_GROUP_DEMO_ONLY,2025-10-24,2025-10-24,ACH CREDIT PAYER REMIT EFT-CIGNA-20251020,CREDIT,110.17,86731.41,REF9660647,EFT-CIGNA-20251020
MOCK_RAD_GROUP_DEMO_ONLY,2025-10-24,2025-10-24,ACH CREDIT PAYER REMIT EFT-MCARE-20251020,CREDIT,195.64,86927.05,REF8153170,EFT-MCARE-20251020
MOCK_RAD_GROUP_DEMO_ONLY,2025-10-24,2025-10-24,ACH CREDIT PAYER REMIT EFT-SELFPAY-20251020,CREDIT,2.63,86929.68,REF7084240,EFT-SELFPAY-20251020
MOCK_RAD_GROUP_DEMO_ONLY,2025-10-24,2025-10-24,ACH CREDIT PAYER REMIT EFT-TENNCARE-20251020,CREDIT,36.41,86966.09,REF8417446,EFT-TENNCARE-20251020
MOCK_RAD_GROUP_DEMO_ONLY,2025-10-25,2025-10-25,ACH CREDIT PAYER REMIT EFT-MCARE-20251020,CREDIT,50.24,87016.33,REF9699898,EFT-MCARE-20251020
MOCK_RAD_GROUP_DEMO_ONLY,2025-10-26,2025-10-26,ACH CREDIT PAYER REMIT EFT-CIGNA-20251020,CREDIT,85.2,87101.53,REF3316106,EFT-CIGNA-20251020
MOCK_RAD_GROUP_DEMO_ONLY,2025-10-27,2025-10-27,ACH CREDIT PAYER REMIT EFT-BCBSTN-20251027,CREDIT,221.71,87323.24,REF5985418,EFT-BCBSTN-20251027
MOCK_RAD_GROUP_DEMO_ONLY,2025-10-27,2025-10-27,ACH CREDIT PAYER REMIT EFT-UHC-20251027,CREDIT,287.06,87610.3,REF1489194,EFT-UHC-20251027
MOCK_RAD_GROUP_DEMO_ONLY,2025-10-28,2025-10-28,ACH CREDIT PAYER REMIT EFT-BCBSTN-20251027,CREDIT,288.21,87898.51,REF8339848,EFT-BCBSTN-20251027
MOCK_RAD_GROUP_DEMO_ONLY,2025-10-28,2025-10-28,ACH CREDIT PAYER REMIT EFT-CIGNA-20251027,CREDIT,63.1,87961.61,REF3822351,EFT-CIGNA-20251027
MOCK_RAD_GROUP_DEMO_ONLY,2025-10-28,2025-10-28,ACH CREDIT PAYER REMIT EFT-MCARE-20251027,CREDIT,66.42,88028.03,REF7265380,EFT-MCARE-20251027
MOCK_RAD_GROUP_DEMO_ONLY,2025-10-28,2025-10-28,ACH CREDIT PAYER REMIT EFT-TENNCARE-20251027,CREDIT,11.4,88039.43,REF1733374,EFT-TENNCARE-20251027
MOCK_RAD_GROUP_DEMO_ONLY,2025-10-29,2025-10-29,ACH CREDIT PAYER REMIT EFT-BCBSTN-20251027,CREDIT,111.67,88151.1,REF9619208,EFT-BCBSTN-20251027
MOCK_RAD_GROUP_DEMO_ONLY,2025-10-29,2025-10-29,ACH CREDIT PAYER REMIT EFT-SELFPAY-20251027,CREDIT,0.01,88151.11,REF3931866,EFT-SELFPAY-20251027
MOCK_RAD_GROUP_DEMO_ONLY,2025-10-29,2025-10-29,ACH CREDIT PAYER REMIT EFT-TENNCARE-20251027,CREDIT,3.92,88155.03,REF4278927,EFT-TENNCARE-20251027
MOCK_RAD_GROUP_DEMO_ONLY,2025-10-30,2025-10-30,ACH CREDIT PAYER REMIT EFT-BCBSTN-20251027,CREDIT,202.91,88357.94,REF4669570,EFT-BCBSTN-20251027
MOCK_RAD_GROUP_DEMO_ONLY,2025-10-30,2025-10-30,ACH CREDIT PAYER REMIT EFT-CIGNA-20251027,CREDIT,113.46,88471.4,REF6070953,EFT-CIGNA-20251027
MOCK_RAD_GROUP_DEMO_ONLY,2025-10-30,2025-10-30,ACH CREDIT PAYER REMIT EFT-MCARE-20251027,CREDIT,90.8,88562.2,REF3786901,EFT-MCARE-20251027
MOCK_RAD_GROUP_DEMO_ONLY,2025-10-30,2025-10-30,ACH CREDIT PAYER REMIT EFT-UHC-20251027,CREDIT,137.27,88699.47,REF6435991,EFT-UHC-20251027
MOCK_RAD_GROUP_DEMO_ONLY,2025-10-31,2025-10-31,ACH CREDIT PAYER REMIT EFT-BCBSTN-20251027,CREDIT,118.06,88817.53,REF9838023,EFT-BCBSTN-20251027
MOCK_RAD_GROUP_DEMO_ONLY,2025-10-31,2025-10-31,ACH CREDIT PAYER REMIT EFT-CIGNA-20251027,CREDIT,253.65,89071.18,REF9390596,EFT-CIGNA-20251027
MOCK_RAD_GROUP_DEMO_ONLY,2025-11-01,2025-11-01,ACH CREDIT PAYER REMIT EFT-BCBSTN-20251027,CREDIT,218.12,89289.3,REF1180523,EFT-BCBSTN-20251027
MOCK_RAD_GROUP_DEMO_ONLY,2025-11-02,2025-11-02,ACH CREDIT PAYER REMIT EFT-CIGNA-20251027,CREDIT,161.9,89451.2,REF5986175,EFT-CIGNA-20251027
MOCK_RAD_GROUP_DEMO_ONLY,2025-11-02,2025-11-02,ACH CREDIT PAYER REMIT EFT-MCARE-20251027,CREDIT,52.86,89504.06,REF1658842,EFT-MCARE-20251027
MOCK_RAD_GROUP_DEMO_ONLY,2025-11-02,2025-11-02,ACH CREDIT PAYER REMIT EFT-TENNCARE-20251027,CREDIT,3.72,89507.78,REF2533600,EFT-TENNCARE-20251027
MOCK_RAD_GROUP_DEMO_ONLY,2025-11-03,2025-11-03,ACH CREDIT PAYER REMIT EFT-MCARE-20251103,CREDIT,84.95,89592.73,REF7158416,EFT-MCARE-20251103
MOCK_RAD_GROUP_DEMO_ONLY,2025-11-03,2025-11-03,ACH CREDIT PAYER REMIT EFT-TENNCARE-20251103,CREDIT,15.92,89608.65,REF9728567,EFT-TENNCARE-20251103
MOCK_RAD_GROUP_DEMO_ONLY,2025-11-03,2025-11-03,ACH CREDIT PAYER REMIT EFT-UHC-20251103,CREDIT,187.93,89796.58,REF6848273,EFT-UHC-20251103
MOCK_RAD_GROUP_DEMO_ONLY,2025-11-03,2025-11-03,INTEREST CREDIT,CREDIT,12.36,89808.94,REF9173970,
MOCK_RAD_GROUP_DEMO_ONLY,2025-11-04,2025-11-04,ACH CREDIT PAYER REMIT EFT-MCARE-20251103,CREDIT,96.1,89905.04,REF7964519,EFT-MCARE-20251103
MOCK_RAD_GROUP_DEMO_ONLY,2025-11-04,2025-11-04,ACH CREDIT PAYER REMIT EFT-TENNCARE-20251103,CREDIT,11.35,89916.39,REF6271535,EFT-TENNCARE-20251103
MOCK_RAD_GROUP_DEMO_ONLY,2025-11-05,2025-11-05,ACH CREDIT PAYER REMIT EFT-CIGNA-20251103,CREDIT,176.92,90093.31,REF5240460,EFT-CIGNA-20251103
MOCK_RAD_GROUP_DEMO_ONLY,2025-11-05,2025-11-05,ACH CREDIT PAYER REMIT EFT-MCARE-20251103,CREDIT,136.03,90229.34,REF2758016,EFT-MCARE-20251103
MOCK_RAD_GROUP_DEMO_ONLY,2025-11-06,2025-11-06,ACH CREDIT PAYER REMIT EFT-BCBSTN-20251103,CREDIT,49.15,90278.49,REF1609136,EFT-BCBSTN-20251103
MOCK_RAD_GROUP_DEMO_ONLY,2025-11-06,2025-11-06,ACH CREDIT PAYER REMIT EFT-CIGNA-20251103,CREDIT,169.38,90447.87,REF4785981,EFT-CIGNA-20251103
MOCK_RAD_GROUP_DEMO_ONLY,2025-11-06,2025-11-06,ACH CREDIT PAYER REMIT EFT-SELFPAY-20251103,CREDIT,6.61,90454.48,REF8277388,EFT-SELFPAY-20251103
MOCK_RAD_GROUP_DEMO_ONLY,2025-11-06,2025-11-06,ACH CREDIT PAYER REMIT EFT-TENNCARE-20251103,CREDIT,77.52,90532.0,REF9495958,EFT-TENNCARE-20251103
MOCK_RAD_GROUP_DEMO_ONLY,2025-11-07,2025-11-07,ACH CREDIT PAYER REMIT EFT-BCBSTN-20251103,CREDIT,254.65,90786.65,REF4224858,EFT-BCBSTN-20251103
MOCK_RAD_GROUP_DEMO_ONLY,2025-11-07,2025-11-07,ACH CREDIT PAYER REMIT EFT-MCARE-20251103,CREDIT,55.93,90842.58,REF2290640,EFT-MCARE-20251103
MOCK_RAD_GROUP_DEMO_ONLY,2025-11-07,2025-11-07,ACH CREDIT PAYER REMIT EFT-TENNCARE-20251103,CREDIT,3.5,90846.08,REF1516848,EFT-TENNCARE-20251103
MOCK_RAD_GROUP_DEMO_ONLY,2025-11-08,2025-11-08,ACH CREDIT PAYER REMIT EFT-BCBSTN-20251103,CREDIT,178.44,91024.52,REF8185769,EFT-BCBSTN-20251103
MOCK_RAD_GROUP_DEMO_ONLY,2025-11-08,2025-11-08,ACH CREDIT PAYER REMIT EFT-MCARE-20251103,CREDIT,38.37,91062.89,REF6247119,EFT-MCARE-20251103
MOCK_RAD_GROUP_DEMO_ONLY,2025-11-08,2025-11-08,ACH CREDIT PAYER REMIT EFT-TENNCARE-20251103,CREDIT,27.09,91089.98,REF1459658,EFT-TENNCARE-20251103
MOCK_RAD_GROUP_DEMO_ONLY,2025-11-09,2025-11-09,ACH CREDIT PAYER REMIT EFT-BCBSTN-20251103,CREDIT,160.76,91250.74,REF6898594,EFT-BCBSTN-20251103
MOCK_RAD_GROUP_DEMO_ONLY,2025-11-09,2025-11-09,ACH CREDIT PAYER REMIT EFT-MCARE-20251103,CREDIT,80.16,91330.9,REF6698913,EFT-MCARE-20251103
MOCK_RAD_GROUP_DEMO_ONLY,2025-11-10,2025-11-10,ACH CREDIT PAYER REMIT EFT-CIGNA-20251110,CREDIT,108.18,91439.08,REF9565850,EFT-CIGNA-20251110
MOCK_RAD_GROUP_DEMO_ONLY,2025-11-10,2025-11-10,ACH CREDIT PAYER REMIT EFT-MCARE-20251110,CREDIT,28.02,91467.1,REF9464390,EFT-MCARE-20251110
MOCK_RAD_GROUP_DEMO_ONLY,2025-11-10,2025-11-10,ACH CREDIT PAYER REMIT EFT-TENNCARE-20251110,CREDIT,4.65,91471.75,REF5548795,EFT-TENNCARE-20251110
MOCK_RAD_GROUP_DEMO_ONLY,2025-11-11,2025-11-11,ACH CREDIT PAYER REMIT EFT-BCBSTN-20251110,CREDIT,356.39,91828.14,REF4275639,EFT-BCBSTN-20251110
MOCK_RAD_GROUP_DEMO_ONLY,2025-11-11,2025-11-11,ACH CREDIT PAYER REMIT EFT-MCARE-20251110,CREDIT,150.15,91978.29,REF4929158,EFT-MCARE-20251110
MOCK_RAD_GROUP_DEMO_ONLY,2025-11-11,2025-11-11,ACH CREDIT PAYER REMIT EFT-UHC-20251110,CREDIT,70.59,92048.88,REF8521758,EFT-UHC-20251110
MOCK_RAD_GROUP_DEMO_ONLY,2025-11-12,2025-11-12,ACH CREDIT PAYER REMIT EFT-MCARE-20251110,CREDIT,79.28,92128.16,REF9316615,EFT-MCARE-20251110
MOCK_RAD_GROUP_DEMO_ONLY,2025-11-12,2025-11-12,ACH CREDIT PAYER REMIT EFT-TENNCARE-20251110,CREDIT,26.46,92154.62,REF2517971,EFT-TENNCARE-20251110
MOCK_RAD_GROUP_DEMO_ONLY,2025-11-12,2025-11-12,ACH CREDIT PAYER REMIT EFT-UHC-20251110,CREDIT,181.12,92335.74,REF1386774,EFT-UHC-20251110
MOCK_RAD_GROUP_DEMO_ONLY,2025-11-14,2025-11-14,ACH CREDIT PAYER REMIT EFT-BCBSTN-20251110,CREDIT,60.31,92396.05,REF8022437,EFT-BCBSTN-20251110
MOCK_RAD_GROUP_DEMO_ONLY,2025-11-14,2025-11-14,ACH CREDIT PAYER REMIT EFT-CIGNA-20251110,CREDIT,136.28,92532.33,REF9353997,EFT-CIGNA-20251110
MOCK_RAD_GROUP_DEMO_ONLY,2025-11-14,2025-11-14,ACH CREDIT PAYER REMIT EFT-MCARE-20251110,CREDIT,42.63,92574.96,REF3990515,EFT-MCARE-20251110
MOCK_RAD_GROUP_DEMO_ONLY,2025-11-14,2025-11-14,ACH CREDIT PAYER REMIT EFT-TENNCARE-20251110,CREDIT,18.83,92593.79,REF7405090,EFT-TENNCARE-20251110
MOCK_RAD_GROUP_DEMO_ONLY,2025-11-14,2025-11-14,ACH CREDIT PAYER REMIT EFT-UHC-20251110,CREDIT,171.18,92764.97,REF1413349,EFT-UHC-20251110
MOCK_RAD_GROUP_DEMO_ONLY,2025-11-15,2025-11-15,ACH CREDIT PAYER REMIT EFT-CIGNA-20251110,CREDIT,105.82,92870.79,REF3180057,EFT-CIGNA-20251110
MOCK_RAD_GROUP_DEMO_ONLY,2025-11-15,2025-11-15,ACH CREDIT PAYER REMIT EFT-MCARE-20251110,CREDIT,156.3,93027.09,REF3829937,EFT-MCARE-20251110
MOCK_RAD_GROUP_DEMO_ONLY,2025-11-15,2025-11-15,ACH CREDIT PAYER REMIT EFT-UHC-20251110,CREDIT,64.66,93091.75,REF3162416,EFT-UHC-20251110
MOCK_RAD_GROUP_DEMO_ONLY,2025-11-16,2025-11-16,ACH CREDIT PAYER REMIT EFT-BCBSTN-20251110,CREDIT,67.95,93159.7,REF1823217,EFT-BCBSTN-20251110
MOCK_RAD_GROUP_DEMO_ONLY,2025-11-16,2025-11-16,ACH CREDIT PAYER REMIT EFT-CIGNA-20251110,CREDIT,55.07,93214.77,REF8559574,EFT-CIGNA-20251110
MOCK_RAD_GROUP_DEMO_ONLY,2025-11-16,2025-11-16,ACH CREDIT PAYER REMIT EFT-MCARE-20251110,CREDIT,22.12,93236.89,REF5361278,EFT-MCARE-20251110
MOCK_RAD_GROUP_DEMO_ONLY,2025-11-16,2025-11-16,ACH CREDIT PAYER REMIT EFT-UHC-20251110,CREDIT,63.78,93300.67,REF4880244,EFT-UHC-20251110
MOCK_RAD_GROUP_DEMO_ONLY,2025-11-17,2025-11-17,ACH CREDIT PAYER REMIT EFT-MCARE-20251117,CREDIT,98.64,93399.31,REF2408703,EFT-MCARE-20251117
MOCK_RAD_GROUP_DEMO_ONLY,2025-11-17,2025-11-17,ACH CREDIT PAYER REMIT EFT-TENNCARE-20251117,CREDIT,33.9,93433.21,REF4356001,EFT-TENNCARE-20251117
MOCK_RAD_GROUP_DEMO_ONLY,2025-11-17,2025-11-17,ACH CREDIT PAYER REMIT EFT-UHC-20251117,CREDIT,163.26,93596.47,REF8366184,EFT-UHC-20251117
MOCK_RAD_GROUP_DEMO_ONLY,2025-11-18,2025-11-18,ACH CREDIT PAYER REMIT EFT-BCBSTN-20251117,CREDIT,16.92,93613.39,REF5992245,EFT-BCBSTN-20251117
MOCK_RAD_GROUP_DEMO_ONLY,2025-11-18,2025-11-18,ACH CREDIT PAYER REMIT EFT-TENNCARE-20251117,CREDIT,3.81,93617.2,REF9065800,EFT-TENNCARE-20251117
MOCK_RAD_GROUP_DEMO_ONLY,2025-11-18,2025-11-18,ACH CREDIT PAYER REMIT EFT-UHC-20251117,CREDIT,93.03,93710.23,REF6177173,EFT-UHC-20251117
MOCK_RAD_GROUP_DEMO_ONLY,2025-11-18,2025-11-18,ACCOUNT ANALYSIS FEE,DEBIT,-160.79,93549.44,REF7905703,
MOCK_RAD_GROUP_DEMO_ONLY,2025-11-18,2025-11-18,BOOK TRANSFER TO OPERATING 8841,DEBIT,-6015.42,87534.02,REF4699419,
MOCK_RAD_GROUP_DEMO_ONLY,2025-11-19,2025-11-19,ACH CREDIT PAYER REMIT EFT-BCBSTN-20251117,CREDIT,318.13,87852.15,REF8747784,EFT-BCBSTN-20251117
MOCK_RAD_GROUP_DEMO_ONLY,2025-11-19,2025-11-19,ACH CREDIT PAYER REMIT EFT-MCARE-20251117,CREDIT,25.01,87877.16,REF3755835,EFT-MCARE-20251117
MOCK_RAD_GROUP_DEMO_ONLY,2025-11-19,2025-11-19,ACH CREDIT PAYER REMIT EFT-TENNCARE-20251117,CREDIT,18.91,87896.07,REF1803320,EFT-TENNCARE-20251117
MOCK_RAD_GROUP_DEMO_ONLY,2025-11-20,2025-11-20,ACH CREDIT PAYER REMIT EFT-BCBSTN-20251117,CREDIT,155.31,88051.38,REF1899681,EFT-BCBSTN-20251117
MOCK_RAD_GROUP_DEMO_ONLY,2025-11-21,2025-11-21,ACH CREDIT PAYER REMIT EFT-CIGNA-20251117,CREDIT,98.79,88150.17,REF3087274,EFT-CIGNA-20251117
MOCK_RAD_GROUP_DEMO_ONLY,2025-11-21,2025-11-21,ACH CREDIT PAYER REMIT EFT-MCARE-20251117,CREDIT,103.18,88253.35,REF8970593,EFT-MCARE-20251117
MOCK_RAD_GROUP_DEMO_ONLY,2025-11-22,2025-11-22,ACH CREDIT PAYER REMIT EFT-BCBSTN-20251117,CREDIT,236.15,88489.5,REF2024690,EFT-BCBSTN-20251117
MOCK_RAD_GROUP_DEMO_ONLY,2025-11-22,2025-11-22,ACH CREDIT PAYER REMIT EFT-MCARE-20251117,CREDIT,52.3,88541.8,REF1291133,EFT-MCARE-20251117
MOCK_RAD_GROUP_DEMO_ONLY,2025-11-22,2025-11-22,ACH CREDIT PAYER REMIT EFT-UHC-20251117,CREDIT,234.91,88776.71,REF2809315,EFT-UHC-20251117
MOCK_RAD_GROUP_DEMO_ONLY,2025-11-23,2025-11-23,ACH CREDIT PAYER REMIT EFT-MCARE-20251117,CREDIT,18.19,88794.9,REF2805075,EFT-MCARE-20251117
MOCK_RAD_GROUP_DEMO_ONLY,2025-11-23,2025-11-23,ACH CREDIT PAYER REMIT EFT-TENNCARE-20251117,CREDIT,13.39,88808.29,REF6860331,EFT-TENNCARE-20251117
MOCK_RAD_GROUP_DEMO_ONLY,2025-11-24,2025-11-24,ACH CREDIT PAYER REMIT EFT-BCBSTN-20251124,CREDIT,130.16,88938.45,REF1941793,EFT-BCBSTN-20251124
MOCK_RAD_GROUP_DEMO_ONLY,2025-11-25,2025-11-25,ACH CREDIT PAYER REMIT EFT-CIGNA-20251124,CREDIT,58.93,88997.38,REF2410609,EFT-CIGNA-20251124
MOCK_RAD_GROUP_DEMO_ONLY,2025-11-25,2025-11-25,ACH CREDIT PAYER REMIT EFT-MCARE-20251124,CREDIT,50.12,89047.5,REF9231340,EFT-MCARE-20251124
MOCK_RAD_GROUP_DEMO_ONLY,2025-11-25,2025-11-25,ACH CREDIT PAYER REMIT EFT-TENNCARE-20251124,CREDIT,32.56,89080.06,REF8789928,EFT-TENNCARE-20251124
MOCK_RAD_GROUP_DEMO_ONLY,2025-11-25,2025-11-25,ACH CREDIT PAYER REMIT EFT-UHC-20251124,CREDIT,86.57,89166.63,REF3916884,EFT-UHC-20251124
MOCK_RAD_GROUP_DEMO_ONLY,2025-11-26,2025-11-26,ACH CREDIT PAYER REMIT EFT-BCBSTN-20251124,CREDIT,159.78,89326.41,REF5851146,EFT-BCBSTN-20251124
MOCK_RAD_GROUP_DEMO_ONLY,2025-11-26,2025-11-26,ACH CREDIT PAYER REMIT EFT-CIGNA-20251124,CREDIT,130.97,89457.38,REF2349769,EFT-CIGNA-20251124
MOCK_RAD_GROUP_DEMO_ONLY,2025-11-26,2025-11-26,ACH CREDIT PAYER REMIT EFT-MCARE-20251124,CREDIT,65.06,89522.44,REF1314350,EFT-MCARE-20251124
MOCK_RAD_GROUP_DEMO_ONLY,2025-11-26,2025-11-26,ACH CREDIT PAYER REMIT EFT-UHC-20251124,CREDIT,125.37,89647.81,REF5630068,EFT-UHC-20251124
MOCK_RAD_GROUP_DEMO_ONLY,2025-11-27,2025-11-27,ACH CREDIT PAYER REMIT EFT-BCBSTN-20251124,CREDIT,146.52,89794.33,REF3204156,EFT-BCBSTN-20251124
MOCK_RAD_GROUP_DEMO_ONLY,2025-11-27,2025-11-27,ACH CREDIT PAYER REMIT EFT-TENNCARE-20251124,CREDIT,27.11,89821.44,REF7055303,EFT-TENNCARE-20251124
MOCK_RAD_GROUP_DEMO_ONLY,2025-11-28,2025-11-28,ACH CREDIT PAYER REMIT EFT-BCBSTN-20251124,CREDIT,205.95,90027.39,REF4952324,EFT-BCBSTN-20251124
MOCK_RAD_GROUP_DEMO_ONLY,2025-11-28,2025-11-28,ACH CREDIT PAYER REMIT EFT-CIGNA-20251124,CREDIT,227.06,90254.45,REF1669474,EFT-CIGNA-20251124
MOCK_RAD_GROUP_DEMO_ONLY,2025-11-28,2025-11-28,ACH CREDIT PAYER REMIT EFT-MCARE-20251124,CREDIT,182.4,90436.85,REF4452738,EFT-MCARE-20251124
MOCK_RAD_GROUP_DEMO_ONLY,2025-11-28,2025-11-28,ACH CREDIT PAYER REMIT EFT-TENNCARE-20251124,CREDIT,66.56,90503.41,REF9860078,EFT-TENNCARE-20251124
MOCK_RAD_GROUP_DEMO_ONLY,2025-11-28,2025-11-28,ACH CREDIT PAYER REMIT EFT-UHC-20251124,CREDIT,53.81,90557.22,REF7733917,EFT-UHC-20251124
MOCK_RAD_GROUP_DEMO_ONLY,2025-11-29,2025-11-29,ACH CREDIT PAYER REMIT EFT-MCARE-20251124,CREDIT,133.5,90690.72,REF2241099,EFT-MCARE-20251124
MOCK_RAD_GROUP_DEMO_ONLY,2025-11-29,2025-11-29,ACH CREDIT PAYER REMIT EFT-TENNCARE-20251124,CREDIT,28.91,90719.63,REF3593367,EFT-TENNCARE-20251124
MOCK_RAD_GROUP_DEMO_ONLY,2025-11-29,2025-11-29,ACH CREDIT PAYER REMIT EFT-UHC-20251124,CREDIT,53.16,90772.79,REF7941394,EFT-UHC-20251124
MOCK_RAD_GROUP_DEMO_ONLY,2025-11-30,2025-11-30,ACH CREDIT PAYER REMIT EFT-BCBSTN-20251124,CREDIT,127.14,90899.93,REF5136271,EFT-BCBSTN-20251124
MOCK_RAD_GROUP_DEMO_ONLY,2025-11-30,2025-11-30,ACH CREDIT PAYER REMIT EFT-CIGNA-20251124,CREDIT,283.13,91183.06,REF1026979,EFT-CIGNA-20251124
MOCK_RAD_GROUP_DEMO_ONLY,2025-11-30,2025-11-30,ACH CREDIT PAYER REMIT EFT-UHC-20251124,CREDIT,317.73,91500.79,REF8142530,EFT-UHC-20251124
MOCK_RAD_GROUP_DEMO_ONLY,2025-12-01,2025-12-01,ACH CREDIT PAYER REMIT EFT-MCARE-20251201,CREDIT,55.61,91556.4,REF3133194,EFT-MCARE-20251201
MOCK_RAD_GROUP_DEMO_ONLY,2025-12-01,2025-12-01,ACH CREDIT PAYER REMIT EFT-TENNCARE-20251201,CREDIT,30.13,91586.53,REF9746591,EFT-TENNCARE-20251201
MOCK_RAD_GROUP_DEMO_ONLY,2025-12-01,2025-12-01,ACH CREDIT PAYER REMIT EFT-UHC-20251201,CREDIT,108.64,91695.17,REF4314510,EFT-UHC-20251201
MOCK_RAD_GROUP_DEMO_ONLY,2025-12-02,2025-12-02,ACH CREDIT PAYER REMIT EFT-BCBSTN-20251201,CREDIT,16.51,91711.68,REF2659419,EFT-BCBSTN-20251201
MOCK_RAD_GROUP_DEMO_ONLY,2025-12-02,2025-12-02,ACH CREDIT PAYER REMIT EFT-TENNCARE-20251201,CREDIT,16.39,91728.07,REF1918558,EFT-TENNCARE-20251201
MOCK_RAD_GROUP_DEMO_ONLY,2025-12-02,2025-12-02,ACH CREDIT PAYER REMIT EFT-UHC-20251201,CREDIT,101.06,91829.13,REF6937715,EFT-UHC-20251201
MOCK_RAD_GROUP_DEMO_ONLY,2025-12-03,2025-12-03,ACH CREDIT PAYER REMIT EFT-CIGNA-20251201,CREDIT,217.18,92046.31,REF2163815,EFT-CIGNA-20251201
MOCK_RAD_GROUP_DEMO_ONLY,2025-12-03,2025-12-03,ACH CREDIT PAYER REMIT EFT-MCARE-20251201,CREDIT,13.72,92060.03,REF1011278,EFT-MCARE-20251201
MOCK_RAD_GROUP_DEMO_ONLY,2025-12-03,2025-12-03,ACH CREDIT PAYER REMIT EFT-TENNCARE-20251201,CREDIT,23.44,92083.47,REF4004489,EFT-TENNCARE-20251201
MOCK_RAD_GROUP_DEMO_ONLY,2025-12-04,2025-12-04,ACH CREDIT PAYER REMIT EFT-BCBSTN-20251201,CREDIT,111.88,92195.35,REF1517820,EFT-BCBSTN-20251201
MOCK_RAD_GROUP_DEMO_ONLY,2025-12-04,2025-12-04,ACH CREDIT PAYER REMIT EFT-TENNCARE-20251201,CREDIT,3.45,92198.8,REF8597963,EFT-TENNCARE-20251201
MOCK_RAD_GROUP_DEMO_ONLY,2025-12-05,2025-12-05,ACH CREDIT PAYER REMIT EFT-BCBSTN-20251201,CREDIT,115.36,92314.16,REF6562764,EFT-BCBSTN-20251201
MOCK_RAD_GROUP_DEMO_ONLY,2025-12-05,2025-12-05,ACH CREDIT PAYER REMIT EFT-MCARE-20251201,CREDIT,43.96,92358.12,REF6461362,EFT-MCARE-20251201
MOCK_RAD_GROUP_DEMO_ONLY,2025-12-06,2025-12-06,ACH CREDIT PAYER REMIT EFT-BCBSTN-20251201,CREDIT,175.66,92533.78,REF5946254,EFT-BCBSTN-20251201
MOCK_RAD_GROUP_DEMO_ONLY,2025-12-06,2025-12-06,ACH CREDIT PAYER REMIT EFT-CIGNA-20251201,CREDIT,155.66,92689.44,REF3130051,EFT-CIGNA-20251201
MOCK_RAD_GROUP_DEMO_ONLY,2025-12-06,2025-12-06,ACH CREDIT PAYER REMIT EFT-MCARE-20251201,CREDIT,130.78,92820.22,REF2896542,EFT-MCARE-20251201
MOCK_RAD_GROUP_DEMO_ONLY,2025-12-07,2025-12-07,ACH CREDIT PAYER REMIT EFT-CIGNA-20251201,CREDIT,70.46,92890.68,REF9091255,EFT-CIGNA-20251201
MOCK_RAD_GROUP_DEMO_ONLY,2025-12-07,2025-12-07,ACH CREDIT PAYER REMIT EFT-MCARE-20251201,CREDIT,112.08,93002.76,REF6339702,EFT-MCARE-20251201
MOCK_RAD_GROUP_DEMO_ONLY,2025-12-07,2025-12-07,ACH CREDIT PAYER REMIT EFT-UHC-20251201,CREDIT,158.72,93161.48,REF7078934,EFT-UHC-20251201
MOCK_RAD_GROUP_DEMO_ONLY,2025-12-08,2025-12-08,ACH CREDIT PAYER REMIT EFT-BCBSTN-20251208,CREDIT,47.87,93209.35,REF1239885,EFT-BCBSTN-20251208
MOCK_RAD_GROUP_DEMO_ONLY,2025-12-09,2025-12-09,ACH CREDIT PAYER REMIT EFT-BCBSTN-20251208,CREDIT,129.17,93338.52,REF4162759,EFT-BCBSTN-20251208
MOCK_RAD_GROUP_DEMO_ONLY,2025-12-09,2025-12-09,ACH CREDIT PAYER REMIT EFT-MCARE-20251208,CREDIT,24.09,93362.61,REF3632382,EFT-MCARE-20251208
MOCK_RAD_GROUP_DEMO_ONLY,2025-12-09,2025-12-09,ACH CREDIT PAYER REMIT EFT-TENNCARE-20251208,CREDIT,19.63,93382.24,REF6231521,EFT-TENNCARE-20251208
MOCK_RAD_GROUP_DEMO_ONLY,2025-12-09,2025-12-09,ACH CREDIT PAYER REMIT EFT-UHC-20251208,CREDIT,115.46,93497.7,REF9560296,EFT-UHC-20251208
MOCK_RAD_GROUP_DEMO_ONLY,2025-12-10,2025-12-10,ACH CREDIT PAYER REMIT EFT-CIGNA-20251208,CREDIT,267.34,93765.04,REF3219391,EFT-CIGNA-20251208
MOCK_RAD_GROUP_DEMO_ONLY,2025-12-10,2025-12-10,ACH CREDIT PAYER REMIT EFT-MCARE-20251208,CREDIT,18.9,93783.94,REF8282033,EFT-MCARE-20251208
MOCK_RAD_GROUP_DEMO_ONLY,2025-12-10,2025-12-10,ACH CREDIT PAYER REMIT EFT-TENNCARE-20251208,CREDIT,17.62,93801.56,REF2147343,EFT-TENNCARE-20251208
MOCK_RAD_GROUP_DEMO_ONLY,2025-12-10,2025-12-10,ACH CREDIT PAYER REMIT EFT-UHC-20251208,CREDIT,196.08,93997.64,REF3304947,EFT-UHC-20251208
MOCK_RAD_GROUP_DEMO_ONLY,2025-12-11,2025-12-11,ACH CREDIT PAYER REMIT EFT-BCBSTN-20251208,CREDIT,137.66,94135.3,REF4538606,EFT-BCBSTN-20251208
MOCK_RAD_GROUP_DEMO_ONLY,2025-12-11,2025-12-11,ACH CREDIT PAYER REMIT EFT-MCARE-20251208,CREDIT,60.06,94195.36,REF4468647,EFT-MCARE-20251208
MOCK_RAD_GROUP_DEMO_ONLY,2025-12-11,2025-12-11,ACH CREDIT PAYER REMIT EFT-UHC-20251208,CREDIT,140.36,94335.72,REF9641609,EFT-UHC-20251208
MOCK_RAD_GROUP_DEMO_ONLY,2025-12-12,2025-12-12,ACH CREDIT PAYER REMIT EFT-CIGNA-20251208,CREDIT,132.23,94467.95,REF5326338,EFT-CIGNA-20251208
MOCK_RAD_GROUP_DEMO_ONLY,2025-12-12,2025-12-12,ACH CREDIT PAYER REMIT EFT-MCARE-20251208,CREDIT,49.62,94517.57,REF1102554,EFT-MCARE-20251208
MOCK_RAD_GROUP_DEMO_ONLY,2025-12-12,2025-12-12,ACH CREDIT PAYER REMIT EFT-UHC-20251208,CREDIT,103.54,94621.11,REF6299388,EFT-UHC-20251208
MOCK_RAD_GROUP_DEMO_ONLY,2025-12-13,2025-12-13,ACH CREDIT PAYER REMIT EFT-BCBSTN-20251208,CREDIT,367.25,94988.36,REF2049345,EFT-BCBSTN-20251208
MOCK_RAD_GROUP_DEMO_ONLY,2025-12-13,2025-12-13,ACH CREDIT PAYER REMIT EFT-MCARE-20251208,CREDIT,82.87,95071.23,REF4617926,EFT-MCARE-20251208
MOCK_RAD_GROUP_DEMO_ONLY,2025-12-13,2025-12-13,ACH CREDIT PAYER REMIT EFT-TENNCARE-20251208,CREDIT,29.89,95101.12,REF7713790,EFT-TENNCARE-20251208
MOCK_RAD_GROUP_DEMO_ONLY,2025-12-14,2025-12-14,ACH CREDIT PAYER REMIT EFT-BCBSTN-20251208,CREDIT,106.11,95207.23,REF2330426,EFT-BCBSTN-20251208
MOCK_RAD_GROUP_DEMO_ONLY,2025-12-15,2025-12-15,ACH CREDIT PAYER REMIT EFT-BCBSTN-20251215,CREDIT,128.58,95335.81,REF8538171,EFT-BCBSTN-20251215
MOCK_RAD_GROUP_DEMO_ONLY,2025-12-15,2025-12-15,ACH CREDIT PAYER REMIT EFT-MCARE-20251215,CREDIT,93.32,95429.13,REF9453157,EFT-MCARE-20251215
MOCK_RAD_GROUP_DEMO_ONLY,2025-12-16,2025-12-16,ACH CREDIT PAYER REMIT EFT-BCBSTN-20251215,CREDIT,162.23,95591.36,REF9233602,EFT-BCBSTN-20251215
MOCK_RAD_GROUP_DEMO_ONLY,2025-12-16,2025-12-16,ACH CREDIT PAYER REMIT EFT-MCARE-20251215,CREDIT,89.74,95681.1,REF7493346,EFT-MCARE-20251215
MOCK_RAD_GROUP_DEMO_ONLY,2025-12-16,2025-12-16,ACH CREDIT PAYER REMIT EFT-UHC-20251215,CREDIT,162.67,95843.77,REF2912346,EFT-UHC-20251215
MOCK_RAD_GROUP_DEMO_ONLY,2025-12-17,2025-12-17,ACH CREDIT PAYER REMIT EFT-BCBSTN-20251215,CREDIT,190.31,96034.08,REF1217243,EFT-BCBSTN-20251215
MOCK_RAD_GROUP_DEMO_ONLY,2025-12-17,2025-12-17,ACH CREDIT PAYER REMIT EFT-TENNCARE-20251215,CREDIT,17.69,96051.77,REF8926796,EFT-TENNCARE-20251215
MOCK_RAD_GROUP_DEMO_ONLY,2025-12-17,2025-12-17,ACH CREDIT PAYER REMIT EFT-UHC-20251215,CREDIT,130.65,96182.42,REF4308566,EFT-UHC-20251215
MOCK_RAD_GROUP_DEMO_ONLY,2025-12-18,2025-12-18,ACH CREDIT PAYER REMIT EFT-BCBSTN-20251215,CREDIT,500.45,96682.87,REF5793182,EFT-BCBSTN-20251215
MOCK_RAD_GROUP_DEMO_ONLY,2025-12-18,2025-12-18,ACH CREDIT PAYER REMIT EFT-CIGNA-20251215,CREDIT,254.13,96937.0,REF1466552,EFT-CIGNA-20251215
MOCK_RAD_GROUP_DEMO_ONLY,2025-12-18,2025-12-18,ACH CREDIT PAYER REMIT EFT-MCARE-20251215,CREDIT,66.26,97003.26,REF7752216,EFT-MCARE-20251215
MOCK_RAD_GROUP_DEMO_ONLY,2025-12-18,2025-12-18,ACCOUNT ANALYSIS FEE,DEBIT,-106.22,96897.04,REF2171337,
MOCK_RAD_GROUP_DEMO_ONLY,2025-12-18,2025-12-18,BOOK TRANSFER TO OPERATING 8841,DEBIT,-6031.08,90865.96,REF8950397,
MOCK_RAD_GROUP_DEMO_ONLY,2025-12-19,2025-12-19,ACH CREDIT PAYER REMIT EFT-BCBSTN-20251215,CREDIT,122.58,90988.54,REF4043095,EFT-BCBSTN-20251215
MOCK_RAD_GROUP_DEMO_ONLY,2025-12-19,2025-12-19,ACH CREDIT PAYER REMIT EFT-CIGNA-20251215,CREDIT,100.02,91088.56,REF7836680,EFT-CIGNA-20251215
MOCK_RAD_GROUP_DEMO_ONLY,2025-12-19,2025-12-19,ACH CREDIT PAYER REMIT EFT-TENNCARE-20251215,CREDIT,18.94,91107.5,REF5331890,EFT-TENNCARE-20251215
MOCK_RAD_GROUP_DEMO_ONLY,2025-12-20,2025-12-20,ACH CREDIT PAYER REMIT EFT-BCBSTN-20251215,CREDIT,81.84,91189.34,REF5814401,EFT-BCBSTN-20251215
MOCK_RAD_GROUP_DEMO_ONLY,2025-12-20,2025-12-20,ACH CREDIT PAYER REMIT EFT-MCARE-20251215,CREDIT,80.86,91270.2,REF8848117,EFT-MCARE-20251215
MOCK_RAD_GROUP_DEMO_ONLY,2025-12-20,2025-12-20,ACH CREDIT PAYER REMIT EFT-TENNCARE-20251215,CREDIT,3.24,91273.44,REF4789161,EFT-TENNCARE-20251215
MOCK_RAD_GROUP_DEMO_ONLY,2025-12-20,2025-12-20,ACH CREDIT PAYER REMIT EFT-UHC-20251215,CREDIT,33.98,91307.42,REF9686651,EFT-UHC-20251215
MOCK_RAD_GROUP_DEMO_ONLY,2025-12-22,2025-12-22,ACH CREDIT PAYER REMIT EFT-BCBSTN-20251222,CREDIT,78.0,91385.42,REF7029825,EFT-BCBSTN-20251222
MOCK_RAD_GROUP_DEMO_ONLY,2025-12-22,2025-12-22,ACH CREDIT PAYER REMIT EFT-MCARE-20251222,CREDIT,56.14,91441.56,REF7880972,EFT-MCARE-20251222
MOCK_RAD_GROUP_DEMO_ONLY,2025-12-22,2025-12-22,ACH CREDIT PAYER REMIT EFT-SELFPAY-20251222,CREDIT,16.24,91457.8,REF2576493,EFT-SELFPAY-20251222
MOCK_RAD_GROUP_DEMO_ONLY,2025-12-22,2025-12-22,ACH CREDIT PAYER REMIT EFT-TENNCARE-20251222,CREDIT,25.33,91483.13,REF9901794,EFT-TENNCARE-20251222
MOCK_RAD_GROUP_DEMO_ONLY,2025-12-22,2025-12-22,INTEREST CREDIT,CREDIT,39.21,91522.34,REF5040859,
MOCK_RAD_GROUP_DEMO_ONLY,2025-12-23,2025-12-23,ACH CREDIT PAYER REMIT EFT-MCARE-20251222,CREDIT,25.32,91547.66,REF7927033,EFT-MCARE-20251222
MOCK_RAD_GROUP_DEMO_ONLY,2025-12-23,2025-12-23,ACH CREDIT PAYER REMIT EFT-TENNCARE-20251222,CREDIT,14.31,91561.97,REF1988545,EFT-TENNCARE-20251222
MOCK_RAD_GROUP_DEMO_ONLY,2025-12-24,2025-12-24,ACH CREDIT PAYER REMIT EFT-BCBSTN-20251222,CREDIT,225.5,91787.47,REF4755597,EFT-BCBSTN-20251222
MOCK_RAD_GROUP_DEMO_ONLY,2025-12-24,2025-12-24,ACH CREDIT PAYER REMIT EFT-MCARE-20251222,CREDIT,60.4,91847.87,REF8178675,EFT-MCARE-20251222
MOCK_RAD_GROUP_DEMO_ONLY,2025-12-24,2025-12-24,ACH CREDIT PAYER REMIT EFT-TENNCARE-20251222,CREDIT,3.12,91850.99,REF8956586,EFT-TENNCARE-20251222
MOCK_RAD_GROUP_DEMO_ONLY,2025-12-24,2025-12-24,ACH CREDIT PAYER REMIT EFT-UHC-20251222,CREDIT,45.4,91896.39,REF5415820,EFT-UHC-20251222
MOCK_RAD_GROUP_DEMO_ONLY,2025-12-25,2025-12-25,ACH CREDIT PAYER REMIT EFT-BCBSTN-20251222,CREDIT,159.91,92056.3,REF8929968,EFT-BCBSTN-20251222
MOCK_RAD_GROUP_DEMO_ONLY,2025-12-25,2025-12-25,ACH CREDIT PAYER REMIT EFT-CIGNA-20251222,CREDIT,108.95,92165.25,REF4129739,EFT-CIGNA-20251222
MOCK_RAD_GROUP_DEMO_ONLY,2025-12-25,2025-12-25,ACH CREDIT PAYER REMIT EFT-MCARE-20251222,CREDIT,21.14,92186.39,REF8681948,EFT-MCARE-20251222
MOCK_RAD_GROUP_DEMO_ONLY,2025-12-25,2025-12-25,ACH CREDIT PAYER REMIT EFT-TENNCARE-20251222,CREDIT,23.65,92210.04,REF6082235,EFT-TENNCARE-20251222
MOCK_RAD_GROUP_DEMO_ONLY,2025-12-25,2025-12-25,ACH CREDIT PAYER REMIT EFT-UHC-20251222,CREDIT,95.51,92305.55,REF6205249,EFT-UHC-20251222
MOCK_RAD_GROUP_DEMO_ONLY,2025-12-26,2025-12-26,ACH CREDIT PAYER REMIT EFT-CIGNA-20251222,CREDIT,43.92,92349.47,REF5428176,EFT-CIGNA-20251222
MOCK_RAD_GROUP_DEMO_ONLY,2025-12-27,2025-12-27,ACH CREDIT PAYER REMIT EFT-BCBSTN-20251222,CREDIT,155.5,92504.97,REF2228296,EFT-BCBSTN-20251222
MOCK_RAD_GROUP_DEMO_ONLY,2025-12-27,2025-12-27,ACH CREDIT PAYER REMIT EFT-TENNCARE-20251222,CREDIT,22.85,92527.82,REF4017944,EFT-TENNCARE-20251222
MOCK_RAD_GROUP_DEMO_ONLY,2025-12-28,2025-12-28,ACH CREDIT PAYER REMIT EFT-BCBSTN-20251222,CREDIT,212.75,92740.57,REF4791261,EFT-BCBSTN-20251222
MOCK_RAD_GROUP_DEMO_ONLY,2025-12-28,2025-12-28,ACH CREDIT PAYER REMIT EFT-CIGNA-20251222,CREDIT,20.0,92760.57,REF3031173,EFT-CIGNA-20251222
MOCK_RAD_GROUP_DEMO_ONLY,2025-12-28,2025-12-28,ACH CREDIT PAYER REMIT EFT-TENNCARE-20251222,CREDIT,19.48,92780.05,REF1970189,EFT-TENNCARE-20251222
MOCK_RAD_GROUP_DEMO_ONLY,2025-12-28,2025-12-28,ACH CREDIT PAYER REMIT EFT-UHC-20251222,CREDIT,139.42,92919.47,REF3503158,EFT-UHC-20251222
MOCK_RAD_GROUP_DEMO_ONLY,2025-12-29,2025-12-29,ACH CREDIT PAYER REMIT EFT-BCBSTN-20251229,CREDIT,15.69,92935.16,REF9038233,EFT-BCBSTN-20251229
MOCK_RAD_GROUP_DEMO_ONLY,2025-12-29,2025-12-29,ACH CREDIT PAYER REMIT EFT-CIGNA-20251229,CREDIT,179.84,93115.0,REF7426491,EFT-CIGNA-20251229
MOCK_RAD_GROUP_DEMO_ONLY,2025-12-29,2025-12-29,ACH CREDIT PAYER REMIT EFT-MCARE-20251229,CREDIT,88.09,93203.09,REF2418715,EFT-MCARE-20251229
MOCK_RAD_GROUP_DEMO_ONLY,2025-12-29,2025-12-29,ACH CREDIT PAYER REMIT EFT-UHC-20251229,CREDIT,13.76,93216.85,REF9733935,EFT-UHC-20251229
MOCK_RAD_GROUP_DEMO_ONLY,2025-12-30,2025-12-30,ACH CREDIT PAYER REMIT EFT-BCBSTN-20251229,CREDIT,292.27,93509.12,REF7494826,EFT-BCBSTN-20251229
MOCK_RAD_GROUP_DEMO_ONLY,2025-12-30,2025-12-30,ACH CREDIT PAYER REMIT EFT-CIGNA-20251229,CREDIT,188.59,93697.71,REF5068779,EFT-CIGNA-20251229
MOCK_RAD_GROUP_DEMO_ONLY,2025-12-31,2025-12-31,ACH CREDIT PAYER REMIT EFT-CIGNA-20251229,CREDIT,61.41,93759.12,REF5561388,EFT-CIGNA-20251229
MOCK_RAD_GROUP_DEMO_ONLY,2025-12-31,2025-12-31,ACH CREDIT PAYER REMIT EFT-MCARE-20251229,CREDIT,73.34,93832.46,REF2165430,EFT-MCARE-20251229
MOCK_RAD_GROUP_DEMO_ONLY,2025-12-31,2025-12-31,ACH CREDIT PAYER REMIT EFT-UHC-20251229,CREDIT,186.07,94018.53,REF3349060,EFT-UHC-20251229
MOCK_RAD_GROUP_DEMO_ONLY,2026-01-01,2026-01-01,ACH CREDIT PAYER REMIT EFT-CIGNA-20251229,CREDIT,13.05,94031.58,REF1111758,EFT-CIGNA-20251229
MOCK_RAD_GROUP_DEMO_ONLY,2026-01-01,2026-01-01,ACH CREDIT PAYER REMIT EFT-MCARE-20251229,CREDIT,30.88,94062.46,REF5125336,EFT-MCARE-20251229
MOCK_RAD_GROUP_DEMO_ONLY,2026-01-01,2026-01-01,ACH CREDIT PAYER REMIT EFT-UHC-20251229,CREDIT,149.14,94211.6,REF4078991,EFT-UHC-20251229
MOCK_RAD_GROUP_DEMO_ONLY,2026-01-02,2026-01-02,ACH CREDIT PAYER REMIT EFT-BCBSTN-20251229,CREDIT,280.54,94492.14,REF1997069,EFT-BCBSTN-20251229
MOCK_RAD_GROUP_DEMO_ONLY,2026-01-03,2026-01-03,ACH CREDIT PAYER REMIT EFT-MCARE-20251229,CREDIT,39.43,94531.57,REF7314534,EFT-MCARE-20251229
MOCK_RAD_GROUP_DEMO_ONLY,2026-01-03,2026-01-03,ACH CREDIT PAYER REMIT EFT-SELFPAY-20251229,CREDIT,13.64,94545.21,REF6533857,EFT-SELFPAY-20251229
MOCK_RAD_GROUP_DEMO_ONLY,2026-01-03,2026-01-03,ACH CREDIT PAYER REMIT EFT-UHC-20251229,CREDIT,113.17,94658.38,REF5557495,EFT-UHC-20251229
MOCK_RAD_GROUP_DEMO_ONLY,2026-01-04,2026-01-04,ACH CREDIT PAYER REMIT EFT-BCBSTN-20251229,CREDIT,56.26,94714.64,REF6549886,EFT-BCBSTN-20251229
MOCK_RAD_GROUP_DEMO_ONLY,2026-01-04,2026-01-04,ACH CREDIT PAYER REMIT EFT-UHC-20251229,CREDIT,53.7,94768.34,REF3060508,EFT-UHC-20251229
MOCK_RAD_GROUP_DEMO_ONLY,2026-01-05,2026-01-05,ACH CREDIT PAYER REMIT EFT-CIGNA-20260105,CREDIT,132.23,94900.57,REF5470021,EFT-CIGNA-20260105
MOCK_RAD_GROUP_DEMO_ONLY,2026-01-05,2026-01-05,ACH CREDIT PAYER REMIT EFT-MCARE-20260105,CREDIT,76.42,94976.99,REF2032035,EFT-MCARE-20260105
MOCK_RAD_GROUP_DEMO_ONLY,2026-01-05,2026-01-05,ACH CREDIT PAYER REMIT EFT-TENNCARE-20260105,CREDIT,29.42,95006.41,REF9283236,EFT-TENNCARE-20260105
MOCK_RAD_GROUP_DEMO_ONLY,2026-01-05,2026-01-05,ACH CREDIT PAYER REMIT EFT-UHC-20260105,CREDIT,171.37,95177.78,REF5943647,EFT-UHC-20260105
MOCK_RAD_GROUP_DEMO_ONLY,2026-01-06,2026-01-06,ACH CREDIT PAYER REMIT EFT-BCBSTN-20260105,CREDIT,203.5,95381.28,REF6241254,EFT-BCBSTN-20260105
MOCK_RAD_GROUP_DEMO_ONLY,2026-01-06,2026-01-06,ACH CREDIT PAYER REMIT EFT-CIGNA-20260105,CREDIT,160.42,95541.7,REF1015339,EFT-CIGNA-20260105
MOCK_RAD_GROUP_DEMO_ONLY,2026-01-06,2026-01-06,ACH CREDIT PAYER REMIT EFT-MCARE-20260105,CREDIT,157.86,95699.56,REF7479856,EFT-MCARE-20260105
MOCK_RAD_GROUP_DEMO_ONLY,2026-01-07,2026-01-07,ACH CREDIT PAYER REMIT EFT-MCARE-20260105,CREDIT,52.64,95752.2,REF6090207,EFT-MCARE-20260105
MOCK_RAD_GROUP_DEMO_ONLY,2026-01-07,2026-01-07,ACH CREDIT PAYER REMIT EFT-TENNCARE-20260105,CREDIT,62.25,95814.45,REF8257984,EFT-TENNCARE-20260105
MOCK_RAD_GROUP_DEMO_ONLY,2026-01-08,2026-01-08,ACH CREDIT PAYER REMIT EFT-CIGNA-20260105,CREDIT,130.72,95945.17,REF7813345,EFT-CIGNA-20260105
MOCK_RAD_GROUP_DEMO_ONLY,2026-01-08,2026-01-08,ACH CREDIT PAYER REMIT EFT-MCARE-20260105,CREDIT,146.07,96091.24,REF8322543,EFT-MCARE-20260105
MOCK_RAD_GROUP_DEMO_ONLY,2026-01-08,2026-01-08,ACH CREDIT PAYER REMIT EFT-TENNCARE-20260105,CREDIT,65.55,96156.79,REF2918019,EFT-TENNCARE-20260105
MOCK_RAD_GROUP_DEMO_ONLY,2026-01-09,2026-01-09,ACH CREDIT PAYER REMIT EFT-MCARE-20260105,CREDIT,124.6,96281.39,REF9415436,EFT-MCARE-20260105
MOCK_RAD_GROUP_DEMO_ONLY,2026-01-09,2026-01-09,ACH CREDIT PAYER REMIT EFT-TENNCARE-20260105,CREDIT,30.33,96311.72,REF7727363,EFT-TENNCARE-20260105
MOCK_RAD_GROUP_DEMO_ONLY,2026-01-09,2026-01-09,ACH CREDIT PAYER REMIT EFT-UHC-20260105,CREDIT,114.18,96425.9,REF3634740,EFT-UHC-20260105
MOCK_RAD_GROUP_DEMO_ONLY,2026-01-10,2026-01-10,ACH CREDIT PAYER REMIT EFT-BCBSTN-20260105,CREDIT,68.15,96494.05,REF2817613,EFT-BCBSTN-20260105
MOCK_RAD_GROUP_DEMO_ONLY,2026-01-10,2026-01-10,ACH CREDIT PAYER REMIT EFT-CIGNA-20260105,CREDIT,74.26,96568.31,REF7283894,EFT-CIGNA-20260105
MOCK_RAD_GROUP_DEMO_ONLY,2026-01-10,2026-01-10,ACH CREDIT PAYER REMIT EFT-MCARE-20260105,CREDIT,113.04,96681.35,REF8712697,EFT-MCARE-20260105
MOCK_RAD_GROUP_DEMO_ONLY,2026-01-10,2026-01-10,ACH CREDIT PAYER REMIT EFT-SELFPAY-20260105,CREDIT,7.28,96688.63,REF3624081,EFT-SELFPAY-20260105
MOCK_RAD_GROUP_DEMO_ONLY,2026-01-10,2026-01-10,ACH CREDIT PAYER REMIT EFT-UHC-20260105,CREDIT,229.44,96918.07,REF3911829,EFT-UHC-20260105
MOCK_RAD_GROUP_DEMO_ONLY,2026-01-11,2026-01-11,ACH CREDIT PAYER REMIT EFT-BCBSTN-20260105,CREDIT,81.61,96999.68,REF5614000,EFT-BCBSTN-20260105
MOCK_RAD_GROUP_DEMO_ONLY,2026-01-11,2026-01-11,ACH CREDIT PAYER REMIT EFT-CIGNA-20260105,CREDIT,91.76,97091.44,REF3386650,EFT-CIGNA-20260105
MOCK_RAD_GROUP_DEMO_ONLY,2026-01-11,2026-01-11,ACH CREDIT PAYER REMIT EFT-MCARE-20260105,CREDIT,93.66,97185.1,REF4132121,EFT-MCARE-20260105
MOCK_RAD_GROUP_DEMO_ONLY,2026-01-11,2026-01-11,ACH CREDIT PAYER REMIT EFT-TENNCARE-20260105,CREDIT,19.37,97204.47,REF2872191,EFT-TENNCARE-20260105
MOCK_RAD_GROUP_DEMO_ONLY,2026-01-12,2026-01-12,ACH CREDIT PAYER REMIT EFT-TENNCARE-20260112,CREDIT,43.36,97247.83,REF3604142,EFT-TENNCARE-20260112
MOCK_RAD_GROUP_DEMO_ONLY,2026-01-13,2026-01-13,ACH CREDIT PAYER REMIT EFT-MCARE-20260112,CREDIT,36.39,97284.22,REF5746038,EFT-MCARE-20260112
MOCK_RAD_GROUP_DEMO_ONLY,2026-01-13,2026-01-13,ACH CREDIT PAYER REMIT EFT-SELFPAY-20260112,CREDIT,6.21,97290.43,REF6040945,EFT-SELFPAY-20260112
MOCK_RAD_GROUP_DEMO_ONLY,2026-01-14,2026-01-14,ACH CREDIT PAYER REMIT EFT-BCBSTN-20260112,CREDIT,117.4,97407.83,REF2747098,EFT-BCBSTN-20260112
MOCK_RAD_GROUP_DEMO_ONLY,2026-01-14,2026-01-14,ACH CREDIT PAYER REMIT EFT-CIGNA-20260112,CREDIT,160.29,97568.12,REF5096167,EFT-CIGNA-20260112
MOCK_RAD_GROUP_DEMO_ONLY,2026-01-14,2026-01-14,ACH CREDIT PAYER REMIT EFT-MCARE-20260112,CREDIT,52.52,97620.64,REF1167915,EFT-MCARE-20260112
MOCK_RAD_GROUP_DEMO_ONLY,2026-01-14,2026-01-14,ACH CREDIT PAYER REMIT EFT-SELFPAY-20260112,CREDIT,12.51,97633.15,REF6970585,EFT-SELFPAY-20260112
MOCK_RAD_GROUP_DEMO_ONLY,2026-01-14,2026-01-14,ACH CREDIT PAYER REMIT EFT-UHC-20260112,CREDIT,273.69,97906.84,REF2184886,EFT-UHC-20260112
MOCK_RAD_GROUP_DEMO_ONLY,2026-01-15,2026-01-15,ACH CREDIT PAYER REMIT EFT-BCBSTN-20260112,CREDIT,155.32,98062.16,REF8128866,EFT-BCBSTN-20260112
MOCK_RAD_GROUP_DEMO_ONLY,2026-01-15,2026-01-15,ACH CREDIT PAYER REMIT EFT-CIGNA-20260112,CREDIT,124.03,98186.19,REF6245976,EFT-CIGNA-20260112
MOCK_RAD_GROUP_DEMO_ONLY,2026-01-16,2026-01-16,ACH CREDIT PAYER REMIT EFT-MCARE-20260112,CREDIT,53.72,98239.91,REF2607454,EFT-MCARE-20260112
MOCK_RAD_GROUP_DEMO_ONLY,2026-01-16,2026-01-16,ACH CREDIT PAYER REMIT EFT-TENNCARE-20260112,CREDIT,16.88,98256.79,REF7235163,EFT-TENNCARE-20260112
MOCK_RAD_GROUP_DEMO_ONLY,2026-01-17,2026-01-17,ACH CREDIT PAYER REMIT EFT-BCBSTN-20260112,CREDIT,13.8,98270.59,REF8132367,EFT-BCBSTN-20260112
MOCK_RAD_GROUP_DEMO_ONLY,2026-01-17,2026-01-17,ACH CREDIT PAYER REMIT EFT-TENNCARE-20260112,CREDIT,26.3,98296.89,REF6441617,EFT-TENNCARE-20260112
MOCK_RAD_GROUP_DEMO_ONLY,2026-01-17,2026-01-17,ACH CREDIT PAYER REMIT EFT-UHC-20260112,CREDIT,232.05,98528.94,REF5841518,EFT-UHC-20260112
MOCK_RAD_GROUP_DEMO_ONLY,2026-01-18,2026-01-18,ACH CREDIT PAYER REMIT EFT-CIGNA-20260112,CREDIT,115.57,98644.51,REF3782009,EFT-CIGNA-20260112
MOCK_RAD_GROUP_DEMO_ONLY,2026-01-18,2026-01-18,ACH CREDIT PAYER REMIT EFT-SELFPAY-20260112,CREDIT,3.54,98648.05,REF4777234,EFT-SELFPAY-20260112
MOCK_RAD_GROUP_DEMO_ONLY,2026-01-18,2026-01-18,ACH CREDIT PAYER REMIT EFT-TENNCARE-20260112,CREDIT,3.43,98651.48,REF2749169,EFT-TENNCARE-20260112
MOCK_RAD_GROUP_DEMO_ONLY,2026-01-18,2026-01-18,ACH CREDIT PAYER REMIT EFT-UHC-20260112,CREDIT,197.78,98849.26,REF9474691,EFT-UHC-20260112
MOCK_RAD_GROUP_DEMO_ONLY,2026-01-18,2026-01-18,ACCOUNT ANALYSIS FEE,DEBIT,-175.74,98673.52,REF4953354,
MOCK_RAD_GROUP_DEMO_ONLY,2026-01-18,2026-01-18,BOOK TRANSFER TO OPERATING 8841,DEBIT,-6215.68,92457.84,REF3293644,
MOCK_RAD_GROUP_DEMO_ONLY,2026-01-19,2026-01-19,ACH CREDIT PAYER REMIT EFT-BCBSTN-20260119,CREDIT,450.31,92908.15,REF4651118,EFT-BCBSTN-20260119
MOCK_RAD_GROUP_DEMO_ONLY,2026-01-19,2026-01-19,ACH CREDIT PAYER REMIT EFT-CIGNA-20260119,CREDIT,44.81,92952.96,REF6576368,EFT-CIGNA-20260119
MOCK_RAD_GROUP_DEMO_ONLY,2026-01-19,2026-01-19,ACH CREDIT PAYER REMIT EFT-MCARE-20260119,CREDIT,139.29,93092.25,REF9338337,EFT-MCARE-20260119
MOCK_RAD_GROUP_DEMO_ONLY,2026-01-19,2026-01-19,ACH CREDIT PAYER REMIT EFT-TENNCARE-20260119,CREDIT,37.93,93130.18,REF4713290,EFT-TENNCARE-20260119
MOCK_RAD_GROUP_DEMO_ONLY,2026-01-19,2026-01-19,ACH CREDIT PAYER REMIT EFT-UHC-20260119,CREDIT,95.16,93225.34,REF5126711,EFT-UHC-20260119
MOCK_RAD_GROUP_DEMO_ONLY,2026-01-20,2026-01-20,ACH CREDIT PAYER REMIT EFT-CIGNA-20260119,CREDIT,185.29,93410.63,REF7729118,EFT-CIGNA-20260119
MOCK_RAD_GROUP_DEMO_ONLY,2026-01-20,2026-01-20,ACH CREDIT PAYER REMIT EFT-MCARE-20260119,CREDIT,44.67,93455.3,REF9820292,EFT-MCARE-20260119
MOCK_RAD_GROUP_DEMO_ONLY,2026-01-20,2026-01-20,ACH CREDIT PAYER REMIT EFT-TENNCARE-20260119,CREDIT,14.93,93470.23,REF8038024,EFT-TENNCARE-20260119
MOCK_RAD_GROUP_DEMO_ONLY,2026-01-20,2026-01-20,ACH CREDIT PAYER REMIT EFT-UHC-20260119,CREDIT,108.7,93578.93,REF8844215,EFT-UHC-20260119
MOCK_RAD_GROUP_DEMO_ONLY,2026-01-21,2026-01-21,ACH CREDIT PAYER REMIT EFT-TENNCARE-20260119,CREDIT,19.46,93598.39,REF2209525,EFT-TENNCARE-20260119
MOCK_RAD_GROUP_DEMO_ONLY,2026-01-21,2026-01-21,ACH CREDIT PAYER REMIT EFT-UHC-20260119,CREDIT,109.78,93708.17,REF9897541,EFT-UHC-20260119
MOCK_RAD_GROUP_DEMO_ONLY,2026-01-21,2026-01-21,INTEREST CREDIT,CREDIT,15.74,93723.91,REF5846336,
MOCK_RAD_GROUP_DEMO_ONLY,2026-01-22,2026-01-22,ACH CREDIT PAYER REMIT EFT-BCBSTN-20260119,CREDIT,150.2,93874.11,REF6730325,EFT-BCBSTN-20260119
MOCK_RAD_GROUP_DEMO_ONLY,2026-01-22,2026-01-22,ACH CREDIT PAYER REMIT EFT-CIGNA-20260119,CREDIT,129.76,94003.87,REF4114998,EFT-CIGNA-20260119
MOCK_RAD_GROUP_DEMO_ONLY,2026-01-22,2026-01-22,ACH CREDIT PAYER REMIT EFT-MCARE-20260119,CREDIT,24.82,94028.69,REF1613298,EFT-MCARE-20260119
MOCK_RAD_GROUP_DEMO_ONLY,2026-01-22,2026-01-22,ACH CREDIT PAYER REMIT EFT-TENNCARE-20260119,CREDIT,37.46,94066.15,REF2012828,EFT-TENNCARE-20260119
MOCK_RAD_GROUP_DEMO_ONLY,2026-01-23,2026-01-23,ACH CREDIT PAYER REMIT EFT-BCBSTN-20260119,CREDIT,185.04,94251.19,REF4370397,EFT-BCBSTN-20260119
MOCK_RAD_GROUP_DEMO_ONLY,2026-01-23,2026-01-23,ACH CREDIT PAYER REMIT EFT-MCARE-20260119,CREDIT,53.95,94305.14,REF8115101,EFT-MCARE-20260119
MOCK_RAD_GROUP_DEMO_ONLY,2026-01-23,2026-01-23,ACH CREDIT PAYER REMIT EFT-UHC-20260119,CREDIT,143.56,94448.7,REF3012102,EFT-UHC-20260119
MOCK_RAD_GROUP_DEMO_ONLY,2026-01-24,2026-01-24,ACH CREDIT PAYER REMIT EFT-BCBSTN-20260119,CREDIT,182.53,94631.23,REF3888521,EFT-BCBSTN-20260119
MOCK_RAD_GROUP_DEMO_ONLY,2026-01-24,2026-01-24,ACH CREDIT PAYER REMIT EFT-MCARE-20260119,CREDIT,56.32,94687.55,REF2663700,EFT-MCARE-20260119
MOCK_RAD_GROUP_DEMO_ONLY,2026-01-24,2026-01-24,ACH CREDIT PAYER REMIT EFT-TENNCARE-20260119,CREDIT,14.9,94702.45,REF7328592,EFT-TENNCARE-20260119
MOCK_RAD_GROUP_DEMO_ONLY,2026-01-25,2026-01-25,ACH CREDIT PAYER REMIT EFT-BCBSTN-20260119,CREDIT,14.51,94716.96,REF9467857,EFT-BCBSTN-20260119
MOCK_RAD_GROUP_DEMO_ONLY,2026-01-25,2026-01-25,ACH CREDIT PAYER REMIT EFT-MCARE-20260119,CREDIT,225.91,94942.87,REF3532378,EFT-MCARE-20260119
MOCK_RAD_GROUP_DEMO_ONLY,2026-01-25,2026-01-25,ACH CREDIT PAYER REMIT EFT-TENNCARE-20260119,CREDIT,43.04,94985.91,REF7067625,EFT-TENNCARE-20260119
MOCK_RAD_GROUP_DEMO_ONLY,2026-01-26,2026-01-26,ACH CREDIT PAYER REMIT EFT-MCARE-20260126,CREDIT,64.87,95050.78,REF4443408,EFT-MCARE-20260126
MOCK_RAD_GROUP_DEMO_ONLY,2026-01-26,2026-01-26,ACH CREDIT PAYER REMIT EFT-TENNCARE-20260126,CREDIT,32.54,95083.32,REF7482990,EFT-TENNCARE-20260126
MOCK_RAD_GROUP_DEMO_ONLY,2026-01-27,2026-01-27,ACH CREDIT PAYER REMIT EFT-MCARE-20260126,CREDIT,55.13,95138.45,REF1675951,EFT-MCARE-20260126
MOCK_RAD_GROUP_DEMO_ONLY,2026-01-27,2026-01-27,ACH CREDIT PAYER REMIT EFT-TENNCARE-20260126,CREDIT,3.52,95141.97,REF6652980,EFT-TENNCARE-20260126
MOCK_RAD_GROUP_DEMO_ONLY,2026-01-27,2026-01-27,ACH CREDIT PAYER REMIT EFT-UHC-20260126,CREDIT,167.5,95309.47,REF9885821,EFT-UHC-20260126
MOCK_RAD_GROUP_DEMO_ONLY,2026-01-28,2026-01-28,ACH CREDIT PAYER REMIT EFT-BCBSTN-20260126,CREDIT,282.69,95592.16,REF4792235,EFT-BCBSTN-20260126
MOCK_RAD_GROUP_DEMO_ONLY,2026-01-28,2026-01-28,ACH CREDIT PAYER REMIT EFT-CIGNA-20260126,CREDIT,108.64,95700.8,REF5714651,EFT-CIGNA-20260126
MOCK_RAD_GROUP_DEMO_ONLY,2026-01-28,2026-01-28,ACH CREDIT PAYER REMIT EFT-MCARE-20260126,CREDIT,58.57,95759.37,REF8050804,EFT-MCARE-20260126
MOCK_RAD_GROUP_DEMO_ONLY,2026-01-28,2026-01-28,ACH CREDIT PAYER REMIT EFT-TENNCARE-20260126,CREDIT,16.68,95776.05,REF7500456,EFT-TENNCARE-20260126
MOCK_RAD_GROUP_DEMO_ONLY,2026-01-29,2026-01-29,ACH CREDIT PAYER REMIT EFT-CIGNA-20260126,CREDIT,160.05,95936.1,REF3023754,EFT-CIGNA-20260126
MOCK_RAD_GROUP_DEMO_ONLY,2026-01-29,2026-01-29,ACH CREDIT PAYER REMIT EFT-MCARE-20260126,CREDIT,111.01,96047.11,REF2961927,EFT-MCARE-20260126
MOCK_RAD_GROUP_DEMO_ONLY,2026-01-29,2026-01-29,ACH CREDIT PAYER REMIT EFT-UHC-20260126,CREDIT,137.56,96184.67,REF5817786,EFT-UHC-20260126
MOCK_RAD_GROUP_DEMO_ONLY,2026-01-30,2026-01-30,ACH CREDIT PAYER REMIT EFT-CIGNA-20260126,CREDIT,111.95,96296.62,REF2237910,EFT-CIGNA-20260126
MOCK_RAD_GROUP_DEMO_ONLY,2026-01-30,2026-01-30,ACH CREDIT PAYER REMIT EFT-MCARE-20260126,CREDIT,53.01,96349.63,REF6313654,EFT-MCARE-20260126
MOCK_RAD_GROUP_DEMO_ONLY,2026-01-30,2026-01-30,ACH CREDIT PAYER REMIT EFT-TENNCARE-20260126,CREDIT,32.29,96381.92,REF3454295,EFT-TENNCARE-20260126
MOCK_RAD_GROUP_DEMO_ONLY,2026-01-31,2026-01-31,ACH CREDIT PAYER REMIT EFT-CIGNA-20260126,CREDIT,54.22,96436.14,REF4450478,EFT-CIGNA-20260126
MOCK_RAD_GROUP_DEMO_ONLY,2026-01-31,2026-01-31,ACH CREDIT PAYER REMIT EFT-TENNCARE-20260126,CREDIT,37.02,96473.16,REF3215992,EFT-TENNCARE-20260126
MOCK_RAD_GROUP_DEMO_ONLY,2026-01-31,2026-01-31,ACH CREDIT PAYER REMIT EFT-UHC-20260126,CREDIT,49.23,96522.39,REF9414357,EFT-UHC-20260126
MOCK_RAD_GROUP_DEMO_ONLY,2026-02-01,2026-02-01,ACH CREDIT PAYER REMIT EFT-BCBSTN-20260126,CREDIT,48.7,96571.09,REF2107241,EFT-BCBSTN-20260126
MOCK_RAD_GROUP_DEMO_ONLY,2026-02-01,2026-02-01,ACH CREDIT PAYER REMIT EFT-MCARE-20260126,CREDIT,27.18,96598.27,REF7710093,EFT-MCARE-20260126
MOCK_RAD_GROUP_DEMO_ONLY,2026-02-02,2026-02-02,ACH CREDIT PAYER REMIT EFT-BCBSTN-20260202,CREDIT,250.59,96848.86,REF7436413,EFT-BCBSTN-20260202
MOCK_RAD_GROUP_DEMO_ONLY,2026-02-02,2026-02-02,ACH CREDIT PAYER REMIT EFT-CIGNA-20260202,CREDIT,63.32,96912.18,REF7385400,EFT-CIGNA-20260202
MOCK_RAD_GROUP_DEMO_ONLY,2026-02-02,2026-02-02,ACH CREDIT PAYER REMIT EFT-MCARE-20260202,CREDIT,55.7,96967.88,REF8108786,EFT-MCARE-20260202
MOCK_RAD_GROUP_DEMO_ONLY,2026-02-02,2026-02-02,ACH CREDIT PAYER REMIT EFT-TENNCARE-20260202,CREDIT,26.05,96993.93,REF5933140,EFT-TENNCARE-20260202
MOCK_RAD_GROUP_DEMO_ONLY,2026-02-02,2026-02-02,ACH CREDIT PAYER REMIT EFT-UHC-20260202,CREDIT,178.67,97172.6,REF8469637,EFT-UHC-20260202
MOCK_RAD_GROUP_DEMO_ONLY,2026-02-03,2026-02-03,ACH CREDIT PAYER REMIT EFT-BCBSTN-20260202,CREDIT,88.41,97261.01,REF9414100,EFT-BCBSTN-20260202
MOCK_RAD_GROUP_DEMO_ONLY,2026-02-03,2026-02-03,ACH CREDIT PAYER REMIT EFT-CIGNA-20260202,CREDIT,199.17,97460.18,REF4626262,EFT-CIGNA-20260202
MOCK_RAD_GROUP_DEMO_ONLY,2026-02-04,2026-02-04,ACH CREDIT PAYER REMIT EFT-CIGNA-20260202,CREDIT,14.24,97474.42,REF5021895,EFT-CIGNA-20260202
MOCK_RAD_GROUP_DEMO_ONLY,2026-02-04,2026-02-04,ACH CREDIT PAYER REMIT EFT-MCARE-20260202,CREDIT,120.57,97594.99,REF4305135,EFT-MCARE-20260202
MOCK_RAD_GROUP_DEMO_ONLY,2026-02-04,2026-02-04,ACH CREDIT PAYER REMIT EFT-SELFPAY-20260202,CREDIT,6.9,97601.89,REF2087179,EFT-SELFPAY-20260202
MOCK_RAD_GROUP_DEMO_ONLY,2026-02-04,2026-02-04,ACH CREDIT PAYER REMIT EFT-TENNCARE-20260202,CREDIT,30.6,97632.49,REF2645178,EFT-TENNCARE-20260202
MOCK_RAD_GROUP_DEMO_ONLY,2026-02-05,2026-02-05,ACH CREDIT PAYER REMIT EFT-BCBSTN-20260202,CREDIT,61.97,97694.46,REF8892520,EFT-BCBSTN-20260202
MOCK_RAD_GROUP_DEMO_ONLY,2026-02-05,2026-02-05,ACH CREDIT PAYER REMIT EFT-CIGNA-20260202,CREDIT,148.64,97843.1,REF2739849,EFT-CIGNA-20260202
MOCK_RAD_GROUP_DEMO_ONLY,2026-02-05,2026-02-05,ACH CREDIT PAYER REMIT EFT-MCARE-20260202,CREDIT,83.2,97926.3,REF8327552,EFT-MCARE-20260202
MOCK_RAD_GROUP_DEMO_ONLY,2026-02-05,2026-02-05,ACH CREDIT PAYER REMIT EFT-TENNCARE-20260202,CREDIT,43.7,97970.0,REF7320182,EFT-TENNCARE-20260202
MOCK_RAD_GROUP_DEMO_ONLY,2026-02-06,2026-02-06,ACH CREDIT PAYER REMIT EFT-BCBSTN-20260202,CREDIT,57.79,98027.79,REF7390484,EFT-BCBSTN-20260202
MOCK_RAD_GROUP_DEMO_ONLY,2026-02-06,2026-02-06,ACH CREDIT PAYER REMIT EFT-MCARE-20260202,CREDIT,167.37,98195.16,REF9334520,EFT-MCARE-20260202
MOCK_RAD_GROUP_DEMO_ONLY,2026-02-07,2026-02-07,ACH CREDIT PAYER REMIT EFT-BCBSTN-20260202,CREDIT,161.88,98357.04,REF3936344,EFT-BCBSTN-20260202
MOCK_RAD_GROUP_DEMO_ONLY,2026-02-07,2026-02-07,ACH CREDIT PAYER REMIT EFT-CIGNA-20260202,CREDIT,145.77,98502.81,REF9765506,EFT-CIGNA-20260202
MOCK_RAD_GROUP_DEMO_ONLY,2026-02-07,2026-02-07,ACH CREDIT PAYER REMIT EFT-TENNCARE-20260202,CREDIT,11.41,98514.22,REF3772317,EFT-TENNCARE-20260202
MOCK_RAD_GROUP_DEMO_ONLY,2026-02-08,2026-02-08,ACH CREDIT PAYER REMIT EFT-BCBSTN-20260202,CREDIT,65.64,98579.86,REF5930661,EFT-BCBSTN-20260202
MOCK_RAD_GROUP_DEMO_ONLY,2026-02-09,2026-02-09,ACH CREDIT PAYER REMIT EFT-MCARE-20260209,CREDIT,99.08,98678.94,REF9195283,EFT-MCARE-20260209
MOCK_RAD_GROUP_DEMO_ONLY,2026-02-09,2026-02-09,ACH CREDIT PAYER REMIT EFT-TENNCARE-20260209,CREDIT,44.85,98723.79,REF9964250,EFT-TENNCARE-20260209
MOCK_RAD_GROUP_DEMO_ONLY,2026-02-10,2026-02-10,ACH CREDIT PAYER REMIT EFT-BCBSTN-20260209,CREDIT,450.44,99174.23,REF5671596,EFT-BCBSTN-20260209
MOCK_RAD_GROUP_DEMO_ONLY,2026-02-10,2026-02-10,ACH CREDIT PAYER REMIT EFT-CIGNA-20260209,CREDIT,119.85,99294.08,REF1634497,EFT-CIGNA-20260209
MOCK_RAD_GROUP_DEMO_ONLY,2026-02-10,2026-02-10,ACH CREDIT PAYER REMIT EFT-TENNCARE-20260209,CREDIT,23.28,99317.36,REF7694506,EFT-TENNCARE-20260209
MOCK_RAD_GROUP_DEMO_ONLY,2026-02-10,2026-02-10,ACH CREDIT PAYER REMIT EFT-UHC-20260209,CREDIT,116.62,99433.98,REF1562905,EFT-UHC-20260209
MOCK_RAD_GROUP_DEMO_ONLY,2026-02-11,2026-02-11,ACH CREDIT PAYER REMIT EFT-BCBSTN-20260209,CREDIT,198.36,99632.34,REF8332740,EFT-BCBSTN-20260209
MOCK_RAD_GROUP_DEMO_ONLY,2026-02-11,2026-02-11,ACH CREDIT PAYER REMIT EFT-MCARE-20260209,CREDIT,21.34,99653.68,REF3611433,EFT-MCARE-20260209
MOCK_RAD_GROUP_DEMO_ONLY,2026-02-11,2026-02-11,ACH CREDIT PAYER REMIT EFT-UHC-20260209,CREDIT,102.51,99756.19,REF4167639,EFT-UHC-20260209
MOCK_RAD_GROUP_DEMO_ONLY,2026-02-12,2026-02-12,ACH CREDIT PAYER REMIT EFT-BCBSTN-20260209,CREDIT,63.21,99819.4,REF3710781,EFT-BCBSTN-20260209
MOCK_RAD_GROUP_DEMO_ONLY,2026-02-12,2026-02-12,ACH CREDIT PAYER REMIT EFT-MCARE-20260209,CREDIT,22.11,99841.51,REF8142288,EFT-MCARE-20260209
MOCK_RAD_GROUP_DEMO_ONLY,2026-02-12,2026-02-12,ACH CREDIT PAYER REMIT EFT-TENNCARE-20260209,CREDIT,27.25,99868.76,REF5358403,EFT-TENNCARE-20260209
MOCK_RAD_GROUP_DEMO_ONLY,2026-02-12,2026-02-12,ACH CREDIT PAYER REMIT EFT-UHC-20260209,CREDIT,110.76,99979.52,REF3836579,EFT-UHC-20260209
MOCK_RAD_GROUP_DEMO_ONLY,2026-02-13,2026-02-13,ACH CREDIT PAYER REMIT EFT-BCBSTN-20260209,CREDIT,72.63,100052.15,REF7205769,EFT-BCBSTN-20260209
MOCK_RAD_GROUP_DEMO_ONLY,2026-02-13,2026-02-13,ACH CREDIT PAYER REMIT EFT-CIGNA-20260209,CREDIT,105.75,100157.9,REF2672667,EFT-CIGNA-20260209
MOCK_RAD_GROUP_DEMO_ONLY,2026-02-13,2026-02-13,ACH CREDIT PAYER REMIT EFT-MCARE-20260209,CREDIT,6.62,100164.52,REF4854302,EFT-MCARE-20260209
MOCK_RAD_GROUP_DEMO_ONLY,2026-02-13,2026-02-13,ACH CREDIT PAYER REMIT EFT-TENNCARE-20260209,CREDIT,35.67,100200.19,REF4444632,EFT-TENNCARE-20260209
MOCK_RAD_GROUP_DEMO_ONLY,2026-02-13,2026-02-13,ACH CREDIT PAYER REMIT EFT-UHC-20260209,CREDIT,58.89,100259.08,REF5807328,EFT-UHC-20260209
MOCK_RAD_GROUP_DEMO_ONLY,2026-02-14,2026-02-14,ACH CREDIT PAYER REMIT EFT-BCBSTN-20260209,CREDIT,79.89,100338.97,REF3876702,EFT-BCBSTN-20260209
MOCK_RAD_GROUP_DEMO_ONLY,2026-02-15,2026-02-15,ACH CREDIT PAYER REMIT EFT-BCBSTN-20260209,CREDIT,140.01,100478.98,REF3049312,EFT-BCBSTN-20260209
MOCK_RAD_GROUP_DEMO_ONLY,2026-02-15,2026-02-15,ACH CREDIT PAYER REMIT EFT-MCARE-20260209,CREDIT,94.4,100573.38,REF8202343,EFT-MCARE-20260209
MOCK_RAD_GROUP_DEMO_ONLY,2026-02-15,2026-02-15,ACH CREDIT PAYER REMIT EFT-TENNCARE-20260209,CREDIT,42.71,100616.09,REF4819259,EFT-TENNCARE-20260209
MOCK_RAD_GROUP_DEMO_ONLY,2026-02-15,2026-02-15,ACH CREDIT PAYER REMIT EFT-UHC-20260209,CREDIT,342.98,100959.07,REF2502698,EFT-UHC-20260209
MOCK_RAD_GROUP_DEMO_ONLY,2026-02-16,2026-02-16,ACH CREDIT PAYER REMIT EFT-CIGNA-20260216,CREDIT,152.42,101111.49,REF5547502,EFT-CIGNA-20260216
MOCK_RAD_GROUP_DEMO_ONLY,2026-02-16,2026-02-16,ACH CREDIT PAYER REMIT EFT-MCARE-20260216,CREDIT,89.25,101200.74,REF2442789,EFT-MCARE-20260216
MOCK_RAD_GROUP_DEMO_ONLY,2026-02-16,2026-02-16,ACH CREDIT PAYER REMIT EFT-TENNCARE-20260216,CREDIT,48.99,101249.73,REF3766888,EFT-TENNCARE-20260216
MOCK_RAD_GROUP_DEMO_ONLY,2026-02-17,2026-02-17,ACH CREDIT PAYER REMIT EFT-BCBSTN-20260216,CREDIT,68.67,101318.4,REF8442526,EFT-BCBSTN-20260216
MOCK_RAD_GROUP_DEMO_ONLY,2026-02-17,2026-02-17,ACH CREDIT PAYER REMIT EFT-CIGNA-20260216,CREDIT,192.78,101511.18,REF9268128,EFT-CIGNA-20260216
MOCK_RAD_GROUP_DEMO_ONLY,2026-02-17,2026-02-17,ACH CREDIT PAYER REMIT EFT-MCARE-20260216,CREDIT,122.57,101633.75,REF3378163,EFT-MCARE-20260216
MOCK_RAD_GROUP_DEMO_ONLY,2026-02-17,2026-02-17,ACH CREDIT PAYER REMIT EFT-TENNCARE-20260216,CREDIT,42.23,101675.98,REF9797339,EFT-TENNCARE-20260216
MOCK_RAD_GROUP_DEMO_ONLY,2026-02-17,2026-02-17,ACH CREDIT PAYER REMIT EFT-UHC-20260216,CREDIT,52.06,101728.04,REF1150656,EFT-UHC-20260216
MOCK_RAD_GROUP_DEMO_ONLY,2026-02-18,2026-02-18,ACH CREDIT PAYER REMIT EFT-BCBSTN-20260216,CREDIT,56.64,101784.68,REF7421887,EFT-BCBSTN-20260216
MOCK_RAD_GROUP_DEMO_ONLY,2026-02-18,2026-02-18,ACH CREDIT PAYER REMIT EFT-CIGNA-20260216,CREDIT,48.87,101833.55,REF5157153,EFT-CIGNA-20260216
MOCK_RAD_GROUP_DEMO_ONLY,2026-02-18,2026-02-18,ACH CREDIT PAYER REMIT EFT-MCARE-20260216,CREDIT,49.13,101882.68,REF9103472,EFT-MCARE-20260216
MOCK_RAD_GROUP_DEMO_ONLY,2026-02-18,2026-02-18,ACH CREDIT PAYER REMIT EFT-TENNCARE-20260216,CREDIT,27.34,101910.02,REF9322965,EFT-TENNCARE-20260216
MOCK_RAD_GROUP_DEMO_ONLY,2026-02-18,2026-02-18,ACH CREDIT PAYER REMIT EFT-UHC-20260216,CREDIT,274.32,102184.34,REF4502061,EFT-UHC-20260216
MOCK_RAD_GROUP_DEMO_ONLY,2026-02-18,2026-02-18,ACCOUNT ANALYSIS FEE,DEBIT,-167.66,102016.68,REF7753262,
MOCK_RAD_GROUP_DEMO_ONLY,2026-02-18,2026-02-18,BOOK TRANSFER TO OPERATING 8841,DEBIT,-5955.17,96061.51,REF9066044,
MOCK_RAD_GROUP_DEMO_ONLY,2026-02-19,2026-02-19,ACH CREDIT PAYER REMIT EFT-BCBSTN-20260216,CREDIT,215.77,96277.28,REF5061917,EFT-BCBSTN-20260216
MOCK_RAD_GROUP_DEMO_ONLY,2026-02-19,2026-02-19,ACH CREDIT PAYER REMIT EFT-MCARE-20260216,CREDIT,50.45,96327.73,REF8732598,EFT-MCARE-20260216
MOCK_RAD_GROUP_DEMO_ONLY,2026-02-19,2026-02-19,ACH CREDIT PAYER REMIT EFT-UHC-20260216,CREDIT,94.67,96422.4,REF1385661,EFT-UHC-20260216
MOCK_RAD_GROUP_DEMO_ONLY,2026-02-20,2026-02-20,ACH CREDIT PAYER REMIT EFT-CIGNA-20260216,CREDIT,99.98,96522.38,REF3248649,EFT-CIGNA-20260216
MOCK_RAD_GROUP_DEMO_ONLY,2026-02-20,2026-02-20,ACH CREDIT PAYER REMIT EFT-TENNCARE-20260216,CREDIT,59.16,96581.54,REF6268709,EFT-TENNCARE-20260216
MOCK_RAD_GROUP_DEMO_ONLY,2026-02-20,2026-02-20,ACH CREDIT PAYER REMIT EFT-UHC-20260216,CREDIT,126.91,96708.45,REF6445425,EFT-UHC-20260216
MOCK_RAD_GROUP_DEMO_ONLY,2026-02-21,2026-02-21,ACH CREDIT PAYER REMIT EFT-MCARE-20260216,CREDIT,145.76,96854.21,REF5107005,EFT-MCARE-20260216
MOCK_RAD_GROUP_DEMO_ONLY,2026-02-21,2026-02-21,ACH CREDIT PAYER REMIT EFT-SELFPAY-20260216,CREDIT,20.74,96874.95,REF8960545,EFT-SELFPAY-20260216
MOCK_RAD_GROUP_DEMO_ONLY,2026-02-21,2026-02-21,ACH CREDIT PAYER REMIT EFT-UHC-20260216,CREDIT,67.53,96942.48,REF2176782,EFT-UHC-20260216
MOCK_RAD_GROUP_DEMO_ONLY,2026-02-21,2026-02-21,INTEREST CREDIT,CREDIT,11.77,96954.25,REF7002259,
MOCK_RAD_GROUP_DEMO_ONLY,2026-02-22,2026-02-22,ACH CREDIT PAYER REMIT EFT-BCBSTN-20260216,CREDIT,237.44,97191.69,REF3733203,EFT-BCBSTN-20260216
MOCK_RAD_GROUP_DEMO_ONLY,2026-02-22,2026-02-22,ACH CREDIT PAYER REMIT EFT-TENNCARE-20260216,CREDIT,17.93,97209.62,REF3435870,EFT-TENNCARE-20260216
MOCK_RAD_GROUP_DEMO_ONLY,2026-02-23,2026-02-23,ACH CREDIT PAYER REMIT EFT-MCARE-20260223,CREDIT,87.16,97296.78,REF7636813,EFT-MCARE-20260223
MOCK_RAD_GROUP_DEMO_ONLY,2026-02-23,2026-02-23,ACH CREDIT PAYER REMIT EFT-UHC-20260223,CREDIT,13.1,97309.88,REF5908645,EFT-UHC-20260223
MOCK_RAD_GROUP_DEMO_ONLY,2026-02-24,2026-02-24,ACH CREDIT PAYER REMIT EFT-BCBSTN-20260223,CREDIT,129.7,97439.58,REF5051055,EFT-BCBSTN-20260223
MOCK_RAD_GROUP_DEMO_ONLY,2026-02-24,2026-02-24,ACH CREDIT PAYER REMIT EFT-MCARE-20260223,CREDIT,88.44,97528.02,REF5801810,EFT-MCARE-20260223
MOCK_RAD_GROUP_DEMO_ONLY,2026-02-24,2026-02-24,ACH CREDIT PAYER REMIT EFT-TENNCARE-20260223,CREDIT,40.7,97568.72,REF6970646,EFT-TENNCARE-20260223
MOCK_RAD_GROUP_DEMO_ONLY,2026-02-25,2026-02-25,ACH CREDIT PAYER REMIT EFT-BCBSTN-20260223,CREDIT,300.26,97868.98,REF8904780,EFT-BCBSTN-20260223
MOCK_RAD_GROUP_DEMO_ONLY,2026-02-25,2026-02-25,ACH CREDIT PAYER REMIT EFT-CIGNA-20260223,CREDIT,139.57,98008.55,REF6970435,EFT-CIGNA-20260223
MOCK_RAD_GROUP_DEMO_ONLY,2026-02-25,2026-02-25,ACH CREDIT PAYER REMIT EFT-TENNCARE-20260223,CREDIT,16.12,98024.67,REF5209232,EFT-TENNCARE-20260223
MOCK_RAD_GROUP_DEMO_ONLY,2026-02-26,2026-02-26,ACH CREDIT PAYER REMIT EFT-MCARE-20260223,CREDIT,120.92,98145.59,REF5531333,EFT-MCARE-20260223
MOCK_RAD_GROUP_DEMO_ONLY,2026-02-26,2026-02-26,ACH CREDIT PAYER REMIT EFT-SELFPAY-20260223,CREDIT,4.76,98150.35,REF2869702,EFT-SELFPAY-20260223
MOCK_RAD_GROUP_DEMO_ONLY,2026-02-26,2026-02-26,ACH CREDIT PAYER REMIT EFT-TENNCARE-20260223,CREDIT,39.24,98189.59,REF8798474,EFT-TENNCARE-20260223
MOCK_RAD_GROUP_DEMO_ONLY,2026-02-26,2026-02-26,ACH CREDIT PAYER REMIT EFT-UHC-20260223,CREDIT,121.09,98310.68,REF5388007,EFT-UHC-20260223
MOCK_RAD_GROUP_DEMO_ONLY,2026-02-27,2026-02-27,ACH CREDIT PAYER REMIT EFT-BCBSTN-20260223,CREDIT,160.8,98471.48,REF6068132,EFT-BCBSTN-20260223
MOCK_RAD_GROUP_DEMO_ONLY,2026-02-27,2026-02-27,ACH CREDIT PAYER REMIT EFT-MCARE-20260223,CREDIT,62.19,98533.67,REF5296436,EFT-MCARE-20260223
MOCK_RAD_GROUP_DEMO_ONLY,2026-02-27,2026-02-27,ACH CREDIT PAYER REMIT EFT-TENNCARE-20260223,CREDIT,24.58,98558.25,REF2204947,EFT-TENNCARE-20260223
MOCK_RAD_GROUP_DEMO_ONLY,2026-02-28,2026-02-28,ACH CREDIT PAYER REMIT EFT-CIGNA-20260223,CREDIT,236.15,98794.4,REF9789476,EFT-CIGNA-20260223
MOCK_RAD_GROUP_DEMO_ONLY,2026-02-28,2026-02-28,ACH CREDIT PAYER REMIT EFT-MCARE-20260223,CREDIT,103.39,98897.79,REF1804278,EFT-MCARE-20260223
MOCK_RAD_GROUP_DEMO_ONLY,2026-02-28,2026-02-28,ACH CREDIT PAYER REMIT EFT-TENNCARE-20260223,CREDIT,20.92,98918.71,REF7368847,EFT-TENNCARE-20260223
MOCK_RAD_GROUP_DEMO_ONLY,2026-03-01,2026-03-01,ACH CREDIT PAYER REMIT EFT-BCBSTN-20260223,CREDIT,87.62,99006.33,REF3951479,EFT-BCBSTN-20260223
MOCK_RAD_GROUP_DEMO_ONLY,2026-03-01,2026-03-01,ACH CREDIT PAYER REMIT EFT-MCARE-20260223,CREDIT,67.48,99073.81,REF9018889,EFT-MCARE-20260223
MOCK_RAD_GROUP_DEMO_ONLY,2026-03-01,2026-03-01,ACH CREDIT PAYER REMIT EFT-TENNCARE-20260223,CREDIT,13.15,99086.96,REF1782077,EFT-TENNCARE-20260223
MOCK_RAD_GROUP_DEMO_ONLY,2026-03-02,2026-03-02,ACH CREDIT PAYER REMIT EFT-CIGNA-20260302,CREDIT,53.02,99139.98,REF7632309,EFT-CIGNA-20260302
MOCK_RAD_GROUP_DEMO_ONLY,2026-03-02,2026-03-02,ACH CREDIT PAYER REMIT EFT-MCARE-20260302,CREDIT,75.56,99215.54,REF7095550,EFT-MCARE-20260302
MOCK_RAD_GROUP_DEMO_ONLY,2026-03-02,2026-03-02,ACH CREDIT PAYER REMIT EFT-UHC-20260302,CREDIT,159.06,99374.6,REF9505933,EFT-UHC-20260302
MOCK_RAD_GROUP_DEMO_ONLY,2026-03-03,2026-03-03,ACH CREDIT PAYER REMIT EFT-MCARE-20260302,CREDIT,120.01,99494.61,REF5639001,EFT-MCARE-20260302
MOCK_RAD_GROUP_DEMO_ONLY,2026-03-03,2026-03-03,ACH CREDIT PAYER REMIT EFT-TENNCARE-20260302,CREDIT,22.86,99517.47,REF4485995,EFT-TENNCARE-20260302
MOCK_RAD_GROUP_DEMO_ONLY,2026-03-03,2026-03-03,ACH CREDIT PAYER REMIT EFT-UHC-20260302,CREDIT,161.6,99679.07,REF2662703,EFT-UHC-20260302
MOCK_RAD_GROUP_DEMO_ONLY,2026-03-04,2026-03-04,ACH CREDIT PAYER REMIT EFT-BCBSTN-20260302,CREDIT,104.63,99783.7,REF8909129,EFT-BCBSTN-20260302
MOCK_RAD_GROUP_DEMO_ONLY,2026-03-04,2026-03-04,ACH CREDIT PAYER REMIT EFT-CIGNA-20260302,CREDIT,64.96,99848.66,REF5291902,EFT-CIGNA-20260302
MOCK_RAD_GROUP_DEMO_ONLY,2026-03-04,2026-03-04,ACH CREDIT PAYER REMIT EFT-MCARE-20260302,CREDIT,25.96,99874.62,REF8002793,EFT-MCARE-20260302
MOCK_RAD_GROUP_DEMO_ONLY,2026-03-04,2026-03-04,ACH CREDIT PAYER REMIT EFT-SELFPAY-20260302,CREDIT,4.79,99879.41,REF2356267,EFT-SELFPAY-20260302
MOCK_RAD_GROUP_DEMO_ONLY,2026-03-04,2026-03-04,ACH CREDIT PAYER REMIT EFT-UHC-20260302,CREDIT,88.11,99967.52,REF3777207,EFT-UHC-20260302
MOCK_RAD_GROUP_DEMO_ONLY,2026-03-05,2026-03-05,ACH CREDIT PAYER REMIT EFT-BCBSTN-20260302,CREDIT,196.25,100163.77,REF9761915,EFT-BCBSTN-20260302
MOCK_RAD_GROUP_DEMO_ONLY,2026-03-05,2026-03-05,ACH CREDIT PAYER REMIT EFT-MCARE-20260302,CREDIT,55.16,100218.93,REF1692529,EFT-MCARE-20260302
MOCK_RAD_GROUP_DEMO_ONLY,2026-03-05,2026-03-05,ACH CREDIT PAYER REMIT EFT-TENNCARE-20260302,CREDIT,20.51,100239.44,REF7407076,EFT-TENNCARE-20260302
MOCK_RAD_GROUP_DEMO_ONLY,2026-03-05,2026-03-05,ACH CREDIT PAYER REMIT EFT-UHC-20260302,CREDIT,135.0,100374.44,REF4155044,EFT-UHC-20260302
MOCK_RAD_GROUP_DEMO_ONLY,2026-03-06,2026-03-06,ACH CREDIT PAYER REMIT EFT-CIGNA-20260302,CREDIT,122.58,100497.02,REF9786855,EFT-CIGNA-20260302
MOCK_RAD_GROUP_DEMO_ONLY,2026-03-06,2026-03-06,ACH CREDIT PAYER REMIT EFT-TENNCARE-20260302,CREDIT,83.04,100580.06,REF7886045,EFT-TENNCARE-20260302
MOCK_RAD_GROUP_DEMO_ONLY,2026-03-06,2026-03-06,ACH CREDIT PAYER REMIT EFT-UHC-20260302,CREDIT,100.35,100680.41,REF4352793,EFT-UHC-20260302
MOCK_RAD_GROUP_DEMO_ONLY,2026-03-07,2026-03-07,ACH CREDIT PAYER REMIT EFT-BCBSTN-20260302,CREDIT,148.68,100829.09,REF7617556,EFT-BCBSTN-20260302
MOCK_RAD_GROUP_DEMO_ONLY,2026-03-07,2026-03-07,ACH CREDIT PAYER REMIT EFT-MCARE-20260302,CREDIT,19.85,100848.94,REF8034917,EFT-MCARE-20260302
MOCK_RAD_GROUP_DEMO_ONLY,2026-03-07,2026-03-07,ACH CREDIT PAYER REMIT EFT-SELFPAY-20260302,CREDIT,1.83,100850.77,REF3529043,EFT-SELFPAY-20260302
MOCK_RAD_GROUP_DEMO_ONLY,2026-03-08,2026-03-08,ACH CREDIT PAYER REMIT EFT-CIGNA-20260302,CREDIT,198.9,101049.67,REF7331649,EFT-CIGNA-20260302
MOCK_RAD_GROUP_DEMO_ONLY,2026-03-08,2026-03-08,ACH CREDIT PAYER REMIT EFT-MCARE-20260302,CREDIT,83.93,101133.6,REF8328688,EFT-MCARE-20260302
MOCK_RAD_GROUP_DEMO_ONLY,2026-03-08,2026-03-08,ACH CREDIT PAYER REMIT EFT-TENNCARE-20260302,CREDIT,14.27,101147.87,REF4861805,EFT-TENNCARE-20260302
MOCK_RAD_GROUP_DEMO_ONLY,2026-03-09,2026-03-09,ACH CREDIT PAYER REMIT EFT-BCBSTN-20260309,CREDIT,192.3,101340.17,REF9310231,EFT-BCBSTN-20260309
MOCK_RAD_GROUP_DEMO_ONLY,2026-03-09,2026-03-09,ACH CREDIT PAYER REMIT EFT-CIGNA-20260309,CREDIT,276.28,101616.45,REF2685040,EFT-CIGNA-20260309
MOCK_RAD_GROUP_DEMO_ONLY,2026-03-09,2026-03-09,ACH CREDIT PAYER REMIT EFT-MCARE-20260309,CREDIT,91.36,101707.81,REF5484617,EFT-MCARE-20260309
MOCK_RAD_GROUP_DEMO_ONLY,2026-03-09,2026-03-09,ACH CREDIT PAYER REMIT EFT-TENNCARE-20260309,CREDIT,28.8,101736.61,REF1964459,EFT-TENNCARE-20260309
MOCK_RAD_GROUP_DEMO_ONLY,2026-03-10,2026-03-10,ACH CREDIT PAYER REMIT EFT-BCBSTN-20260309,CREDIT,117.6,101854.21,REF9235193,EFT-BCBSTN-20260309
MOCK_RAD_GROUP_DEMO_ONLY,2026-03-10,2026-03-10,ACH CREDIT PAYER REMIT EFT-CIGNA-20260309,CREDIT,175.69,102029.9,REF2148078,EFT-CIGNA-20260309
MOCK_RAD_GROUP_DEMO_ONLY,2026-03-10,2026-03-10,ACH CREDIT PAYER REMIT EFT-MCARE-20260309,CREDIT,36.7,102066.6,REF7206303,EFT-MCARE-20260309
MOCK_RAD_GROUP_DEMO_ONLY,2026-03-10,2026-03-10,ACH CREDIT PAYER REMIT EFT-SELFPAY-20260309,CREDIT,1.07,102067.67,REF7287347,EFT-SELFPAY-20260309
MOCK_RAD_GROUP_DEMO_ONLY,2026-03-10,2026-03-10,ACH CREDIT PAYER REMIT EFT-UHC-20260309,CREDIT,155.38,102223.05,REF6495838,EFT-UHC-20260309
MOCK_RAD_GROUP_DEMO_ONLY,2026-03-11,2026-03-11,ACH CREDIT PAYER REMIT EFT-CIGNA-20260309,CREDIT,46.7,102269.75,REF9191498,EFT-CIGNA-20260309
MOCK_RAD_GROUP_DEMO_ONLY,2026-03-11,2026-03-11,ACH CREDIT PAYER REMIT EFT-MCARE-20260309,CREDIT,71.57,102341.32,REF3062907,EFT-MCARE-20260309
MOCK_RAD_GROUP_DEMO_ONLY,2026-03-11,2026-03-11,ACH CREDIT PAYER REMIT EFT-TENNCARE-20260309,CREDIT,23.61,102364.93,REF8031251,EFT-TENNCARE-20260309
MOCK_RAD_GROUP_DEMO_ONLY,2026-03-11,2026-03-11,ACH CREDIT PAYER REMIT EFT-UHC-20260309,CREDIT,134.74,102499.67,REF3422787,EFT-UHC-20260309
MOCK_RAD_GROUP_DEMO_ONLY,2026-03-12,2026-03-12,ACH CREDIT PAYER REMIT EFT-MCARE-20260309,CREDIT,86.08,102585.75,REF6881204,EFT-MCARE-20260309
MOCK_RAD_GROUP_DEMO_ONLY,2026-03-12,2026-03-12,ACH CREDIT PAYER REMIT EFT-TENNCARE-20260309,CREDIT,16.05,102601.8,REF7827702,EFT-TENNCARE-20260309
MOCK_RAD_GROUP_DEMO_ONLY,2026-03-12,2026-03-12,ACH CREDIT PAYER REMIT EFT-UHC-20260309,CREDIT,52.55,102654.35,REF2767436,EFT-UHC-20260309
MOCK_RAD_GROUP_DEMO_ONLY,2026-03-13,2026-03-13,ACH CREDIT PAYER REMIT EFT-MCARE-20260309,CREDIT,86.36,102740.71,REF1146816,EFT-MCARE-20260309
MOCK_RAD_GROUP_DEMO_ONLY,2026-03-13,2026-03-13,ACH CREDIT PAYER REMIT EFT-UHC-20260309,CREDIT,120.37,102861.08,REF1612717,EFT-UHC-20260309
MOCK_RAD_GROUP_DEMO_ONLY,2026-03-13,2026-03-13,INTEREST CREDIT,CREDIT,22.34,102883.42,REF1606284,
MOCK_RAD_GROUP_DEMO_ONLY,2026-03-14,2026-03-14,ACH CREDIT PAYER REMIT EFT-MCARE-20260309,CREDIT,51.74,102935.16,REF8874699,EFT-MCARE-20260309
MOCK_RAD_GROUP_DEMO_ONLY,2026-03-14,2026-03-14,ACH CREDIT PAYER REMIT EFT-UHC-20260309,CREDIT,101.84,103037.0,REF1940760,EFT-UHC-20260309
MOCK_RAD_GROUP_DEMO_ONLY,2026-03-15,2026-03-15,ACH CREDIT PAYER REMIT EFT-CIGNA-20260309,CREDIT,403.75,103440.75,REF9923748,EFT-CIGNA-20260309
MOCK_RAD_GROUP_DEMO_ONLY,2026-03-15,2026-03-15,ACH CREDIT PAYER REMIT EFT-MCARE-20260309,CREDIT,6.22,103446.97,REF4545918,EFT-MCARE-20260309
MOCK_RAD_GROUP_DEMO_ONLY,2026-03-15,2026-03-15,ACH CREDIT PAYER REMIT EFT-UHC-20260309,CREDIT,68.45,103515.42,REF8217181,EFT-UHC-20260309
MOCK_RAD_GROUP_DEMO_ONLY,2026-03-16,2026-03-16,ACH CREDIT PAYER REMIT EFT-CIGNA-20260316,CREDIT,91.82,103607.24,REF1280297,EFT-CIGNA-20260316
MOCK_RAD_GROUP_DEMO_ONLY,2026-03-16,2026-03-16,ACH CREDIT PAYER REMIT EFT-MCARE-20260316,CREDIT,60.47,103667.71,REF7833485,EFT-MCARE-20260316
MOCK_RAD_GROUP_DEMO_ONLY,2026-03-16,2026-03-16,ACH CREDIT PAYER REMIT EFT-UHC-20260316,CREDIT,59.05,103726.76,REF5408824,EFT-UHC-20260316
MOCK_RAD_GROUP_DEMO_ONLY,2026-03-17,2026-03-17,ACH CREDIT PAYER REMIT EFT-MCARE-20260316,CREDIT,78.58,103805.34,REF1055644,EFT-MCARE-20260316
MOCK_RAD_GROUP_DEMO_ONLY,2026-03-17,2026-03-17,ACH CREDIT PAYER REMIT EFT-TENNCARE-20260316,CREDIT,39.39,103844.73,REF6763498,EFT-TENNCARE-20260316
MOCK_RAD_GROUP_DEMO_ONLY,2026-03-18,2026-03-18,ACH CREDIT PAYER REMIT EFT-BCBSTN-20260316,CREDIT,92.73,103937.46,REF5149182,EFT-BCBSTN-20260316
MOCK_RAD_GROUP_DEMO_ONLY,2026-03-18,2026-03-18,ACH CREDIT PAYER REMIT EFT-CIGNA-20260316,CREDIT,183.22,104120.68,REF1446745,EFT-CIGNA-20260316
MOCK_RAD_GROUP_DEMO_ONLY,2026-03-18,2026-03-18,ACH CREDIT PAYER REMIT EFT-MCARE-20260316,CREDIT,83.44,104204.12,REF4972969,EFT-MCARE-20260316
MOCK_RAD_GROUP_DEMO_ONLY,2026-03-18,2026-03-18,ACH CREDIT PAYER REMIT EFT-TENNCARE-20260316,CREDIT,37.25,104241.37,REF9018371,EFT-TENNCARE-20260316
MOCK_RAD_GROUP_DEMO_ONLY,2026-03-18,2026-03-18,ACH CREDIT PAYER REMIT EFT-UHC-20260316,CREDIT,173.69,104415.06,REF4333728,EFT-UHC-20260316
MOCK_RAD_GROUP_DEMO_ONLY,2026-03-18,2026-03-18,ACCOUNT ANALYSIS FEE,DEBIT,-136.72,104278.34,REF2131527,
MOCK_RAD_GROUP_DEMO_ONLY,2026-03-18,2026-03-18,BOOK TRANSFER TO OPERATING 8841,DEBIT,-6364.59,97913.75,REF4586384,
MOCK_RAD_GROUP_DEMO_ONLY,2026-03-19,2026-03-19,ACH CREDIT PAYER REMIT EFT-BCBSTN-20260316,CREDIT,116.36,98030.11,REF2799427,EFT-BCBSTN-20260316
MOCK_RAD_GROUP_DEMO_ONLY,2026-03-19,2026-03-19,ACH CREDIT PAYER REMIT EFT-TENNCARE-20260316,CREDIT,29.15,98059.26,REF1059426,EFT-TENNCARE-20260316
MOCK_RAD_GROUP_DEMO_ONLY,2026-03-19,2026-03-19,ACH CREDIT PAYER REMIT EFT-UHC-20260316,CREDIT,110.96,98170.22,REF7594556,EFT-UHC-20260316
MOCK_RAD_GROUP_DEMO_ONLY,2026-03-20,2026-03-20,ACH CREDIT PAYER REMIT EFT-BCBSTN-20260316,CREDIT,155.69,98325.91,REF2176763,EFT-BCBSTN-20260316
MOCK_RAD_GROUP_DEMO_ONLY,2026-03-20,2026-03-20,ACH CREDIT PAYER REMIT EFT-CIGNA-20260316,CREDIT,72.23,98398.14,REF5553246,EFT-CIGNA-20260316
MOCK_RAD_GROUP_DEMO_ONLY,2026-03-20,2026-03-20,ACH CREDIT PAYER REMIT EFT-MCARE-20260316,CREDIT,24.58,98422.72,REF4188868,EFT-MCARE-20260316
MOCK_RAD_GROUP_DEMO_ONLY,2026-03-21,2026-03-21,ACH CREDIT PAYER REMIT EFT-BCBSTN-20260316,CREDIT,99.74,98522.46,REF7422262,EFT-BCBSTN-20260316
MOCK_RAD_GROUP_DEMO_ONLY,2026-03-21,2026-03-21,ACH CREDIT PAYER REMIT EFT-MCARE-20260316,CREDIT,40.33,98562.79,REF2824115,EFT-MCARE-20260316
MOCK_RAD_GROUP_DEMO_ONLY,2026-03-22,2026-03-22,ACH CREDIT PAYER REMIT EFT-CIGNA-20260316,CREDIT,76.89,98639.68,REF8365837,EFT-CIGNA-20260316
MOCK_RAD_GROUP_DEMO_ONLY,2026-03-22,2026-03-22,ACH CREDIT PAYER REMIT EFT-MCARE-20260316,CREDIT,116.85,98756.53,REF6199405,EFT-MCARE-20260316
MOCK_RAD_GROUP_DEMO_ONLY,2026-03-22,2026-03-22,ACH CREDIT PAYER REMIT EFT-UHC-20260316,CREDIT,57.42,98813.95,REF8540392,EFT-UHC-20260316
MOCK_RAD_GROUP_DEMO_ONLY,2026-03-23,2026-03-23,ACH CREDIT PAYER REMIT EFT-BCBSTN-20260323,CREDIT,135.61,98949.56,REF6282049,EFT-BCBSTN-20260323
MOCK_RAD_GROUP_DEMO_ONLY,2026-03-23,2026-03-23,ACH CREDIT PAYER REMIT EFT-MCARE-20260323,CREDIT,48.48,98998.04,REF2838676,EFT-MCARE-20260323
MOCK_RAD_GROUP_DEMO_ONLY,2026-03-23,2026-03-23,ACH CREDIT PAYER REMIT EFT-TENNCARE-20260323,CREDIT,56.91,99054.95,REF8134231,EFT-TENNCARE-20260323
MOCK_RAD_GROUP_DEMO_ONLY,2026-03-23,2026-03-23,ACH CREDIT PAYER REMIT EFT-UHC-20260323,CREDIT,31.73,99086.68,REF7035300,EFT-UHC-20260323
MOCK_RAD_GROUP_DEMO_ONLY,2026-03-24,2026-03-24,ACH CREDIT PAYER REMIT EFT-BCBSTN-20260323,CREDIT,207.21,99293.89,REF3061700,EFT-BCBSTN-20260323
MOCK_RAD_GROUP_DEMO_ONLY,2026-03-24,2026-03-24,ACH CREDIT PAYER REMIT EFT-CIGNA-20260323,CREDIT,69.1,99362.99,REF9184787,EFT-CIGNA-20260323
MOCK_RAD_GROUP_DEMO_ONLY,2026-03-24,2026-03-24,ACH CREDIT PAYER REMIT EFT-MCARE-20260323,CREDIT,24.56,99387.55,REF5617747,EFT-MCARE-20260323
MOCK_RAD_GROUP_DEMO_ONLY,2026-03-25,2026-03-25,ACH CREDIT PAYER REMIT EFT-BCBSTN-20260323,CREDIT,173.03,99560.58,REF7290337,EFT-BCBSTN-20260323
MOCK_RAD_GROUP_DEMO_ONLY,2026-03-25,2026-03-25,ACH CREDIT PAYER REMIT EFT-CIGNA-20260323,CREDIT,81.68,99642.26,REF7937070,EFT-CIGNA-20260323
MOCK_RAD_GROUP_DEMO_ONLY,2026-03-25,2026-03-25,ACH CREDIT PAYER REMIT EFT-MCARE-20260323,CREDIT,17.28,99659.54,REF7781377,EFT-MCARE-20260323
MOCK_RAD_GROUP_DEMO_ONLY,2026-03-25,2026-03-25,ACH CREDIT PAYER REMIT EFT-SELFPAY-20260323,CREDIT,5.84,99665.38,REF5650949,EFT-SELFPAY-20260323
MOCK_RAD_GROUP_DEMO_ONLY,2026-03-26,2026-03-26,ACH CREDIT PAYER REMIT EFT-BCBSTN-20260323,CREDIT,103.26,99768.64,REF7025021,EFT-BCBSTN-20260323
MOCK_RAD_GROUP_DEMO_ONLY,2026-03-26,2026-03-26,ACH CREDIT PAYER REMIT EFT-CIGNA-20260323,CREDIT,13.26,99781.9,REF9791187,EFT-CIGNA-20260323
MOCK_RAD_GROUP_DEMO_ONLY,2026-03-26,2026-03-26,ACH CREDIT PAYER REMIT EFT-MCARE-20260323,CREDIT,71.73,99853.63,REF3653494,EFT-MCARE-20260323
MOCK_RAD_GROUP_DEMO_ONLY,2026-03-26,2026-03-26,ACH CREDIT PAYER REMIT EFT-TENNCARE-20260323,CREDIT,2.82,99856.45,REF6140251,EFT-TENNCARE-20260323
MOCK_RAD_GROUP_DEMO_ONLY,2026-03-26,2026-03-26,ACH CREDIT PAYER REMIT EFT-UHC-20260323,CREDIT,221.31,100077.76,REF6031653,EFT-UHC-20260323
MOCK_RAD_GROUP_DEMO_ONLY,2026-03-27,2026-03-27,ACH CREDIT PAYER REMIT EFT-BCBSTN-20260323,CREDIT,56.38,100134.14,REF5819883,EFT-BCBSTN-20260323
MOCK_RAD_GROUP_DEMO_ONLY,2026-03-27,2026-03-27,ACH CREDIT PAYER REMIT EFT-CIGNA-20260323,CREDIT,138.14,100272.28,REF2014753,EFT-CIGNA-20260323
MOCK_RAD_GROUP_DEMO_ONLY,2026-03-27,2026-03-27,ACH CREDIT PAYER REMIT EFT-MCARE-20260323,CREDIT,61.2,100333.48,REF7209100,EFT-MCARE-20260323
MOCK_RAD_GROUP_DEMO_ONLY,2026-03-27,2026-03-27,ACH CREDIT PAYER REMIT EFT-SELFPAY-20260323,CREDIT,0.95,100334.43,REF9070229,EFT-SELFPAY-20260323
MOCK_RAD_GROUP_DEMO_ONLY,2026-03-28,2026-03-28,ACH CREDIT PAYER REMIT EFT-BCBSTN-20260323,CREDIT,347.1,100681.53,REF6447606,EFT-BCBSTN-20260323
MOCK_RAD_GROUP_DEMO_ONLY,2026-03-28,2026-03-28,ACH CREDIT PAYER REMIT EFT-CIGNA-20260323,CREDIT,9.53,100691.06,REF3691327,EFT-CIGNA-20260323
MOCK_RAD_GROUP_DEMO_ONLY,2026-03-28,2026-03-28,ACH CREDIT PAYER REMIT EFT-MCARE-20260323,CREDIT,5.54,100696.6,REF6386784,EFT-MCARE-20260323
MOCK_RAD_GROUP_DEMO_ONLY,2026-03-28,2026-03-28,ACH CREDIT PAYER REMIT EFT-TENNCARE-20260323,CREDIT,15.19,100711.79,REF7956924,EFT-TENNCARE-20260323
MOCK_RAD_GROUP_DEMO_ONLY,2026-03-28,2026-03-28,ACH CREDIT PAYER REMIT EFT-UHC-20260323,CREDIT,100.05,100811.84,REF7157842,EFT-UHC-20260323
MOCK_RAD_GROUP_DEMO_ONLY,2026-03-29,2026-03-29,ACH CREDIT PAYER REMIT EFT-BCBSTN-20260323,CREDIT,154.45,100966.29,REF9222806,EFT-BCBSTN-20260323
MOCK_RAD_GROUP_DEMO_ONLY,2026-03-29,2026-03-29,ACH CREDIT PAYER REMIT EFT-MCARE-20260323,CREDIT,113.96,101080.25,REF1114480,EFT-MCARE-20260323
MOCK_RAD_GROUP_DEMO_ONLY,2026-03-29,2026-03-29,ACH CREDIT PAYER REMIT EFT-TENNCARE-20260323,CREDIT,10.84,101091.09,REF5178296,EFT-TENNCARE-20260323
MOCK_RAD_GROUP_DEMO_ONLY,2026-03-29,2026-03-29,ACH CREDIT PAYER REMIT EFT-UHC-20260323,CREDIT,133.77,101224.86,REF7432097,EFT-UHC-20260323
MOCK_RAD_GROUP_DEMO_ONLY,2026-03-30,2026-03-30,ACH CREDIT PAYER REMIT EFT-CIGNA-20260330,CREDIT,83.64,101308.5,REF5215744,EFT-CIGNA-20260330
MOCK_RAD_GROUP_DEMO_ONLY,2026-03-30,2026-03-30,ACH CREDIT PAYER REMIT EFT-SELFPAY-20260330,CREDIT,15.18,101323.68,REF1625316,EFT-SELFPAY-20260330
MOCK_RAD_GROUP_DEMO_ONLY,2026-03-30,2026-03-30,ACH CREDIT PAYER REMIT EFT-UHC-20260330,CREDIT,100.8,101424.48,REF6796234,EFT-UHC-20260330
MOCK_RAD_GROUP_DEMO_ONLY,2026-03-31,2026-03-31,ACH CREDIT PAYER REMIT EFT-MCARE-20260330,CREDIT,34.12,101458.6,REF4941864,EFT-MCARE-20260330
MOCK_RAD_GROUP_DEMO_ONLY,2026-03-31,2026-03-31,ACH CREDIT PAYER REMIT EFT-TENNCARE-20260330,CREDIT,36.25,101494.85,REF4789339,EFT-TENNCARE-20260330
MOCK_RAD_GROUP_DEMO_ONLY,2026-03-31,2026-03-31,ACH CREDIT PAYER REMIT EFT-UHC-20260330,CREDIT,37.16,101532.01,REF5229922,EFT-UHC-20260330
MOCK_RAD_GROUP_DEMO_ONLY,2026-04-01,2026-04-01,ACH CREDIT PAYER REMIT EFT-BCBSTN-20260330,CREDIT,156.69,101688.7,REF2654352,EFT-BCBSTN-20260330
MOCK_RAD_GROUP_DEMO_ONLY,2026-04-01,2026-04-01,ACH CREDIT PAYER REMIT EFT-CIGNA-20260330,CREDIT,119.38,101808.08,REF4660012,EFT-CIGNA-20260330
MOCK_RAD_GROUP_DEMO_ONLY,2026-04-01,2026-04-01,ACH CREDIT PAYER REMIT EFT-UHC-20260330,CREDIT,83.46,101891.54,REF6197660,EFT-UHC-20260330
MOCK_RAD_GROUP_DEMO_ONLY,2026-04-02,2026-04-02,ACH CREDIT PAYER REMIT EFT-TENNCARE-20260330,CREDIT,31.08,101922.62,REF7108385,EFT-TENNCARE-20260330
MOCK_RAD_GROUP_DEMO_ONLY,2026-04-02,2026-04-02,ACH CREDIT PAYER REMIT EFT-UHC-20260330,CREDIT,58.16,101980.78,REF1874377,EFT-UHC-20260330
MOCK_RAD_GROUP_DEMO_ONLY,2026-04-03,2026-04-03,ACH CREDIT PAYER REMIT EFT-CIGNA-20260330,CREDIT,116.95,102097.73,REF5891572,EFT-CIGNA-20260330
MOCK_RAD_GROUP_DEMO_ONLY,2026-04-03,2026-04-03,ACH CREDIT PAYER REMIT EFT-TENNCARE-20260330,CREDIT,34.42,102132.15,REF2601247,EFT-TENNCARE-20260330
MOCK_RAD_GROUP_DEMO_ONLY,2026-04-03,2026-04-03,ACH CREDIT PAYER REMIT EFT-UHC-20260330,CREDIT,82.7,102214.85,REF8730398,EFT-UHC-20260330
MOCK_RAD_GROUP_DEMO_ONLY,2026-04-04,2026-04-04,ACH CREDIT PAYER REMIT EFT-BCBSTN-20260330,CREDIT,190.96,102405.81,REF7176622,EFT-BCBSTN-20260330
MOCK_RAD_GROUP_DEMO_ONLY,2026-04-04,2026-04-04,ACH CREDIT PAYER REMIT EFT-CIGNA-20260330,CREDIT,54.71,102460.52,REF2647778,EFT-CIGNA-20260330
MOCK_RAD_GROUP_DEMO_ONLY,2026-04-04,2026-04-04,ACH CREDIT PAYER REMIT EFT-MCARE-20260330,CREDIT,63.23,102523.75,REF2792838,EFT-MCARE-20260330
MOCK_RAD_GROUP_DEMO_ONLY,2026-04-04,2026-04-04,ACH CREDIT PAYER REMIT EFT-TENNCARE-20260330,CREDIT,10.57,102534.32,REF3663404,EFT-TENNCARE-20260330
MOCK_RAD_GROUP_DEMO_ONLY,2026-04-04,2026-04-04,ACH CREDIT PAYER REMIT EFT-UHC-20260330,CREDIT,173.81,102708.13,REF8206040,EFT-UHC-20260330
MOCK_RAD_GROUP_DEMO_ONLY,2026-04-05,2026-04-05,ACH CREDIT PAYER REMIT EFT-MCARE-20260330,CREDIT,31.08,102739.21,REF8063065,EFT-MCARE-20260330
MOCK_RAD_GROUP_DEMO_ONLY,2026-04-06,2026-04-06,ACH CREDIT PAYER REMIT EFT-MCARE-20260406,CREDIT,27.18,102766.39,REF9846709,EFT-MCARE-20260406
MOCK_RAD_GROUP_DEMO_ONLY,2026-04-06,2026-04-06,ACH CREDIT PAYER REMIT EFT-SELFPAY-20260406,CREDIT,0.07,102766.46,REF6824318,EFT-SELFPAY-20260406
MOCK_RAD_GROUP_DEMO_ONLY,2026-04-06,2026-04-06,ACH CREDIT PAYER REMIT EFT-TENNCARE-20260406,CREDIT,27.8,102794.26,REF4051903,EFT-TENNCARE-20260406
MOCK_RAD_GROUP_DEMO_ONLY,2026-04-06,2026-04-06,ACH CREDIT PAYER REMIT EFT-UHC-20260406,CREDIT,42.73,102836.99,REF3633332,EFT-UHC-20260406
MOCK_RAD_GROUP_DEMO_ONLY,2026-04-08,2026-04-08,ACH CREDIT PAYER REMIT EFT-BCBSTN-20260406,CREDIT,260.95,103097.94,REF7145211,EFT-BCBSTN-20260406
MOCK_RAD_GROUP_DEMO_ONLY,2026-04-08,2026-04-08,ACH CREDIT PAYER REMIT EFT-CIGNA-20260406,CREDIT,118.75,103216.69,REF4704816,EFT-CIGNA-20260406
MOCK_RAD_GROUP_DEMO_ONLY,2026-04-08,2026-04-08,ACH CREDIT PAYER REMIT EFT-MCARE-20260406,CREDIT,80.36,103297.05,REF5384667,EFT-MCARE-20260406
MOCK_RAD_GROUP_DEMO_ONLY,2026-04-08,2026-04-08,ACH CREDIT PAYER REMIT EFT-UHC-20260406,CREDIT,292.51,103589.56,REF8936154,EFT-UHC-20260406
MOCK_RAD_GROUP_DEMO_ONLY,2026-04-09,2026-04-09,ACH CREDIT PAYER REMIT EFT-MCARE-20260406,CREDIT,86.74,103676.3,REF2197698,EFT-MCARE-20260406
MOCK_RAD_GROUP_DEMO_ONLY,2026-04-09,2026-04-09,ACH CREDIT PAYER REMIT EFT-UHC-20260406,CREDIT,158.57,103834.87,REF7651004,EFT-UHC-20260406
MOCK_RAD_GROUP_DEMO_ONLY,2026-04-10,2026-04-10,ACH CREDIT PAYER REMIT EFT-CIGNA-20260406,CREDIT,56.89,103891.76,REF5712041,EFT-CIGNA-20260406
MOCK_RAD_GROUP_DEMO_ONLY,2026-04-10,2026-04-10,ACH CREDIT PAYER REMIT EFT-MCARE-20260406,CREDIT,3.15,103894.91,REF1216467,EFT-MCARE-20260406
MOCK_RAD_GROUP_DEMO_ONLY,2026-04-10,2026-04-10,ACH CREDIT PAYER REMIT EFT-SELFPAY-20260406,CREDIT,4.92,103899.83,REF7457740,EFT-SELFPAY-20260406
MOCK_RAD_GROUP_DEMO_ONLY,2026-04-11,2026-04-11,ACH CREDIT PAYER REMIT EFT-CIGNA-20260406,CREDIT,41.39,103941.22,REF5830135,EFT-CIGNA-20260406
MOCK_RAD_GROUP_DEMO_ONLY,2026-04-11,2026-04-11,ACH CREDIT PAYER REMIT EFT-TENNCARE-20260406,CREDIT,8.86,103950.08,REF5272187,EFT-TENNCARE-20260406
MOCK_RAD_GROUP_DEMO_ONLY,2026-04-12,2026-04-12,ACH CREDIT PAYER REMIT EFT-MCARE-20260406,CREDIT,27.75,103977.83,REF7158155,EFT-MCARE-20260406
MOCK_RAD_GROUP_DEMO_ONLY,2026-04-12,2026-04-12,ACH CREDIT PAYER REMIT EFT-UHC-20260406,CREDIT,72.78,104050.61,REF1763597,EFT-UHC-20260406
MOCK_RAD_GROUP_DEMO_ONLY,2026-04-13,2026-04-13,ACH CREDIT PAYER REMIT EFT-BCBSTN-20260413,CREDIT,182.78,104233.39,REF3428584,EFT-BCBSTN-20260413
MOCK_RAD_GROUP_DEMO_ONLY,2026-04-13,2026-04-13,ACH CREDIT PAYER REMIT EFT-TENNCARE-20260413,CREDIT,13.34,104246.73,REF7026060,EFT-TENNCARE-20260413
MOCK_RAD_GROUP_DEMO_ONLY,2026-04-13,2026-04-13,ACH CREDIT PAYER REMIT EFT-UHC-20260413,CREDIT,140.34,104387.07,REF6037837,EFT-UHC-20260413
MOCK_RAD_GROUP_DEMO_ONLY,2026-04-14,2026-04-14,ACH CREDIT PAYER REMIT EFT-BCBSTN-20260413,CREDIT,85.87,104472.94,REF4421299,EFT-BCBSTN-20260413
MOCK_RAD_GROUP_DEMO_ONLY,2026-04-14,2026-04-14,ACH CREDIT PAYER REMIT EFT-CIGNA-20260413,CREDIT,9.14,104482.08,REF1152747,EFT-CIGNA-20260413
MOCK_RAD_GROUP_DEMO_ONLY,2026-04-14,2026-04-14,ACH CREDIT PAYER REMIT EFT-TENNCARE-20260413,CREDIT,15.67,104497.75,REF8964314,EFT-TENNCARE-20260413
MOCK_RAD_GROUP_DEMO_ONLY,2026-04-14,2026-04-14,ACH CREDIT PAYER REMIT EFT-UHC-20260413,CREDIT,37.91,104535.66,REF6259286,EFT-UHC-20260413
MOCK_RAD_GROUP_DEMO_ONLY,2026-04-15,2026-04-15,ACH CREDIT PAYER REMIT EFT-BCBSTN-20260413,CREDIT,99.81,104635.47,REF6017829,EFT-BCBSTN-20260413
MOCK_RAD_GROUP_DEMO_ONLY,2026-04-15,2026-04-15,ACH CREDIT PAYER REMIT EFT-MCARE-20260413,CREDIT,56.88,104692.35,REF4218134,EFT-MCARE-20260413
MOCK_RAD_GROUP_DEMO_ONLY,2026-04-15,2026-04-15,ACH CREDIT PAYER REMIT EFT-TENNCARE-20260413,CREDIT,64.16,104756.51,REF1864240,EFT-TENNCARE-20260413
MOCK_RAD_GROUP_DEMO_ONLY,2026-04-15,2026-04-15,ACH CREDIT PAYER REMIT EFT-UHC-20260413,CREDIT,29.3,104785.81,REF2502376,EFT-UHC-20260413
MOCK_RAD_GROUP_DEMO_ONLY,2026-04-16,2026-04-16,ACH CREDIT PAYER REMIT EFT-BCBSTN-20260413,CREDIT,123.29,104909.1,REF8174381,EFT-BCBSTN-20260413
MOCK_RAD_GROUP_DEMO_ONLY,2026-04-16,2026-04-16,ACH CREDIT PAYER REMIT EFT-TENNCARE-20260413,CREDIT,13.33,104922.43,REF2068310,EFT-TENNCARE-20260413
MOCK_RAD_GROUP_DEMO_ONLY,2026-04-16,2026-04-16,ACH CREDIT PAYER REMIT EFT-UHC-20260413,CREDIT,12.16,104934.59,REF3152769,EFT-UHC-20260413
MOCK_RAD_GROUP_DEMO_ONLY,2026-04-16,2026-04-16,INTEREST CREDIT,CREDIT,16.45,104951.04,REF2113785,
MOCK_RAD_GROUP_DEMO_ONLY,2026-04-17,2026-04-17,ACH CREDIT PAYER REMIT EFT-CIGNA-20260413,CREDIT,11.4,104962.44,REF7106735,EFT-CIGNA-20260413
MOCK_RAD_GROUP_DEMO_ONLY,2026-04-17,2026-04-17,ACH CREDIT PAYER REMIT EFT-SELFPAY-20260413,CREDIT,6.3,104968.74,REF4427182,EFT-SELFPAY-20260413
MOCK_RAD_GROUP_DEMO_ONLY,2026-04-17,2026-04-17,ACH CREDIT PAYER REMIT EFT-TENNCARE-20260413,CREDIT,41.37,105010.11,REF1755230,EFT-TENNCARE-20260413
MOCK_RAD_GROUP_DEMO_ONLY,2026-04-18,2026-04-18,ACH CREDIT PAYER REMIT EFT-CIGNA-20260413,CREDIT,220.39,105230.5,REF5483170,EFT-CIGNA-20260413
MOCK_RAD_GROUP_DEMO_ONLY,2026-04-18,2026-04-18,ACH CREDIT PAYER REMIT EFT-MCARE-20260413,CREDIT,71.73,105302.23,REF9255620,EFT-MCARE-20260413
MOCK_RAD_GROUP_DEMO_ONLY,2026-04-18,2026-04-18,ACCOUNT ANALYSIS FEE,DEBIT,-70.16,105232.07,REF8506306,
MOCK_RAD_GROUP_DEMO_ONLY,2026-04-18,2026-04-18,BOOK TRANSFER TO OPERATING 8841,DEBIT,-4311.85,100920.22,REF4143141,
MOCK_RAD_GROUP_DEMO_ONLY,2026-04-19,2026-04-19,ACH CREDIT PAYER REMIT EFT-BCBSTN-20260413,CREDIT,71.17,100991.39,REF2464354,EFT-BCBSTN-20260413
MOCK_RAD_GROUP_DEMO_ONLY,2026-04-19,2026-04-19,ACH CREDIT PAYER REMIT EFT-TENNCARE-20260413,CREDIT,8.02,100999.41,REF5135357,EFT-TENNCARE-20260413
MOCK_RAD_GROUP_DEMO_ONLY,2026-04-19,2026-04-19,ACH CREDIT PAYER REMIT EFT-UHC-20260413,CREDIT,57.65,101057.06,REF5813572,EFT-UHC-20260413
MOCK_RAD_GROUP_DEMO_ONLY,2026-04-20,2026-04-20,ACH CREDIT PAYER REMIT EFT-BCBSTN-20260420,CREDIT,36.01,101093.07,REF3966221,EFT-BCBSTN-20260420
MOCK_RAD_GROUP_DEMO_ONLY,2026-04-20,2026-04-20,ACH CREDIT PAYER REMIT EFT-MCARE-20260420,CREDIT,12.88,101105.95,REF4278211,EFT-MCARE-20260420
MOCK_RAD_GROUP_DEMO_ONLY,2026-04-20,2026-04-20,ACH CREDIT PAYER REMIT EFT-SELFPAY-20260420,CREDIT,2.16,101108.11,REF6903627,EFT-SELFPAY-20260420
MOCK_RAD_GROUP_DEMO_ONLY,2026-04-20,2026-04-20,ACH CREDIT PAYER REMIT EFT-UHC-20260420,CREDIT,85.46,101193.57,REF2362653,EFT-UHC-20260420
MOCK_RAD_GROUP_DEMO_ONLY,2026-04-21,2026-04-21,ACH CREDIT PAYER REMIT EFT-BCBSTN-20260420,CREDIT,107.13,101300.7,REF3566421,EFT-BCBSTN-20260420
MOCK_RAD_GROUP_DEMO_ONLY,2026-04-21,2026-04-21,ACH CREDIT PAYER REMIT EFT-CIGNA-20260420,CREDIT,106.35,101407.05,REF3938295,EFT-CIGNA-20260420
MOCK_RAD_GROUP_DEMO_ONLY,2026-04-21,2026-04-21,ACH CREDIT PAYER REMIT EFT-TENNCARE-20260420,CREDIT,7.21,101414.26,REF4168963,EFT-TENNCARE-20260420
MOCK_RAD_GROUP_DEMO_ONLY,2026-04-21,2026-04-21,ACH CREDIT PAYER REMIT EFT-UHC-20260420,CREDIT,26.46,101440.72,REF9672578,EFT-UHC-20260420
MOCK_RAD_GROUP_DEMO_ONLY,2026-04-22,2026-04-22,ACH CREDIT PAYER REMIT EFT-BCBSTN-20260420,CREDIT,360.5,101801.22,REF3513339,EFT-BCBSTN-20260420
MOCK_RAD_GROUP_DEMO_ONLY,2026-04-22,2026-04-22,ACH CREDIT PAYER REMIT EFT-MCARE-20260420,CREDIT,55.22,101856.44,REF5192509,EFT-MCARE-20260420
MOCK_RAD_GROUP_DEMO_ONLY,2026-04-23,2026-04-23,ACH CREDIT PAYER REMIT EFT-BCBSTN-20260420,CREDIT,53.6,101910.04,REF9110833,EFT-BCBSTN-20260420
MOCK_RAD_GROUP_DEMO_ONLY,2026-04-23,2026-04-23,ACH CREDIT PAYER REMIT EFT-MCARE-20260420,CREDIT,20.74,101930.78,REF6016286,EFT-MCARE-20260420
MOCK_RAD_GROUP_DEMO_ONLY,2026-04-23,2026-04-23,ACH CREDIT PAYER REMIT EFT-UHC-20260420,CREDIT,51.89,101982.67,REF7300148,EFT-UHC-20260420
MOCK_RAD_GROUP_DEMO_ONLY,2026-04-24,2026-04-24,ACH CREDIT PAYER REMIT EFT-BCBSTN-20260420,CREDIT,188.79,102171.46,REF2286291,EFT-BCBSTN-20260420
MOCK_RAD_GROUP_DEMO_ONLY,2026-04-24,2026-04-24,ACH CREDIT PAYER REMIT EFT-CIGNA-20260420,CREDIT,113.36,102284.82,REF7215709,EFT-CIGNA-20260420
MOCK_RAD_GROUP_DEMO_ONLY,2026-04-24,2026-04-24,ACH CREDIT PAYER REMIT EFT-MCARE-20260420,CREDIT,11.14,102295.96,REF8808459,EFT-MCARE-20260420
MOCK_RAD_GROUP_DEMO_ONLY,2026-04-24,2026-04-24,ACH CREDIT PAYER REMIT EFT-UHC-20260420,CREDIT,64.87,102360.83,REF7585825,EFT-UHC-20260420
MOCK_RAD_GROUP_DEMO_ONLY,2026-04-25,2026-04-25,ACH CREDIT PAYER REMIT EFT-TENNCARE-20260420,CREDIT,14.46,102375.29,REF6187506,EFT-TENNCARE-20260420
MOCK_RAD_GROUP_DEMO_ONLY,2026-04-26,2026-04-26,ACH CREDIT PAYER REMIT EFT-BCBSTN-20260420,CREDIT,23.95,102399.24,REF4860965,EFT-BCBSTN-20260420
MOCK_RAD_GROUP_DEMO_ONLY,2026-04-26,2026-04-26,ACH CREDIT PAYER REMIT EFT-MCARE-20260420,CREDIT,13.47,102412.71,REF2655968,EFT-MCARE-20260420
MOCK_RAD_GROUP_DEMO_ONLY,2026-04-26,2026-04-26,ACH CREDIT PAYER REMIT EFT-TENNCARE-20260420,CREDIT,30.98,102443.69,REF1653987,EFT-TENNCARE-20260420
MOCK_RAD_GROUP_DEMO_ONLY,2026-04-26,2026-04-26,ACH CREDIT PAYER REMIT EFT-UHC-20260420,CREDIT,27.43,102471.12,REF9047645,EFT-UHC-20260420
MOCK_RAD_GROUP_DEMO_ONLY,2026-04-27,2026-04-27,ACH CREDIT PAYER REMIT EFT-BCBSTN-20260427,CREDIT,64.4,102535.52,REF8355977,EFT-BCBSTN-20260427
MOCK_RAD_GROUP_DEMO_ONLY,2026-04-27,2026-04-27,ACH CREDIT PAYER REMIT EFT-MCARE-20260427,CREDIT,2.86,102538.38,REF1579738,EFT-MCARE-20260427
MOCK_RAD_GROUP_DEMO_ONLY,2026-04-28,2026-04-28,ACH CREDIT PAYER REMIT EFT-CIGNA-20260427,CREDIT,21.72,102560.1,REF5540586,EFT-CIGNA-20260427
MOCK_RAD_GROUP_DEMO_ONLY,2026-04-28,2026-04-28,ACH CREDIT PAYER REMIT EFT-MCARE-20260427,CREDIT,39.95,102600.05,REF2810692,EFT-MCARE-20260427
MOCK_RAD_GROUP_DEMO_ONLY,2026-04-29,2026-04-29,ACH CREDIT PAYER REMIT EFT-BCBSTN-20260427,CREDIT,71.85,102671.9,REF4990603,EFT-BCBSTN-20260427
MOCK_RAD_GROUP_DEMO_ONLY,2026-04-29,2026-04-29,ACH CREDIT PAYER REMIT EFT-CIGNA-20260427,CREDIT,161.94,102833.84,REF1160065,EFT-CIGNA-20260427
MOCK_RAD_GROUP_DEMO_ONLY,2026-04-29,2026-04-29,ACH CREDIT PAYER REMIT EFT-UHC-20260427,CREDIT,30.33,102864.17,REF4887441,EFT-UHC-20260427
MOCK_RAD_GROUP_DEMO_ONLY,2026-04-30,2026-04-30,ACH CREDIT PAYER REMIT EFT-BCBSTN-20260427,CREDIT,46.7,102910.87,REF6280243,EFT-BCBSTN-20260427
MOCK_RAD_GROUP_DEMO_ONLY,2026-04-30,2026-04-30,ACH CREDIT PAYER REMIT EFT-CIGNA-20260427,CREDIT,112.82,103023.69,REF1296006,EFT-CIGNA-20260427
MOCK_RAD_GROUP_DEMO_ONLY,2026-04-30,2026-04-30,ACH CREDIT PAYER REMIT EFT-MCARE-20260427,CREDIT,125.47,103149.16,REF6427266,EFT-MCARE-20260427
MOCK_RAD_GROUP_DEMO_ONLY,2026-04-30,2026-04-30,ACH CREDIT PAYER REMIT EFT-TENNCARE-20260427,CREDIT,17.19,103166.35,REF5547727,EFT-TENNCARE-20260427
MOCK_RAD_GROUP_DEMO_ONLY,2026-04-30,2026-04-30,ACH CREDIT PAYER REMIT EFT-UHC-20260427,CREDIT,159.88,103326.23,REF5247809,EFT-UHC-20260427
MOCK_RAD_GROUP_DEMO_ONLY,2026-05-01,2026-05-01,ACH CREDIT PAYER REMIT EFT-BCBSTN-20260427,CREDIT,214.88,103541.11,REF4568653,EFT-BCBSTN-20260427
MOCK_RAD_GROUP_DEMO_ONLY,2026-05-01,2026-05-01,ACH CREDIT PAYER REMIT EFT-MCARE-20260427,CREDIT,42.88,103583.99,REF3535818,EFT-MCARE-20260427
MOCK_RAD_GROUP_DEMO_ONLY,2026-05-02,2026-05-02,ACH CREDIT PAYER REMIT EFT-CIGNA-20260427,CREDIT,48.25,103632.24,REF1164358,EFT-CIGNA-20260427
MOCK_RAD_GROUP_DEMO_ONLY,2026-05-02,2026-05-02,ACH CREDIT PAYER REMIT EFT-MCARE-20260427,CREDIT,40.27,103672.51,REF8190966,EFT-MCARE-20260427
MOCK_RAD_GROUP_DEMO_ONLY,2026-05-03,2026-05-03,ACH CREDIT PAYER REMIT EFT-BCBSTN-20260427,CREDIT,24.47,103696.98,REF5110414,EFT-BCBSTN-20260427
MOCK_RAD_GROUP_DEMO_ONLY,2026-05-03,2026-05-03,ACH CREDIT PAYER REMIT EFT-CIGNA-20260427,CREDIT,87.82,103784.8,REF8500026,EFT-CIGNA-20260427
MOCK_RAD_GROUP_DEMO_ONLY,2026-05-03,2026-05-03,ACH CREDIT PAYER REMIT EFT-MCARE-20260427,CREDIT,32.22,103817.02,REF6883693,EFT-MCARE-20260427
MOCK_RAD_GROUP_DEMO_ONLY,2026-05-03,2026-05-03,ACH CREDIT PAYER REMIT EFT-TENNCARE-20260427,CREDIT,16.66,103833.68,REF4480421,EFT-TENNCARE-20260427
MOCK_RAD_GROUP_DEMO_ONLY,2026-05-03,2026-05-03,ACH CREDIT PAYER REMIT EFT-UHC-20260427,CREDIT,34.86,103868.54,REF1669073,EFT-UHC-20260427
MOCK_RAD_GROUP_DEMO_ONLY,2026-05-04,2026-05-04,ACH CREDIT PAYER REMIT EFT-CIGNA-20260504,CREDIT,83.05,103951.59,REF6362769,EFT-CIGNA-20260504
MOCK_RAD_GROUP_DEMO_ONLY,2026-05-04,2026-05-04,ACH CREDIT PAYER REMIT EFT-MCARE-20260504,CREDIT,32.25,103983.84,REF6374456,EFT-MCARE-20260504
MOCK_RAD_GROUP_DEMO_ONLY,2026-05-04,2026-05-04,ACH CREDIT PAYER REMIT EFT-UHC-20260504,CREDIT,61.88,104045.72,REF9475689,EFT-UHC-20260504
MOCK_RAD_GROUP_DEMO_ONLY,2026-05-05,2026-05-05,ACH CREDIT PAYER REMIT EFT-CIGNA-20260504,CREDIT,31.86,104077.58,REF4097053,EFT-CIGNA-20260504
MOCK_RAD_GROUP_DEMO_ONLY,2026-05-05,2026-05-05,ACH CREDIT PAYER REMIT EFT-MCARE-20260504,CREDIT,9.48,104087.06,REF8894755,EFT-MCARE-20260504
MOCK_RAD_GROUP_DEMO_ONLY,2026-05-06,2026-05-06,ACH CREDIT PAYER REMIT EFT-CIGNA-20260504,CREDIT,51.74,104138.8,REF5174403,EFT-CIGNA-20260504
MOCK_RAD_GROUP_DEMO_ONLY,2026-05-06,2026-05-06,ACH CREDIT PAYER REMIT EFT-MCARE-20260504,CREDIT,19.47,104158.27,REF3725366,EFT-MCARE-20260504
MOCK_RAD_GROUP_DEMO_ONLY,2026-05-06,2026-05-06,ACH CREDIT PAYER REMIT EFT-UHC-20260504,CREDIT,96.75,104255.02,REF4749141,EFT-UHC-20260504
MOCK_RAD_GROUP_DEMO_ONLY,2026-05-07,2026-05-07,ACH CREDIT PAYER REMIT EFT-MCARE-20260504,CREDIT,24.76,104279.78,REF8002054,EFT-MCARE-20260504
MOCK_RAD_GROUP_DEMO_ONLY,2026-05-08,2026-05-08,ACH CREDIT PAYER REMIT EFT-MCARE-20260504,CREDIT,56.26,104336.04,REF6206418,EFT-MCARE-20260504
MOCK_RAD_GROUP_DEMO_ONLY,2026-05-08,2026-05-08,ACH CREDIT PAYER REMIT EFT-TENNCARE-20260504,CREDIT,6.38,104342.42,REF5159881,EFT-TENNCARE-20260504
MOCK_RAD_GROUP_DEMO_ONLY,2026-05-09,2026-05-09,ACH CREDIT PAYER REMIT EFT-BCBSTN-20260504,CREDIT,30.9,104373.32,REF9032417,EFT-BCBSTN-20260504
MOCK_RAD_GROUP_DEMO_ONLY,2026-05-09,2026-05-09,ACH CREDIT PAYER REMIT EFT-UHC-20260504,CREDIT,92.88,104466.2,REF7668031,EFT-UHC-20260504
MOCK_RAD_GROUP_DEMO_ONLY,2026-05-10,2026-05-10,ACH CREDIT PAYER REMIT EFT-BCBSTN-20260504,CREDIT,76.96,104543.16,REF5452300,EFT-BCBSTN-20260504
MOCK_RAD_GROUP_DEMO_ONLY,2026-05-10,2026-05-10,ACH CREDIT PAYER REMIT EFT-SELFPAY-20260504,CREDIT,3.44,104546.6,REF2435537,EFT-SELFPAY-20260504
MOCK_RAD_GROUP_DEMO_ONLY,2026-05-11,2026-05-11,ACH CREDIT PAYER REMIT EFT-MCARE-20260511,CREDIT,131.66,104678.26,REF3518117,EFT-MCARE-20260511
MOCK_RAD_GROUP_DEMO_ONLY,2026-05-11,2026-05-11,ACH CREDIT PAYER REMIT EFT-UHC-20260511,CREDIT,84.22,104762.48,REF7583688,EFT-UHC-20260511
MOCK_RAD_GROUP_DEMO_ONLY,2026-05-12,2026-05-12,ACH CREDIT PAYER REMIT EFT-BCBSTN-20260511,CREDIT,7.71,104770.19,REF2953426,EFT-BCBSTN-20260511
MOCK_RAD_GROUP_DEMO_ONLY,2026-05-12,2026-05-12,ACH CREDIT PAYER REMIT EFT-CIGNA-20260511,CREDIT,20.04,104790.23,REF1111886,EFT-CIGNA-20260511
MOCK_RAD_GROUP_DEMO_ONLY,2026-05-12,2026-05-12,ACH CREDIT PAYER REMIT EFT-MCARE-20260511,CREDIT,28.21,104818.44,REF9138437,EFT-MCARE-20260511
MOCK_RAD_GROUP_DEMO_ONLY,2026-05-12,2026-05-12,ACH CREDIT PAYER REMIT EFT-TENNCARE-20260511,CREDIT,8.87,104827.31,REF9096909,EFT-TENNCARE-20260511
MOCK_RAD_GROUP_DEMO_ONLY,2026-05-12,2026-05-12,ACH CREDIT PAYER REMIT EFT-UHC-20260511,CREDIT,59.76,104887.07,REF1807323,EFT-UHC-20260511
MOCK_RAD_GROUP_DEMO_ONLY,2026-05-13,2026-05-13,ACH CREDIT PAYER REMIT EFT-BCBSTN-20260511,CREDIT,142.24,105029.31,REF3432785,EFT-BCBSTN-20260511
MOCK_RAD_GROUP_DEMO_ONLY,2026-05-13,2026-05-13,ACH CREDIT PAYER REMIT EFT-MCARE-20260511,CREDIT,37.1,105066.41,REF4481062,EFT-MCARE-20260511
MOCK_RAD_GROUP_DEMO_ONLY,2026-05-13,2026-05-13,ACH CREDIT PAYER REMIT EFT-TENNCARE-20260511,CREDIT,15.92,105082.33,REF5738039,EFT-TENNCARE-20260511
MOCK_RAD_GROUP_DEMO_ONLY,2026-05-13,2026-05-13,ACH CREDIT PAYER REMIT EFT-UHC-20260511,CREDIT,55.42,105137.75,REF6449221,EFT-UHC-20260511
MOCK_RAD_GROUP_DEMO_ONLY,2026-05-14,2026-05-14,ACH CREDIT PAYER REMIT EFT-MCARE-20260511,CREDIT,69.52,105207.27,REF2265222,EFT-MCARE-20260511
MOCK_RAD_GROUP_DEMO_ONLY,2026-05-14,2026-05-14,ACH CREDIT PAYER REMIT EFT-SELFPAY-20260511,CREDIT,0.55,105207.82,REF4994568,EFT-SELFPAY-20260511
MOCK_RAD_GROUP_DEMO_ONLY,2026-05-14,2026-05-14,ACH CREDIT PAYER REMIT EFT-TENNCARE-20260511,CREDIT,46.27,105254.09,REF1796960,EFT-TENNCARE-20260511
MOCK_RAD_GROUP_DEMO_ONLY,2026-05-15,2026-05-15,ACH CREDIT PAYER REMIT EFT-BCBSTN-20260511,CREDIT,63.42,105317.51,REF7748288,EFT-BCBSTN-20260511
MOCK_RAD_GROUP_DEMO_ONLY,2026-05-15,2026-05-15,ACH CREDIT PAYER REMIT EFT-MCARE-20260511,CREDIT,25.17,105342.68,REF2008752,EFT-MCARE-20260511
MOCK_RAD_GROUP_DEMO_ONLY,2026-05-16,2026-05-16,ACH CREDIT PAYER REMIT EFT-BCBSTN-20260511,CREDIT,105.29,105447.97,REF9093619,EFT-BCBSTN-20260511
MOCK_RAD_GROUP_DEMO_ONLY,2026-05-16,2026-05-16,ACH CREDIT PAYER REMIT EFT-UHC-20260511,CREDIT,21.28,105469.25,REF3073252,EFT-UHC-20260511
MOCK_RAD_GROUP_DEMO_ONLY,2026-05-17,2026-05-17,ACH CREDIT PAYER REMIT EFT-BCBSTN-20260511,CREDIT,6.96,105476.21,REF8590110,EFT-BCBSTN-20260511
MOCK_RAD_GROUP_DEMO_ONLY,2026-05-17,2026-05-17,ACH CREDIT PAYER REMIT EFT-MCARE-20260511,CREDIT,14.21,105490.42,REF1561113,EFT-MCARE-20260511
MOCK_RAD_GROUP_DEMO_ONLY,2026-05-18,2026-05-18,ACH CREDIT PAYER REMIT EFT-MCARE-20260518,CREDIT,40.59,105531.01,REF7661148,EFT-MCARE-20260518
MOCK_RAD_GROUP_DEMO_ONLY,2026-05-18,2026-05-18,ACCOUNT ANALYSIS FEE,DEBIT,-124.28,105406.73,REF9674246,
MOCK_RAD_GROUP_DEMO_ONLY,2026-05-18,2026-05-18,BOOK TRANSFER TO OPERATING 8841,DEBIT,-2428.25,102978.48,REF3937188,
MOCK_RAD_GROUP_DEMO_ONLY,2026-05-19,2026-05-19,ACH CREDIT PAYER REMIT EFT-BCBSTN-20260518,CREDIT,146.84,103125.32,REF6444344,EFT-BCBSTN-20260518
MOCK_RAD_GROUP_DEMO_ONLY,2026-05-19,2026-05-19,ACH CREDIT PAYER REMIT EFT-MCARE-20260518,CREDIT,20.14,103145.46,REF9637918,EFT-MCARE-20260518
MOCK_RAD_GROUP_DEMO_ONLY,2026-05-19,2026-05-19,ACH CREDIT PAYER REMIT EFT-SELFPAY-20260518,CREDIT,2.24,103147.7,REF1424858,EFT-SELFPAY-20260518
MOCK_RAD_GROUP_DEMO_ONLY,2026-05-19,2026-05-19,ACH CREDIT PAYER REMIT EFT-UHC-20260518,CREDIT,43.24,103190.94,REF4261695,EFT-UHC-20260518
MOCK_RAD_GROUP_DEMO_ONLY,2026-05-20,2026-05-20,ACH CREDIT PAYER REMIT EFT-CIGNA-20260518,CREDIT,42.53,103233.47,REF7745466,EFT-CIGNA-20260518
MOCK_RAD_GROUP_DEMO_ONLY,2026-05-20,2026-05-20,ACH CREDIT PAYER REMIT EFT-TENNCARE-20260518,CREDIT,12.3,103245.77,REF3894448,EFT-TENNCARE-20260518
MOCK_RAD_GROUP_DEMO_ONLY,2026-05-20,2026-05-20,ACH CREDIT PAYER REMIT EFT-UHC-20260518,CREDIT,6.69,103252.46,REF7118490,EFT-UHC-20260518
MOCK_RAD_GROUP_DEMO_ONLY,2026-05-21,2026-05-21,ACH CREDIT PAYER REMIT EFT-CIGNA-20260518,CREDIT,56.88,103309.34,REF3010911,EFT-CIGNA-20260518
MOCK_RAD_GROUP_DEMO_ONLY,2026-05-21,2026-05-21,ACH CREDIT PAYER REMIT EFT-MCARE-20260518,CREDIT,37.19,103346.53,REF3280521,EFT-MCARE-20260518
MOCK_RAD_GROUP_DEMO_ONLY,2026-05-21,2026-05-21,ACH CREDIT PAYER REMIT EFT-TENNCARE-20260518,CREDIT,3.62,103350.15,REF2391674,EFT-TENNCARE-20260518
MOCK_RAD_GROUP_DEMO_ONLY,2026-05-21,2026-05-21,ACH CREDIT PAYER REMIT EFT-UHC-20260518,CREDIT,74.39,103424.54,REF7664140,EFT-UHC-20260518
MOCK_RAD_GROUP_DEMO_ONLY,2026-05-22,2026-05-22,ACH CREDIT PAYER REMIT EFT-CIGNA-20260518,CREDIT,55.99,103480.53,REF4502773,EFT-CIGNA-20260518
MOCK_RAD_GROUP_DEMO_ONLY,2026-05-22,2026-05-22,ACH CREDIT PAYER REMIT EFT-MCARE-20260518,CREDIT,27.85,103508.38,REF9702706,EFT-MCARE-20260518
MOCK_RAD_GROUP_DEMO_ONLY,2026-05-22,2026-05-22,ACH CREDIT PAYER REMIT EFT-TENNCARE-20260518,CREDIT,9.96,103518.34,REF2410332,EFT-TENNCARE-20260518
MOCK_RAD_GROUP_DEMO_ONLY,2026-05-22,2026-05-22,INTEREST CREDIT,CREDIT,26.5,103544.84,REF6256843,
MOCK_RAD_GROUP_DEMO_ONLY,2026-05-23,2026-05-23,ACH CREDIT PAYER REMIT EFT-MCARE-20260518,CREDIT,16.95,103561.79,REF9324993,EFT-MCARE-20260518
MOCK_RAD_GROUP_DEMO_ONLY,2026-05-23,2026-05-23,ACH CREDIT PAYER REMIT EFT-TENNCARE-20260518,CREDIT,13.59,103575.38,REF7448172,EFT-TENNCARE-20260518
MOCK_RAD_GROUP_DEMO_ONLY,2026-05-23,2026-05-23,ACH CREDIT PAYER REMIT EFT-UHC-20260518,CREDIT,95.09,103670.47,REF6207208,EFT-UHC-20260518
MOCK_RAD_GROUP_DEMO_ONLY,2026-05-24,2026-05-24,ACH CREDIT PAYER REMIT EFT-BCBSTN-20260518,CREDIT,72.07,103742.54,REF4738279,EFT-BCBSTN-20260518
MOCK_RAD_GROUP_DEMO_ONLY,2026-05-24,2026-05-24,ACH CREDIT PAYER REMIT EFT-MCARE-20260518,CREDIT,6.94,103749.48,REF2040049,EFT-MCARE-20260518
MOCK_RAD_GROUP_DEMO_ONLY,2026-05-25,2026-05-25,ACH CREDIT PAYER REMIT EFT-BCBSTN-20260525,CREDIT,34.06,103783.54,REF2785631,EFT-BCBSTN-20260525
MOCK_RAD_GROUP_DEMO_ONLY,2026-05-25,2026-05-25,ACH CREDIT PAYER REMIT EFT-MCARE-20260525,CREDIT,13.33,103796.87,REF2388994,EFT-MCARE-20260525
MOCK_RAD_GROUP_DEMO_ONLY,2026-05-25,2026-05-25,ACH CREDIT PAYER REMIT EFT-TENNCARE-20260525,CREDIT,7.57,103804.44,REF3105781,EFT-TENNCARE-20260525
MOCK_RAD_GROUP_DEMO_ONLY,2026-05-26,2026-05-26,ACH CREDIT PAYER REMIT EFT-BCBSTN-20260525,CREDIT,33.3,103837.74,REF2723177,EFT-BCBSTN-20260525
MOCK_RAD_GROUP_DEMO_ONLY,2026-05-26,2026-05-26,ACH CREDIT PAYER REMIT EFT-MCARE-20260525,CREDIT,19.45,103857.19,REF5174562,EFT-MCARE-20260525
MOCK_RAD_GROUP_DEMO_ONLY,2026-05-26,2026-05-26,ACH CREDIT PAYER REMIT EFT-UHC-20260525,CREDIT,16.31,103873.5,REF2670842,EFT-UHC-20260525
MOCK_RAD_GROUP_DEMO_ONLY,2026-05-27,2026-05-27,ACH CREDIT PAYER REMIT EFT-CIGNA-20260525,CREDIT,73.69,103947.19,REF1190092,EFT-CIGNA-20260525
MOCK_RAD_GROUP_DEMO_ONLY,2026-05-27,2026-05-27,ACH CREDIT PAYER REMIT EFT-MCARE-20260525,CREDIT,2.71,103949.9,REF9692434,EFT-MCARE-20260525
MOCK_RAD_GROUP_DEMO_ONLY,2026-05-27,2026-05-27,ACH CREDIT PAYER REMIT EFT-UHC-20260525,CREDIT,52.22,104002.12,REF4436194,EFT-UHC-20260525
MOCK_RAD_GROUP_DEMO_ONLY,2026-05-28,2026-05-28,ACH CREDIT PAYER REMIT EFT-BCBSTN-20260525,CREDIT,44.19,104046.31,REF2707997,EFT-BCBSTN-20260525
MOCK_RAD_GROUP_DEMO_ONLY,2026-05-28,2026-05-28,ACH CREDIT PAYER REMIT EFT-MCARE-20260525,CREDIT,17.51,104063.82,REF7053828,EFT-MCARE-20260525
MOCK_RAD_GROUP_DEMO_ONLY,2026-05-28,2026-05-28,ACH CREDIT PAYER REMIT EFT-UHC-20260525,CREDIT,39.93,104103.75,REF5858751,EFT-UHC-20260525
MOCK_RAD_GROUP_DEMO_ONLY,2026-05-29,2026-05-29,ACH CREDIT PAYER REMIT EFT-BCBSTN-20260525,CREDIT,12.2,104115.95,REF7920970,EFT-BCBSTN-20260525
MOCK_RAD_GROUP_DEMO_ONLY,2026-05-29,2026-05-29,ACH CREDIT PAYER REMIT EFT-CIGNA-20260525,CREDIT,12.42,104128.37,REF2499012,EFT-CIGNA-20260525
MOCK_RAD_GROUP_DEMO_ONLY,2026-05-30,2026-05-30,ACH CREDIT PAYER REMIT EFT-CIGNA-20260525,CREDIT,58.8,104187.17,REF1422667,EFT-CIGNA-20260525
MOCK_RAD_GROUP_DEMO_ONLY,2026-05-30,2026-05-30,ACH CREDIT PAYER REMIT EFT-MCARE-20260525,CREDIT,9.01,104196.18,REF1362656,EFT-MCARE-20260525
MOCK_RAD_GROUP_DEMO_ONLY,2026-05-30,2026-05-30,ACH CREDIT PAYER REMIT EFT-UHC-20260525,CREDIT,48.46,104244.64,REF8913420,EFT-UHC-20260525
MOCK_RAD_GROUP_DEMO_ONLY,2026-05-31,2026-05-31,ACH CREDIT PAYER REMIT EFT-MCARE-20260525,CREDIT,19.45,104264.09,REF9264917,EFT-MCARE-20260525
MOCK_RAD_GROUP_DEMO_ONLY,2026-05-31,2026-05-31,ACH CREDIT PAYER REMIT EFT-SELFPAY-20260525,CREDIT,5.04,104269.13,REF7162987,EFT-SELFPAY-20260525
MOCK_RAD_GROUP_DEMO_ONLY,2026-06-02,2026-06-02,ACH CREDIT PAYER REMIT EFT-BCBSTN-20260601,CREDIT,49.96,104319.09,REF4961457,EFT-BCBSTN-20260601
MOCK_RAD_GROUP_DEMO_ONLY,2026-06-02,2026-06-02,ACH CREDIT PAYER REMIT EFT-UHC-20260601,CREDIT,28.96,104348.05,REF3452959,EFT-UHC-20260601
MOCK_RAD_GROUP_DEMO_ONLY,2026-06-03,2026-06-03,ACH CREDIT PAYER REMIT EFT-BCBSTN-20260601,CREDIT,714.31,105062.36,REF7599827,EFT-BCBSTN-20260601
MOCK_RAD_GROUP_DEMO_ONLY,2026-06-03,2026-06-03,ACH CREDIT PAYER REMIT EFT-CIGNA-20260601,CREDIT,268.13,105330.49,REF8598066,EFT-CIGNA-20260601
MOCK_RAD_GROUP_DEMO_ONLY,2026-06-03,2026-06-03,ACH CREDIT PAYER REMIT EFT-MCARE-20260601,CREDIT,255.03,105585.52,REF7292842,EFT-MCARE-20260601
MOCK_RAD_GROUP_DEMO_ONLY,2026-06-03,2026-06-03,ACH CREDIT PAYER REMIT EFT-SELFPAY-20260601,CREDIT,2.36,105587.88,REF2906347,EFT-SELFPAY-20260601
MOCK_RAD_GROUP_DEMO_ONLY,2026-06-03,2026-06-03,ACH CREDIT PAYER REMIT EFT-TENNCARE-20260601,CREDIT,68.41,105656.29,REF7042305,EFT-TENNCARE-20260601
MOCK_RAD_GROUP_DEMO_ONLY,2026-06-03,2026-06-03,ACH CREDIT PAYER REMIT EFT-UHC-20260601,CREDIT,637.08,106293.37,REF2209800,EFT-UHC-20260601
