deposit_date,eft_trace,amount,description
2025-01-17,EFT20250117019,682.84,PAYER EFT
2025-01-19,EFT20250119011,111.28,PAYER EFT
2025-01-20,EFT20250120013,129.26,PAYER EFT
2025-01-20,EFT20250120031,257.07,PAYER EFT
2025-01-21,EFT20250121038,106.83,PAYER EFT
2025-01-22,EFT20250122038,57.86,PAYER EFT
2025-01-23,EFT20250123000,111.28,PAYER EFT
2025-01-23,EFT20250123019,194.75,PAYER EFT
2025-01-24,EFT20250124014,72.33,PAYER EFT
2025-01-24,EFT20250124034,667.7,PAYER EFT
2025-01-25,EFT20250125017,51.41,PAYER EFT
2025-01-25,EFT20250125019,763.86,PAYER EFT
2025-01-25,EFT20250125027,89.69,PAYER EFT
2025-01-26,EFT20250126002,377.81,PAYER EFT
2025-01-26,EFT20250126005,193.19,PAYER EFT
2025-01-26,EFT20250126019,112.26,PAYER EFT
2025-01-26,EFT20250126025,389.49,PAYER EFT
2025-01-27,EFT20250127003,183.84,PAYER EFT
2025-01-27,EFT20250127004,229.8,PAYER EFT
2025-01-27,EFT20250127012,169.15,PAYER EFT
2025-01-28,EFT20250128007,701.65,PAYER EFT
2025-01-28,EFT20250128013,111.28,PAYER EFT
2025-01-29,EFT20250129006,120.74,PAYER EFT
2025-01-29,EFT20250129007,337.86,PAYER EFT
2025-01-29,EFT20250129010,115.74,PAYER EFT
2025-01-29,EFT20250129012,70.16,PAYER EFT
2025-01-30,EFT20250130025,111.28,PAYER EFT
2025-01-31,EFT20250131001,97.37,PAYER EFT
2025-01-31,EFT20250131007,77.34,PAYER EFT
2025-01-31,EFT20250131009,151.12,PAYER EFT
2025-01-31,EFT20250131014,81.24,PAYER EFT
2025-01-31,EFT20250131020,128.53,PAYER EFT
2025-01-31,EFT20250131035,111.28,PAYER EFT
2025-01-31,EFT20250131038,57.86,PAYER EFT
2025-02-01,EFT20250201000,51.41,PAYER EFT
2025-02-01,EFT20250201015,170.71,PAYER EFT
2025-02-01,EFT20250201019,161.58,PAYER EFT
2025-02-01,EFT20250201024,47.01,PAYER EFT
2025-02-01,EFT20250201038,112.82,PAYER EFT
2025-02-02,EFT20250202029,91.92,PAYER EFT
2025-02-02,EFT20250202038,194.75,PAYER EFT
2025-02-03,EFT20250203001,70.16,PAYER EFT
2025-02-03,EFT20250203004,114.9,PAYER EFT
2025-02-03,EFT20250203012,1211.89,PAYER EFT
2025-02-03,EFT20250203014,58.83,PAYER EFT
2025-02-03,EFT20250203019,97.93,PAYER EFT
2025-02-03,EFT20250203025,112.82,PAYER EFT
2025-02-04,EFT20250204010,44.51,PAYER EFT
2025-02-04,EFT20250204013,148.71,PAYER EFT
2025-02-05,EFT20250205001,89.69,PAYER EFT
2025-02-05,EFT20250205003,389.49,PAYER EFT
2025-02-05,EFT20250205009,211.44,PAYER EFT
2025-02-05,EFT20250205024,81.67,PAYER EFT
2025-02-05,EFT20250205027,279.1,PAYER EFT
2025-02-05,EFT20250205036,255.95,PAYER EFT
2025-02-06,EFT20250206005,70.16,PAYER EFT
2025-02-06,EFT20250206008,89.69,PAYER EFT
2025-02-06,EFT20250206009,459.6,PAYER EFT
2025-02-06,EFT20250206021,572.54,PAYER EFT
2025-02-06,EFT20250206030,85.46,PAYER EFT
2025-02-06,EFT20250206035,723.35,PAYER EFT
2025-02-06,EFT20250206037,24.15,PAYER EFT
2025-02-06,EFT20250206038,376.03,PAYER EFT
2025-02-07,EFT20250207030,106.83,PAYER EFT
2025-02-07,EFT20250207036,528.82,PAYER EFT
2025-02-08,EFT20250208008,853.55,PAYER EFT
2025-02-08,EFT20250208023,72.33,PAYER EFT
2025-02-08,EFT20250208027,701.65,PAYER EFT
2025-02-08,EFT20250208032,115.74,PAYER EFT
2025-02-08,EFT20250208034,115.74,PAYER EFT
2025-02-09,EFT20250209004,1248.61,PAYER EFT
2025-02-09,EFT20250209007,151.12,PAYER EFT
2025-02-09,EFT20250209017,279.1,PAYER EFT
2025-02-09,EFT20250209018,27.6,PAYER EFT
2025-02-09,EFT20250209035,77.34,PAYER EFT
2025-02-10,EFT20250210000,27.6,PAYER EFT
2025-02-10,EFT20250210001,103.63,PAYER EFT
2025-02-10,EFT20250210005,198.36,PAYER EFT
2025-02-10,EFT20250210006,169.15,PAYER EFT
2025-02-10,EFT20250210009,85.46,PAYER EFT
2025-02-10,EFT20250210011,1101.71,PAYER EFT
2025-02-10,EFT20250210013,1891.82,PAYER EFT
2025-02-10,EFT20250210015,89.02,PAYER EFT
2025-02-10,EFT20250210021,194.75,PAYER EFT
2025-02-10,EFT20250210022,170.71,PAYER EFT
2025-02-10,EFT20250210025,158.69,PAYER EFT
2025-02-10,EFT20250210027,64.99,PAYER EFT
2025-02-10,EFT20250210029,131.09,PAYER EFT
2025-02-10,EFT20250210030,152.77,PAYER EFT
2025-02-10,EFT20250210033,376.03,PAYER EFT
2025-02-10,EFT20250210034,57.86,PAYER EFT
2025-02-10,EFT20250210037,723.35,PAYER EFT
2025-02-11,EFT20250211001,82.9,PAYER EFT
2025-02-11,EFT20250211006,27.6,PAYER EFT
2025-02-11,EFT20250211009,194.75,PAYER EFT
2025-02-11,EFT20250211016,144.67,PAYER EFT
2025-02-11,EFT20250211020,193.31,PAYER EFT
2025-02-11,EFT20250211021,77.34,PAYER EFT
2025-02-11,EFT20250211026,229.8,PAYER EFT
2025-02-12,EFT20250212002,473.62,PAYER EFT
2025-02-12,EFT20250212005,72.33,PAYER EFT
2025-02-12,EFT20250212009,169.15,PAYER EFT
2025-02-12,EFT20250212013,318.27,PAYER EFT
2025-02-12,EFT20250212014,954.82,PAYER EFT
2025-02-12,EFT20250212031,44.51,PAYER EFT
2025-02-12,EFT20250212035,44.51,PAYER EFT
2025-02-12,EFT20250212039,377.81,PAYER EFT
2025-02-13,EFT20250213004,54.35,PAYER EFT
2025-02-13,EFT20250213006,187.01,PAYER EFT
2025-02-13,EFT20250213009,95.48,PAYER EFT
2025-02-13,EFT20250213011,144.67,PAYER EFT
2025-02-13,EFT20250213015,155.8,PAYER EFT
2025-02-13,EFT20250213022,68.28,PAYER EFT
2025-02-13,EFT20250213023,112.26,PAYER EFT
2025-02-13,EFT20250213029,131.09,PAYER EFT
2025-02-13,EFT20250213030,606.5,PAYER EFT
2025-02-13,EFT20250213038,170.71,PAYER EFT
2025-02-14,EFT20250214007,122.37,PAYER EFT
2025-02-14,EFT20250214011,315.76,PAYER EFT
2025-02-14,EFT20250214013,57.86,PAYER EFT
2025-02-14,EFT20250214014,37.78,PAYER EFT
2025-02-14,EFT20250214015,54.35,PAYER EFT
2025-02-14,EFT20250214016,194.75,PAYER EFT
2025-02-14,EFT20250214021,255.95,PAYER EFT
2025-02-14,EFT20250214022,77.34,PAYER EFT
2025-02-14,EFT20250214027,151.9,PAYER EFT
2025-02-14,EFT20250214035,120.74,PAYER EFT
2025-02-14,EFT20250214036,146.89,PAYER EFT
2025-02-15,EFT20250215007,223.28,PAYER EFT
2025-02-15,EFT20250215008,89.02,PAYER EFT
2025-02-15,EFT20250215015,763.86,PAYER EFT
2025-02-15,EFT20250215021,211.44,PAYER EFT
2025-02-15,EFT20250215026,89.69,PAYER EFT
2025-02-15,EFT20250215027,19.32,PAYER EFT
2025-02-15,EFT20250215031,72.33,PAYER EFT
2025-02-15,EFT20250215037,73.01,PAYER EFT
2025-02-15,EFT20250215038,190.96,PAYER EFT
2025-02-16,EFT20250216001,85.78,PAYER EFT
2025-02-16,EFT20250216016,114.9,PAYER EFT
2025-02-16,EFT20250216017,763.86,PAYER EFT
2025-02-16,EFT20250216020,229.8,PAYER EFT
2025-02-16,EFT20250216030,77.34,PAYER EFT
2025-02-17,EFT20250217000,302.02,PAYER EFT
2025-02-17,EFT20250217009,106.83,PAYER EFT
2025-02-17,EFT20250217021,183.84,PAYER EFT
2025-02-17,EFT20250217022,485.75,PAYER EFT
2025-02-17,EFT20250217024,800.58,PAYER EFT
2025-02-17,EFT20250217025,310.48,PAYER EFT
2025-02-17,EFT20250217028,58.76,PAYER EFT
2025-02-17,EFT20250217030,73.54,PAYER EFT
2025-02-17,EFT20250217031,112.26,PAYER EFT
2025-02-17,EFT20250217033,245.57,PAYER EFT
2025-02-18,EFT20250218014,389.49,PAYER EFT
2025-02-18,EFT20250218015,71.75,PAYER EFT
2025-02-18,EFT20250218016,422.32,PAYER EFT
2025-02-18,EFT20250218022,205.1,PAYER EFT
2025-02-18,EFT20250218025,57.86,PAYER EFT
2025-02-18,EFT20250218030,35.61,PAYER EFT
2025-02-18,EFT20250218035,500.78,PAYER EFT
2025-02-18,EFT20250218038,606.5,PAYER EFT
2025-02-18,EFT20250218039,102.09,PAYER EFT
2025-02-19,EFT20250219000,131.09,PAYER EFT
2025-02-19,EFT20250219014,102.09,PAYER EFT
2025-02-19,EFT20250219015,85.35,PAYER EFT
2025-02-19,EFT20250219016,715.67,PAYER EFT
2025-02-19,EFT20250219018,57.86,PAYER EFT
2025-02-19,EFT20250219023,75.02,PAYER EFT
2025-02-19,EFT20250219028,44.51,PAYER EFT
2025-02-19,EFT20250219032,661.03,PAYER EFT
2025-02-19,EFT20250219035,144.67,PAYER EFT
2025-02-19,EFT20250219036,52.53,PAYER EFT
2025-02-19,EFT20250219038,194.75,PAYER EFT
2025-02-19,EFT20250219039,223.28,PAYER EFT
2025-02-20,EFT20250220004,89.02,PAYER EFT
2025-02-20,EFT20250220006,257.07,PAYER EFT
2025-02-20,EFT20250220009,610.66,PAYER EFT
2025-02-20,EFT20250220023,49.86,PAYER EFT
2025-02-20,EFT20250220029,106.83,PAYER EFT
2025-02-20,EFT20250220033,111.28,PAYER EFT
2025-02-21,EFT20250221002,49.86,PAYER EFT
2025-02-21,EFT20250221007,152.77,PAYER EFT
2025-02-21,EFT20250221009,701.65,PAYER EFT
2025-02-21,EFT20250221014,350.51,PAYER EFT
2025-02-21,EFT20250221018,104.87,PAYER EFT
2025-02-21,EFT20250221023,126.06,PAYER EFT
2025-02-21,EFT20250221029,111.28,PAYER EFT
2025-02-21,EFT20250221039,144.67,PAYER EFT
2025-02-22,EFT20250222005,834.63,PAYER EFT
2025-02-22,EFT20250222008,590.92,PAYER EFT
2025-02-22,EFT20250222010,389.49,PAYER EFT
2025-02-22,EFT20250222013,194.75,PAYER EFT
2025-02-22,EFT20250222014,62.32,PAYER EFT
2025-02-22,EFT20250222017,485.75,PAYER EFT
2025-02-22,EFT20250222018,76.38,PAYER EFT
2025-02-22,EFT20250222022,112.26,PAYER EFT
2025-02-22,EFT20250222026,66.24,PAYER EFT
2025-02-22,EFT20250222027,146.89,PAYER EFT
2025-02-22,EFT20250222037,190.96,PAYER EFT
2025-02-23,EFT20250223005,631.03,PAYER EFT
2025-02-23,EFT20250223019,111.28,PAYER EFT
2025-02-23,EFT20250223023,102.09,PAYER EFT
2025-02-23,EFT20250223024,806.1,PAYER EFT
2025-02-23,EFT20250223035,41.13,PAYER EFT
2025-02-23,EFT20250223039,131.32,PAYER EFT
2025-02-24,EFT20250224002,73.54,PAYER EFT
2025-02-24,EFT20250224005,140.33,PAYER EFT
2025-02-24,EFT20250224010,161.58,PAYER EFT
2025-02-24,EFT20250224011,97.37,PAYER EFT
2025-02-24,EFT20250224016,255.63,PAYER EFT
2025-02-24,EFT20250224017,144.67,PAYER EFT
2025-02-24,EFT20250224019,164.48,PAYER EFT
2025-02-24,EFT20250224023,337.86,PAYER EFT
2025-02-24,EFT20250224033,95.48,PAYER EFT
2025-02-24,EFT20250224039,126.06,PAYER EFT
2025-02-25,EFT20250225007,155.8,PAYER EFT
2025-02-25,EFT20250225009,236.47,PAYER EFT
2025-02-25,EFT20250225019,1101.71,PAYER EFT
2025-02-25,EFT20250225021,194.75,PAYER EFT
2025-02-25,EFT20250225022,91.92,PAYER EFT
2025-02-25,EFT20250225023,205.66,PAYER EFT
2025-02-25,EFT20250225024,41.13,PAYER EFT
2025-02-25,EFT20250225026,723.35,PAYER EFT
2025-02-25,EFT20250225032,72.33,PAYER EFT
2025-02-26,EFT20250226002,41.13,PAYER EFT
2025-02-26,EFT20250226012,1060.43,PAYER EFT
2025-02-26,EFT20250226016,164.08,PAYER EFT
2025-02-26,EFT20250226021,877.92,PAYER EFT
2025-02-26,EFT20250226026,917.54,PAYER EFT
2025-02-26,EFT20250226030,155.8,PAYER EFT
2025-02-26,EFT20250226035,194.75,PAYER EFT
2025-02-27,EFT20250227019,205.66,PAYER EFT
2025-02-27,EFT20250227021,146.89,PAYER EFT
2025-02-27,EFT20250227022,77.34,PAYER EFT
2025-02-27,EFT20250227025,257.07,PAYER EFT
2025-02-27,EFT20250227029,73.54,PAYER EFT
2025-02-27,EFT20250227032,31.16,PAYER EFT
2025-02-27,EFT20250227036,335.94,PAYER EFT
2025-02-27,EFT20250227039,112.82,PAYER EFT
2025-02-28,EFT20250228009,76.38,PAYER EFT
2025-02-28,EFT20250228011,182.22,PAYER EFT
2025-02-28,EFT20250228015,161.58,PAYER EFT
2025-02-28,EFT20250228019,75.9,PAYER EFT
2025-02-28,EFT20250228021,881.37,PAYER EFT
2025-02-28,EFT20250228023,77.34,PAYER EFT
2025-02-28,EFT20250228025,466.83,PAYER EFT
2025-02-28,EFT20250228026,389.49,PAYER EFT
2025-02-28,EFT20250228033,194.75,PAYER EFT
2025-02-28,EFT20250228035,129.26,PAYER EFT
2025-03-01,EFT20250301000,188.9,PAYER EFT
2025-03-01,EFT20250301001,40.3,PAYER EFT
2025-03-01,EFT20250301004,47.95,PAYER EFT
2025-03-01,EFT20250301008,729.32,PAYER EFT
2025-03-01,EFT20250301010,485.2,PAYER EFT
2025-03-01,EFT20250301016,106.83,PAYER EFT
2025-03-01,EFT20250301022,128.53,PAYER EFT
2025-03-01,EFT20250301025,61.87,PAYER EFT
2025-03-01,EFT20250301028,701.65,PAYER EFT
2025-03-01,EFT20250301030,66.24,PAYER EFT
2025-03-02,EFT20250302003,144.67,PAYER EFT
2025-03-02,EFT20250302005,86.36,PAYER EFT
2025-03-02,EFT20250302008,81.24,PAYER EFT
2025-03-02,EFT20250302012,190.96,PAYER EFT
2025-03-02,EFT20250302013,954.82,PAYER EFT
2025-03-02,EFT20250302015,144.67,PAYER EFT
2025-03-02,EFT20250302024,169.15,PAYER EFT
2025-03-02,EFT20250302027,144.67,PAYER EFT
2025-03-02,EFT20250302037,927.11,PAYER EFT
2025-03-02,EFT20250302039,257.07,PAYER EFT
2025-03-03,EFT20250303006,954.82,PAYER EFT
2025-03-03,EFT20250303008,682.84,PAYER EFT
2025-03-03,EFT20250303012,70.16,PAYER EFT
2025-03-03,EFT20250303019,52.53,PAYER EFT
2025-03-03,EFT20250303025,141.02,PAYER EFT
2025-03-03,EFT20250303034,348.13,PAYER EFT
2025-03-03,EFT20250303035,30.22,PAYER EFT
2025-03-03,EFT20250303038,81.24,PAYER EFT
2025-03-04,EFT20250304000,199.6,PAYER EFT
2025-03-04,EFT20250304003,1436.26,PAYER EFT
2025-03-04,EFT20250304017,163.58,PAYER EFT
2025-03-04,EFT20250304021,194.75,PAYER EFT
2025-03-04,EFT20250304022,319.94,PAYER EFT
2025-03-04,EFT20250304026,77.9,PAYER EFT
2025-03-04,EFT20250304031,94.99,PAYER EFT
2025-03-04,EFT20250304033,120.74,PAYER EFT
2025-03-04,EFT20250304034,49.86,PAYER EFT
2025-03-04,EFT20250304038,136.57,PAYER EFT
2025-03-05,EFT20250305008,311.78,PAYER EFT
2025-03-05,EFT20250305010,97.93,PAYER EFT
2025-03-05,EFT20250305011,136.57,PAYER EFT
2025-03-05,EFT20250305012,48.59,PAYER EFT
2025-03-05,EFT20250305014,103.63,PAYER EFT
2025-03-05,EFT20250305022,75.56,PAYER EFT
2025-03-05,EFT20250305026,148.41,PAYER EFT
2025-03-05,EFT20250305030,57.86,PAYER EFT
2025-03-05,EFT20250305031,147.12,PAYER EFT
2025-03-06,EFT20250306000,44.85,PAYER EFT
2025-03-06,EFT20250306002,77.9,PAYER EFT
2025-03-06,EFT20250306003,91.92,PAYER EFT
2025-03-06,EFT20250306009,61.87,PAYER EFT
2025-03-06,EFT20250306016,144.67,PAYER EFT
2025-03-06,EFT20250306017,49.86,PAYER EFT
2025-03-06,EFT20250306018,954.82,PAYER EFT
2025-03-06,EFT20250306029,112.26,PAYER EFT
2025-03-06,EFT20250306032,38.95,PAYER EFT
2025-03-06,EFT20250306034,77.34,PAYER EFT
2025-03-07,EFT20250307002,892.94,PAYER EFT
2025-03-07,EFT20250307004,190.96,PAYER EFT
2025-03-07,EFT20250307014,47.95,PAYER EFT
2025-03-07,EFT20250307018,731.45,PAYER EFT
2025-03-07,EFT20250307022,319.94,PAYER EFT
2025-03-07,EFT20250307026,107.95,PAYER EFT
2025-03-07,EFT20250307031,69.27,PAYER EFT
2025-03-07,EFT20250307036,89.02,PAYER EFT
2025-03-07,EFT20250307039,223.28,PAYER EFT
2025-03-08,EFT20250308001,339.42,PAYER EFT
2025-03-08,EFT20250308009,146.89,PAYER EFT
2025-03-08,EFT20250308015,77.34,PAYER EFT
2025-03-08,EFT20250308016,188.9,PAYER EFT
2025-03-08,EFT20250308023,115.74,PAYER EFT
2025-03-08,EFT20250308024,194.75,PAYER EFT
2025-03-08,EFT20250308028,62.32,PAYER EFT
2025-03-08,EFT20250308031,141.02,PAYER EFT
2025-03-08,EFT20250308035,255.95,PAYER EFT
2025-03-08,EFT20250308036,809.59,PAYER EFT
2025-03-08,EFT20250308039,518.83,PAYER EFT
2025-03-09,EFT20250309001,85.46,PAYER EFT
2025-03-09,EFT20250309003,161.58,PAYER EFT
2025-03-09,EFT20250309010,588.3,PAYER EFT
2025-03-09,EFT20250309013,27.6,PAYER EFT
2025-03-09,EFT20250309015,144.67,PAYER EFT
2025-03-09,EFT20250309019,300.82,PAYER EFT
2025-03-09,EFT20250309020,657.8,PAYER EFT
2025-03-09,EFT20250309026,146.89,PAYER EFT
2025-03-09,EFT20250309028,141.02,PAYER EFT
2025-03-09,EFT20250309029,149.27,PAYER EFT
2025-03-09,EFT20250309031,954.82,PAYER EFT
2025-03-09,EFT20250309038,138.7,PAYER EFT
2025-03-10,EFT20250310003,136.57,PAYER EFT
2025-03-10,EFT20250310005,219.13,PAYER EFT
2025-03-10,EFT20250310008,92.4,PAYER EFT
2025-03-10,EFT20250310012,170.71,PAYER EFT
2025-03-10,EFT20250310014,205.1,PAYER EFT
2025-03-10,EFT20250310015,412.87,PAYER EFT
2025-03-10,EFT20250310016,169.15,PAYER EFT
2025-03-10,EFT20250310018,459.6,PAYER EFT
2025-03-10,EFT20250310019,22.08,PAYER EFT
2025-03-10,EFT20250310029,27.6,PAYER EFT
2025-03-10,EFT20250310030,70.16,PAYER EFT
2025-03-10,EFT20250310032,126.06,PAYER EFT
2025-03-10,EFT20250310036,1248.61,PAYER EFT
2025-03-10,EFT20250310038,144.67,PAYER EFT
2025-03-10,EFT20250310039,162.63,PAYER EFT
2025-03-11,EFT20250311000,57.86,PAYER EFT
2025-03-11,EFT20250311001,52.99,PAYER EFT
2025-03-11,EFT20250311002,246.79,PAYER EFT
2025-03-11,EFT20250311005,81.24,PAYER EFT
2025-03-11,EFT20250311006,411.3,PAYER EFT
2025-03-11,EFT20250311012,197.17,PAYER EFT
2025-03-11,EFT20250311014,194.75,PAYER EFT
2025-03-11,EFT20250311017,97.93,PAYER EFT
2025-03-11,EFT20250311019,640.46,PAYER EFT
2025-03-11,EFT20250311022,205.1,PAYER EFT
2025-03-11,EFT20250311025,319.94,PAYER EFT
2025-03-11,EFT20250311026,411.04,PAYER EFT
2025-03-11,EFT20250311028,54.35,PAYER EFT
2025-03-11,EFT20250311029,44.85,PAYER EFT
2025-03-11,EFT20250311033,30.22,PAYER EFT
2025-03-11,EFT20250311034,249.5,PAYER EFT
2025-03-11,EFT20250311035,205.1,PAYER EFT
2025-03-11,EFT20250311036,38.95,PAYER EFT
2025-03-11,EFT20250311038,56.13,PAYER EFT
2025-03-12,EFT20250312004,95.48,PAYER EFT
2025-03-12,EFT20250312007,834.63,PAYER EFT
2025-03-12,EFT20250312010,102.09,PAYER EFT
2025-03-12,EFT20250312011,77.34,PAYER EFT
2025-03-12,EFT20250312014,81.24,PAYER EFT
2025-03-12,EFT20250312022,377.53,PAYER EFT
2025-03-12,EFT20250312025,386.55,PAYER EFT
2025-03-12,EFT20250312033,131.32,PAYER EFT
2025-03-12,EFT20250312036,194.75,PAYER EFT
2025-03-12,EFT20250312039,470.64,PAYER EFT
2025-03-13,EFT20250313000,94.45,PAYER EFT
2025-03-13,EFT20250313001,500.78,PAYER EFT
2025-03-13,EFT20250313002,144.67,PAYER EFT
2025-03-13,EFT20250313003,112.82,PAYER EFT
2025-03-13,EFT20250313015,71.75,PAYER EFT
2025-03-13,EFT20250313019,954.82,PAYER EFT
2025-03-13,EFT20250313024,95.48,PAYER EFT
2025-03-13,EFT20250313025,190.07,PAYER EFT
2025-03-13,EFT20250313028,37.78,PAYER EFT
2025-03-13,EFT20250313035,257.07,PAYER EFT
2025-03-13,EFT20250313038,193.19,PAYER EFT
2025-03-13,EFT20250313039,588.3,PAYER EFT
2025-03-14,EFT20250314005,238.82,PAYER EFT
2025-03-14,EFT20250314016,194.75,PAYER EFT
2025-03-14,EFT20250314018,232.24,PAYER EFT
2025-03-14,EFT20250314021,57.86,PAYER EFT
2025-03-14,EFT20250314026,853.55,PAYER EFT
2025-03-14,EFT20250314027,97.93,PAYER EFT
2025-03-14,EFT20250314029,560.22,PAYER EFT
2025-03-14,EFT20250314031,853.55,PAYER EFT
2025-03-14,EFT20250314032,95.48,PAYER EFT
2025-03-14,EFT20250314036,95.48,PAYER EFT
2025-03-15,EFT20250315000,169.15,PAYER EFT
2025-03-15,EFT20250315001,89.69,PAYER EFT
2025-03-15,EFT20250315003,308.48,PAYER EFT
2025-03-15,EFT20250315005,306.47,PAYER EFT
2025-03-15,EFT20250315007,117.51,PAYER EFT
2025-03-15,EFT20250315009,146.89,PAYER EFT
2025-03-15,EFT20250315011,146.89,PAYER EFT
2025-03-15,EFT20250315013,954.82,PAYER EFT
2025-03-15,EFT20250315016,140.33,PAYER EFT
2025-03-15,EFT20250315017,102.09,PAYER EFT
2025-03-15,EFT20250315018,144.67,PAYER EFT
2025-03-15,EFT20250315025,30.22,PAYER EFT
2025-03-15,EFT20250315029,853.55,PAYER EFT
2025-03-15,EFT20250315032,140.33,PAYER EFT
2025-03-15,EFT20250315036,572.54,PAYER EFT
2025-03-15,EFT20250315038,140.33,PAYER EFT
2025-03-16,EFT20250316000,112.26,PAYER EFT
2025-03-16,EFT20250316002,170.71,PAYER EFT
2025-03-16,EFT20250316008,51.41,PAYER EFT
2025-03-16,EFT20250316011,68.28,PAYER EFT
2025-03-16,EFT20250316013,800.58,PAYER EFT
2025-03-16,EFT20250316016,118.74,PAYER EFT
2025-03-16,EFT20250316017,144.67,PAYER EFT
2025-03-16,EFT20250316018,1072.33,PAYER EFT
2025-03-16,EFT20250316019,572.54,PAYER EFT
2025-03-16,EFT20250316021,338.21,PAYER EFT
2025-03-16,EFT20250316024,81.24,PAYER EFT
2025-03-16,EFT20250316025,248.38,PAYER EFT
2025-03-16,EFT20250316026,835.89,PAYER EFT
2025-03-16,EFT20250316030,95.48,PAYER EFT
2025-03-16,EFT20250316031,73.54,PAYER EFT
2025-03-16,EFT20250316032,255.95,PAYER EFT
2025-03-16,EFT20250316034,72.33,PAYER EFT
2025-03-17,EFT20250317001,411.3,PAYER EFT
2025-03-17,EFT20250317007,588.3,PAYER EFT
2025-03-17,EFT20250317010,164.08,PAYER EFT
2025-03-17,EFT20250317013,44.51,PAYER EFT
2025-03-17,EFT20250317015,661.03,PAYER EFT
2025-03-17,EFT20250317017,115.74,PAYER EFT
2025-03-17,EFT20250317018,106.83,PAYER EFT
2025-03-17,EFT20250317020,146.89,PAYER EFT
2025-03-17,EFT20250317021,144.67,PAYER EFT
2025-03-17,EFT20250317025,190.96,PAYER EFT
2025-03-17,EFT20250317026,162.48,PAYER EFT
2025-03-17,EFT20250317030,169.15,PAYER EFT
2025-03-17,EFT20250317031,41.18,PAYER EFT
2025-03-17,EFT20250317032,35.61,PAYER EFT
2025-03-17,EFT20250317034,194.75,PAYER EFT
2025-03-17,EFT20250317035,41.13,PAYER EFT
2025-03-17,EFT20250317036,723.35,PAYER EFT
2025-03-17,EFT20250317037,120.74,PAYER EFT
2025-03-18,EFT20250318000,89.69,PAYER EFT
2025-03-18,EFT20250318003,41.13,PAYER EFT
2025-03-18,EFT20250318010,115.74,PAYER EFT
2025-03-18,EFT20250318011,54.35,PAYER EFT
2025-03-18,EFT20250318012,97.37,PAYER EFT
2025-03-18,EFT20250318018,61.87,PAYER EFT
2025-03-18,EFT20250318020,542.8,PAYER EFT
2025-03-18,EFT20250318021,141.02,PAYER EFT
2025-03-18,EFT20250318022,954.82,PAYER EFT
2025-03-18,EFT20250318023,846.87,PAYER EFT
2025-03-18,EFT20250318031,144.67,PAYER EFT
2025-03-18,EFT20250318033,310.34,PAYER EFT
2025-03-18,EFT20250318036,316.5,PAYER EFT
2025-03-18,EFT20250318039,60.45,PAYER EFT
2025-03-19,EFT20250319003,194.75,PAYER EFT
2025-03-19,EFT20250319005,661.03,PAYER EFT
2025-03-19,EFT20250319006,146.89,PAYER EFT
2025-03-19,EFT20250319010,389.49,PAYER EFT
2025-03-19,EFT20250319014,590.92,PAYER EFT
2025-03-19,EFT20250319015,257.07,PAYER EFT
2025-03-19,EFT20250319016,43.18,PAYER EFT
2025-03-19,EFT20250319017,588.3,PAYER EFT
2025-03-19,EFT20250319019,169.15,PAYER EFT
2025-03-19,EFT20250319023,198.36,PAYER EFT
2025-03-19,EFT20250319026,107.23,PAYER EFT
2025-03-19,EFT20250319028,155.85,PAYER EFT
2025-03-19,EFT20250319030,249.5,PAYER EFT
2025-03-19,EFT20250319031,50.37,PAYER EFT
2025-03-19,EFT20250319034,143.58,PAYER EFT
2025-03-19,EFT20250319036,91.26,PAYER EFT
2025-03-20,EFT20250320001,75.9,PAYER EFT
2025-03-20,EFT20250320006,60.02,PAYER EFT
2025-03-20,EFT20250320007,140.33,PAYER EFT
2025-03-20,EFT20250320011,120.74,PAYER EFT
2025-03-20,EFT20250320014,763.86,PAYER EFT
2025-03-20,EFT20250320017,606.5,PAYER EFT
2025-03-20,EFT20250320019,377.53,PAYER EFT
2025-03-20,EFT20250320022,319.94,PAYER EFT
2025-03-20,EFT20250320024,247.74,PAYER EFT
2025-03-20,EFT20250320026,107.95,PAYER EFT
2025-03-20,EFT20250320029,120.74,PAYER EFT
2025-03-21,EFT20250321005,853.55,PAYER EFT
2025-03-21,EFT20250321011,131.09,PAYER EFT
2025-03-21,EFT20250321014,106.83,PAYER EFT
2025-03-21,EFT20250321015,144.67,PAYER EFT
2025-03-21,EFT20250321016,1586.91,PAYER EFT
2025-03-21,EFT20250321021,73.01,PAYER EFT
2025-03-21,EFT20250321026,41.18,PAYER EFT
2025-03-21,EFT20250321032,389.49,PAYER EFT
2025-03-21,EFT20250321033,97.37,PAYER EFT
2025-03-22,EFT20250322001,388.6,PAYER EFT
2025-03-22,EFT20250322007,144.67,PAYER EFT
2025-03-22,EFT20250322009,70.16,PAYER EFT
2025-03-22,EFT20250322012,51.41,PAYER EFT
2025-03-22,EFT20250322015,75.02,PAYER EFT
2025-03-22,EFT20250322016,61.87,PAYER EFT
2025-03-22,EFT20250322019,83.8,PAYER EFT
2025-03-22,EFT20250322022,578.68,PAYER EFT
2025-03-22,EFT20250322023,117.51,PAYER EFT
2025-03-22,EFT20250322032,367.68,PAYER EFT
2025-03-22,EFT20250322035,114.9,PAYER EFT
2025-03-22,EFT20250322036,159.24,PAYER EFT
2025-03-23,EFT20250323000,459.6,PAYER EFT
2025-03-23,EFT20250323001,54.35,PAYER EFT
2025-03-23,EFT20250323002,199.6,PAYER EFT
2025-03-23,EFT20250323004,89.02,PAYER EFT
2025-03-23,EFT20250323005,112.26,PAYER EFT
2025-03-23,EFT20250323006,107.23,PAYER EFT
2025-03-23,EFT20250323007,85.35,PAYER EFT
2025-03-23,EFT20250323008,169.15,PAYER EFT
2025-03-23,EFT20250323009,115.74,PAYER EFT
2025-03-23,EFT20250323018,31.16,PAYER EFT
2025-03-23,EFT20250323019,341.42,PAYER EFT
2025-03-23,EFT20250323021,77.34,PAYER EFT
2025-03-23,EFT20250323023,77.34,PAYER EFT
2025-03-23,EFT20250323025,64.99,PAYER EFT
2025-03-23,EFT20250323031,73.01,PAYER EFT
2025-03-24,EFT20250324001,57.86,PAYER EFT
2025-03-24,EFT20250324005,188.07,PAYER EFT
2025-03-24,EFT20250324012,117.51,PAYER EFT
2025-03-24,EFT20250324019,595.98,PAYER EFT
2025-03-24,EFT20250324020,38.95,PAYER EFT
2025-03-24,EFT20250324021,485.2,PAYER EFT
2025-03-24,EFT20250324023,95.48,PAYER EFT
2025-03-24,EFT20250324032,38.95,PAYER EFT
2025-03-24,EFT20250324035,77.9,PAYER EFT
2025-03-24,EFT20250324038,495.48,PAYER EFT
2025-03-25,EFT20250325000,89.02,PAYER EFT
2025-03-25,EFT20250325009,183.51,PAYER EFT
2025-03-25,EFT20250325012,115.74,PAYER EFT
2025-03-25,EFT20250325015,128.53,PAYER EFT
2025-03-25,EFT20250325016,224.35,PAYER EFT
2025-03-25,EFT20250325023,194.75,PAYER EFT
2025-03-25,EFT20250325024,257.63,PAYER EFT
2025-03-25,EFT20250325026,45.96,PAYER EFT
2025-03-25,EFT20250325029,100.85,PAYER EFT
2025-03-25,EFT20250325031,112.82,PAYER EFT
2025-03-25,EFT20250325032,299.01,PAYER EFT
2025-03-25,EFT20250325033,69,PAYER EFT
2025-03-26,EFT20250326000,485.75,PAYER EFT
2025-03-26,EFT20250326002,339.83,PAYER EFT
2025-03-26,EFT20250326008,211.44,PAYER EFT
2025-03-26,EFT20250326009,188.9,PAYER EFT
2025-03-26,EFT20250326012,85.35,PAYER EFT
2025-03-26,EFT20250326017,89.02,PAYER EFT
2025-03-26,EFT20250326018,164.08,PAYER EFT
2025-03-26,EFT20250326022,62.32,PAYER EFT
2025-03-26,EFT20250326027,58.83,PAYER EFT
2025-03-26,EFT20250326028,125.31,PAYER EFT
2025-03-26,EFT20250326037,141.02,PAYER EFT
2025-03-27,EFT20250327001,140.33,PAYER EFT
2025-03-27,EFT20250327002,43.18,PAYER EFT
2025-03-27,EFT20250327003,60.72,PAYER EFT
2025-03-27,EFT20250327012,35.88,PAYER EFT
2025-03-27,EFT20250327013,146.89,PAYER EFT
2025-03-27,EFT20250327014,954.82,PAYER EFT
2025-03-27,EFT20250327015,57.86,PAYER EFT
2025-03-27,EFT20250327021,319.94,PAYER EFT
2025-03-27,EFT20250327028,190.96,PAYER EFT
2025-03-27,EFT20250327030,95.48,PAYER EFT
2025-03-27,EFT20250327032,194.75,PAYER EFT
2025-03-27,EFT20250327033,56.13,PAYER EFT
2025-03-27,EFT20250327036,38.95,PAYER EFT
2025-03-27,EFT20250327038,117.51,PAYER EFT
2025-03-28,EFT20250328002,411.3,PAYER EFT
2025-03-28,EFT20250328004,223.28,PAYER EFT
2025-03-28,EFT20250328006,1020.93,PAYER EFT
2025-03-28,EFT20250328012,104.87,PAYER EFT
2025-03-28,EFT20250328013,161.58,PAYER EFT
2025-03-28,EFT20250328018,169.15,PAYER EFT
2025-03-28,EFT20250328019,377.81,PAYER EFT
2025-03-28,EFT20250328023,31.16,PAYER EFT
2025-03-28,EFT20250328029,73.54,PAYER EFT
2025-03-28,EFT20250328031,400.62,PAYER EFT
2025-03-28,EFT20250328032,339.42,PAYER EFT
2025-03-28,EFT20250328035,56.13,PAYER EFT
2025-03-28,EFT20250328037,38.87,PAYER EFT
2025-03-28,EFT20250328039,49.86,PAYER EFT
2025-03-29,EFT20250329000,734.03,PAYER EFT
2025-03-29,EFT20250329001,89.69,PAYER EFT
2025-03-29,EFT20250329004,55.2,PAYER EFT
2025-03-29,EFT20250329006,470.64,PAYER EFT
2025-03-29,EFT20250329014,684.18,PAYER EFT
2025-03-29,EFT20250329019,116.15,PAYER EFT
2025-03-29,EFT20250329020,102.09,PAYER EFT
2025-03-29,EFT20250329021,388.6,PAYER EFT
2025-03-29,EFT20250329023,140.33,PAYER EFT
2025-03-29,EFT20250329025,161.7,PAYER EFT
2025-03-29,EFT20250329026,198.39,PAYER EFT
2025-03-29,EFT20250329028,161.18,PAYER EFT
2025-03-29,EFT20250329032,60.02,PAYER EFT
2025-03-29,EFT20250329035,100.85,PAYER EFT
2025-03-29,EFT20250329039,68.28,PAYER EFT
2025-03-30,EFT20250330000,44.51,PAYER EFT
2025-03-30,EFT20250330002,72.33,PAYER EFT
2025-03-30,EFT20250330006,763.86,PAYER EFT
2025-03-30,EFT20250330009,183.84,PAYER EFT
2025-03-30,EFT20250330012,143.58,PAYER EFT
2025-03-30,EFT20250330014,238.12,PAYER EFT
2025-03-30,EFT20250330015,61.87,PAYER EFT
2025-03-30,EFT20250330017,122.41,PAYER EFT
2025-03-30,EFT20250330020,163.58,PAYER EFT
2025-03-30,EFT20250330022,126.06,PAYER EFT
2025-03-30,EFT20250330026,95.48,PAYER EFT
2025-03-30,EFT20250330032,45.96,PAYER EFT
2025-03-30,EFT20250330034,136.57,PAYER EFT
2025-03-30,EFT20250330036,310.34,PAYER EFT
2025-03-30,EFT20250330037,44.85,PAYER EFT
2025-03-31,EFT20250331002,49.86,PAYER EFT
2025-03-31,EFT20250331003,52.99,PAYER EFT
2025-03-31,EFT20250331010,707.64,PAYER EFT
2025-03-31,EFT20250331011,85.35,PAYER EFT
2025-03-31,EFT20250331014,809.59,PAYER EFT
2025-03-31,EFT20250331015,800.58,PAYER EFT
2025-03-31,EFT20250331017,30.22,PAYER EFT
2025-03-31,EFT20250331019,115.74,PAYER EFT
2025-03-31,EFT20250331021,310.48,PAYER EFT
2025-03-31,EFT20250331027,122.41,PAYER EFT
2025-03-31,EFT20250331034,48.59,PAYER EFT
2025-03-31,EFT20250331035,144.67,PAYER EFT
2025-03-31,EFT20250331039,1166.26,PAYER EFT
2025-04-01,EFT20250401001,350.85,PAYER EFT
2025-04-01,EFT20250401003,106.83,PAYER EFT
2025-04-01,EFT20250401008,190.96,PAYER EFT
2025-04-01,EFT20250401009,561.32,PAYER EFT
2025-04-01,EFT20250401011,152.77,PAYER EFT
2025-04-01,EFT20250401020,448.47,PAYER EFT
2025-04-01,EFT20250401021,95.64,PAYER EFT
2025-04-01,EFT20250401022,77.9,PAYER EFT
2025-04-01,EFT20250401029,302.25,PAYER EFT
2025-04-01,EFT20250401031,94.45,PAYER EFT
2025-04-01,EFT20250401033,77.9,PAYER EFT
2025-04-01,EFT20250401036,342.23,PAYER EFT
2025-04-01,EFT20250401038,240.09,PAYER EFT
2025-04-02,EFT20250402007,72.33,PAYER EFT
2025-04-02,EFT20250402010,487.31,PAYER EFT
2025-04-02,EFT20250402011,341.64,PAYER EFT
2025-04-02,EFT20250402017,96.59,PAYER EFT
2025-04-02,EFT20250402022,126.06,PAYER EFT
2025-04-02,EFT20250402028,945.91,PAYER EFT
2025-04-02,EFT20250402034,564.59,PAYER EFT
2025-04-02,EFT20250402037,82.26,PAYER EFT
2025-04-03,EFT20250403002,606.5,PAYER EFT
2025-04-03,EFT20250403011,58.69,PAYER EFT
2025-04-03,EFT20250403014,247.16,PAYER EFT
2025-04-03,EFT20250403015,572.54,PAYER EFT
2025-04-03,EFT20250403017,97.37,PAYER EFT
2025-04-03,EFT20250403018,25.53,PAYER EFT
2025-04-03,EFT20250403020,261.23,PAYER EFT
2025-04-03,EFT20250403023,76.38,PAYER EFT
2025-04-03,EFT20250403026,95.86,PAYER EFT
2025-04-03,EFT20250403030,554.27,PAYER EFT
2025-04-03,EFT20250403032,131.32,PAYER EFT
2025-04-03,EFT20250403033,277.22,PAYER EFT
2025-04-03,EFT20250403035,152.77,PAYER EFT
2025-04-03,EFT20250403039,376.03,PAYER EFT
2025-04-04,EFT20250404004,38.95,PAYER EFT
2025-04-04,EFT20250404010,115.74,PAYER EFT
2025-04-04,EFT20250404012,102.09,PAYER EFT
2025-04-04,EFT20250404015,188.9,PAYER EFT
2025-04-04,EFT20250404016,979.3,PAYER EFT
2025-04-04,EFT20250404018,270.2,PAYER EFT
2025-04-04,EFT20250404019,43.18,PAYER EFT
2025-04-04,EFT20250404021,122.41,PAYER EFT
2025-04-04,EFT20250404025,73.01,PAYER EFT
2025-04-04,EFT20250404028,78.8,PAYER EFT
2025-04-04,EFT20250404029,72.33,PAYER EFT
2025-04-04,EFT20250404031,117.51,PAYER EFT
2025-04-04,EFT20250404035,606.5,PAYER EFT
2025-04-04,EFT20250404039,94.45,PAYER EFT
2025-04-05,EFT20250405003,341.67,PAYER EFT
2025-04-05,EFT20250405009,44.85,PAYER EFT
2025-04-05,EFT20250405010,91.26,PAYER EFT
2025-04-05,EFT20250405011,402.4,PAYER EFT
2025-04-05,EFT20250405012,115.74,PAYER EFT
2025-04-05,EFT20250405013,50.37,PAYER EFT
2025-04-05,EFT20250405014,279.1,PAYER EFT
2025-04-05,EFT20250405019,345.54,PAYER EFT
2025-04-05,EFT20250405020,131.09,PAYER EFT
2025-04-05,EFT20250405024,101.94,PAYER EFT
2025-04-05,EFT20250405025,37.78,PAYER EFT
2025-04-05,EFT20250405026,158.69,PAYER EFT
2025-04-05,EFT20250405027,82.9,PAYER EFT
2025-04-05,EFT20250405028,377.81,PAYER EFT
2025-04-05,EFT20250405030,420.34,PAYER EFT
2025-04-05,EFT20250405037,103.63,PAYER EFT
2025-04-06,EFT20250406000,45.96,PAYER EFT
2025-04-06,EFT20250406004,377.81,PAYER EFT
2025-04-06,EFT20250406006,500.78,PAYER EFT
2025-04-06,EFT20250406013,62.32,PAYER EFT
2025-04-06,EFT20250406015,48.59,PAYER EFT
2025-04-06,EFT20250406016,351.89,PAYER EFT
2025-04-06,EFT20250406018,146.89,PAYER EFT
2025-04-06,EFT20250406019,144.67,PAYER EFT
2025-04-06,EFT20250406020,56.13,PAYER EFT
2025-04-06,EFT20250406022,70.16,PAYER EFT
2025-04-06,EFT20250406025,241.49,PAYER EFT
2025-04-06,EFT20250406030,715.67,PAYER EFT
2025-04-06,EFT20250406031,235.7,PAYER EFT
2025-04-06,EFT20250406034,319.94,PAYER EFT
2025-04-06,EFT20250406035,470.64,PAYER EFT
2025-04-06,EFT20250406037,438.82,PAYER EFT
2025-04-06,EFT20250406038,94.99,PAYER EFT
2025-04-07,EFT20250407009,500.78,PAYER EFT
2025-04-07,EFT20250407010,38.87,PAYER EFT
2025-04-07,EFT20250407011,100.85,PAYER EFT
2025-04-07,EFT20250407012,485.2,PAYER EFT
2025-04-07,EFT20250407016,682.84,PAYER EFT
2025-04-07,EFT20250407024,122.41,PAYER EFT
2025-04-07,EFT20250407025,32.94,PAYER EFT
2025-04-07,EFT20250407026,161.58,PAYER EFT
2025-04-07,EFT20250407028,48.59,PAYER EFT
2025-04-07,EFT20250407030,155.8,PAYER EFT
2025-04-07,EFT20250407033,81.24,PAYER EFT
2025-04-07,EFT20250407039,502.55,PAYER EFT
2025-04-08,EFT20250408004,111.28,PAYER EFT
2025-04-08,EFT20250408007,39.94,PAYER EFT
2025-04-08,EFT20250408027,588.3,PAYER EFT
2025-04-08,EFT20250408029,241.49,PAYER EFT
2025-04-08,EFT20250408034,229.8,PAYER EFT
2025-04-09,EFT20250409002,354.12,PAYER EFT
2025-04-09,EFT20250409003,95.48,PAYER EFT
2025-04-09,EFT20250409007,55.2,PAYER EFT
2025-04-09,EFT20250409008,606.5,PAYER EFT
2025-04-09,EFT20250409010,211.44,PAYER EFT
2025-04-09,EFT20250409015,117.51,PAYER EFT
2025-04-09,EFT20250409017,205.66,PAYER EFT
2025-04-09,EFT20250409018,72.33,PAYER EFT
2025-04-09,EFT20250409022,485.75,PAYER EFT
2025-04-09,EFT20250409029,38.95,PAYER EFT
2025-04-09,EFT20250409030,95.48,PAYER EFT
2025-04-09,EFT20250409039,572.54,PAYER EFT
2025-04-10,EFT20250410001,35.88,PAYER EFT
2025-04-10,EFT20250410002,55.2,PAYER EFT
2025-04-10,EFT20250410003,72.33,PAYER EFT
2025-04-10,EFT20250410004,144.67,PAYER EFT
2025-04-10,EFT20250410014,95.48,PAYER EFT
2025-04-10,EFT20250410018,853.55,PAYER EFT
2025-04-10,EFT20250410019,328.84,PAYER EFT
2025-04-10,EFT20250410021,104.87,PAYER EFT
2025-04-10,EFT20250410022,111.28,PAYER EFT
2025-04-10,EFT20250410023,82.26,PAYER EFT
2025-04-10,EFT20250410025,89.02,PAYER EFT
2025-04-10,EFT20250410026,82.26,PAYER EFT
2025-04-10,EFT20250410028,377.53,PAYER EFT
2025-04-10,EFT20250410030,319.94,PAYER EFT
2025-04-10,EFT20250410031,117.18,PAYER EFT
2025-04-10,EFT20250410034,248.27,PAYER EFT
2025-04-10,EFT20250410039,194.75,PAYER EFT
2025-04-11,EFT20250411000,205.66,PAYER EFT
2025-04-11,EFT20250411003,144.67,PAYER EFT
2025-04-11,EFT20250411010,229.8,PAYER EFT
2025-04-11,EFT20250411016,60.72,PAYER EFT
2025-04-11,EFT20250411018,229.8,PAYER EFT
2025-04-11,EFT20250411021,514.13,PAYER EFT
2025-04-11,EFT20250411024,248.27,PAYER EFT
2025-04-11,EFT20250411025,112.26,PAYER EFT
2025-04-11,EFT20250411026,448.47,PAYER EFT
2025-04-11,EFT20250411027,194.75,PAYER EFT
2025-04-11,EFT20250411030,43.18,PAYER EFT
2025-04-11,EFT20250411032,89.02,PAYER EFT
2025-04-11,EFT20250411036,85.35,PAYER EFT
2025-04-12,EFT20250412003,144.67,PAYER EFT
2025-04-12,EFT20250412013,257.07,PAYER EFT
2025-04-12,EFT20250412017,116.85,PAYER EFT
2025-04-12,EFT20250412031,400.62,PAYER EFT
2025-04-12,EFT20250412034,180.5,PAYER EFT
2025-04-12,EFT20250412036,51.41,PAYER EFT
2025-04-12,EFT20250412039,528.82,PAYER EFT
2025-04-13,EFT20250413001,322.28,PAYER EFT
2025-04-13,EFT20250413006,72.33,PAYER EFT
2025-04-13,EFT20250413007,141.02,PAYER EFT
2025-04-13,EFT20250413011,319.94,PAYER EFT
2025-04-13,EFT20250413012,514.13,PAYER EFT
2025-04-13,EFT20250413015,77.34,PAYER EFT
2025-04-13,EFT20250413017,855.78,PAYER EFT
2025-04-13,EFT20250413020,127.55,PAYER EFT
2025-04-13,EFT20250413032,81.21,PAYER EFT
2025-04-13,EFT20250413034,319.94,PAYER EFT
2025-04-13,EFT20250413036,41.18,PAYER EFT
2025-04-14,EFT20250414000,43.18,PAYER EFT
2025-04-14,EFT20250414002,607.61,PAYER EFT
2025-04-14,EFT20250414003,77.34,PAYER EFT
2025-04-14,EFT20250414005,41.13,PAYER EFT
2025-04-14,EFT20250414010,77.34,PAYER EFT
2025-04-14,EFT20250414011,73.01,PAYER EFT
2025-04-14,EFT20250414018,144.67,PAYER EFT
2025-04-14,EFT20250414019,47.01,PAYER EFT
2025-04-14,EFT20250414023,667.7,PAYER EFT
2025-04-14,EFT20250414026,89.69,PAYER EFT
2025-04-14,EFT20250414027,86.36,PAYER EFT
2025-04-14,EFT20250414032,49.86,PAYER EFT
2025-04-14,EFT20250414036,219.3,PAYER EFT
2025-04-15,EFT20250415006,85.46,PAYER EFT
2025-04-15,EFT20250415007,112.26,PAYER EFT
2025-04-15,EFT20250415008,863.62,PAYER EFT
2025-04-15,EFT20250415009,60.45,PAYER EFT
2025-04-15,EFT20250415011,81.67,PAYER EFT
2025-04-15,EFT20250415014,319.94,PAYER EFT
2025-04-15,EFT20250415017,115.74,PAYER EFT
2025-04-15,EFT20250415018,58.83,PAYER EFT
2025-04-15,EFT20250415019,77.34,PAYER EFT
2025-04-15,EFT20250415020,219.09,PAYER EFT
2025-04-15,EFT20250415027,141.02,PAYER EFT
2025-04-15,EFT20250415030,81.67,PAYER EFT
2025-04-15,EFT20250415034,70.16,PAYER EFT
2025-04-15,EFT20250415035,91.26,PAYER EFT
2025-04-16,EFT20250416001,190.96,PAYER EFT
2025-04-16,EFT20250416004,134.2,PAYER EFT
2025-04-16,EFT20250416006,72.33,PAYER EFT
2025-04-16,EFT20250416016,72.33,PAYER EFT
2025-04-16,EFT20250416017,86.36,PAYER EFT
2025-04-16,EFT20250416020,27.6,PAYER EFT
2025-04-16,EFT20250416032,590.92,PAYER EFT
2025-04-16,EFT20250416039,1688.18,PAYER EFT
2025-04-17,EFT20250417001,146.89,PAYER EFT
2025-04-17,EFT20250417003,723.35,PAYER EFT
2025-04-17,EFT20250417004,448.47,PAYER EFT
2025-04-17,EFT20250417006,75.02,PAYER EFT
2025-04-17,EFT20250417008,136.57,PAYER EFT
2025-04-17,EFT20250417010,72.33,PAYER EFT
2025-04-17,EFT20250417015,155.8,PAYER EFT
2025-04-17,EFT20250417017,136.57,PAYER EFT
2025-04-17,EFT20250417018,701.65,PAYER EFT
2025-04-17,EFT20250417021,52.99,PAYER EFT
2025-04-17,EFT20250417022,86.36,PAYER EFT
2025-04-17,EFT20250417029,140.33,PAYER EFT
2025-04-17,EFT20250417031,27.6,PAYER EFT
2025-04-17,EFT20250417032,250.94,PAYER EFT
2025-04-17,EFT20250417033,140.33,PAYER EFT
2025-04-17,EFT20250417036,31.16,PAYER EFT
2025-04-17,EFT20250417038,51.41,PAYER EFT
2025-04-18,EFT20250418001,85.35,PAYER EFT
2025-04-18,EFT20250418002,58.83,PAYER EFT
2025-04-18,EFT20250418003,117.51,PAYER EFT
2025-04-18,EFT20250418005,115.74,PAYER EFT
2025-04-18,EFT20250418010,335.63,PAYER EFT
2025-04-18,EFT20250418011,190.96,PAYER EFT
2025-04-18,EFT20250418013,38.95,PAYER EFT
2025-04-18,EFT20250418015,374.33,PAYER EFT
2025-04-18,EFT20250418021,248.38,PAYER EFT
2025-04-18,EFT20250418025,38.95,PAYER EFT
2025-04-18,EFT20250418028,62.32,PAYER EFT
2025-04-18,EFT20250418030,91.26,PAYER EFT
2025-04-18,EFT20250418031,194.75,PAYER EFT
2025-04-18,EFT20250418034,144.67,PAYER EFT
2025-04-18,EFT20250418036,35.88,PAYER EFT
2025-04-18,EFT20250418037,41.18,PAYER EFT
2025-04-19,EFT20250419000,190.96,PAYER EFT
2025-04-19,EFT20250419001,998.89,PAYER EFT
2025-04-19,EFT20250419002,70.16,PAYER EFT
2025-04-19,EFT20250419011,111.28,PAYER EFT
2025-04-19,EFT20250419013,161.58,PAYER EFT
2025-04-19,EFT20250419014,500.78,PAYER EFT
2025-04-19,EFT20250419016,163.59,PAYER EFT
2025-04-19,EFT20250419021,34.54,PAYER EFT
2025-04-19,EFT20250419023,146.89,PAYER EFT
2025-04-19,EFT20250419028,111.28,PAYER EFT
2025-04-19,EFT20250419029,75.02,PAYER EFT
2025-04-19,EFT20250419032,146.89,PAYER EFT
2025-04-19,EFT20250419034,63.04,PAYER EFT
2025-04-19,EFT20250419035,140.33,PAYER EFT
2025-04-20,EFT20250420006,998.89,PAYER EFT
2025-04-20,EFT20250420012,194.75,PAYER EFT
2025-04-20,EFT20250420013,591.8,PAYER EFT
2025-04-20,EFT20250420014,126.06,PAYER EFT
2025-04-20,EFT20250420016,250.94,PAYER EFT
2025-04-20,EFT20250420017,526.2,PAYER EFT
2025-04-20,EFT20250420020,115.74,PAYER EFT
2025-04-20,EFT20250420022,51.41,PAYER EFT
2025-04-20,EFT20250420031,102.09,PAYER EFT
2025-04-20,EFT20250420036,39.94,PAYER EFT
2025-04-21,EFT20250421001,800.58,PAYER EFT
2025-04-21,EFT20250421004,136.57,PAYER EFT
2025-04-21,EFT20250421005,121.52,PAYER EFT
2025-04-21,EFT20250421007,22.08,PAYER EFT
2025-04-21,EFT20250421008,537.19,PAYER EFT
2025-04-21,EFT20250421010,85.35,PAYER EFT
2025-04-21,EFT20250421012,30.22,PAYER EFT
2025-04-21,EFT20250421013,48.59,PAYER EFT
2025-04-21,EFT20250421017,211.44,PAYER EFT
2025-04-21,EFT20250421019,81.24,PAYER EFT
2025-04-21,EFT20250421021,229.8,PAYER EFT
2025-04-21,EFT20250421023,81.24,PAYER EFT
2025-04-21,EFT20250421027,1298.98,PAYER EFT
2025-04-21,EFT20250421028,122.19,PAYER EFT
2025-04-21,EFT20250421029,27.6,PAYER EFT
2025-04-21,EFT20250421030,154.01,PAYER EFT
2025-04-21,EFT20250421033,723.35,PAYER EFT
2025-04-21,EFT20250421037,72.33,PAYER EFT
2025-04-21,EFT20250421039,800.58,PAYER EFT
2025-04-22,EFT20250422000,77.34,PAYER EFT
2025-04-22,EFT20250422004,448.47,PAYER EFT
2025-04-22,EFT20250422006,115.74,PAYER EFT
2025-04-22,EFT20250422008,194.75,PAYER EFT
2025-04-22,EFT20250422014,111.28,PAYER EFT
2025-04-22,EFT20250422019,102.09,PAYER EFT
2025-04-22,EFT20250422020,105.06,PAYER EFT
2025-04-22,EFT20250422024,30.22,PAYER EFT
2025-04-22,EFT20250422026,223.28,PAYER EFT
2025-04-22,EFT20250422029,444.85,PAYER EFT
2025-04-22,EFT20250422034,97.37,PAYER EFT
2025-04-22,EFT20250422035,72.33,PAYER EFT
2025-04-22,EFT20250422036,71.75,PAYER EFT
2025-04-22,EFT20250422038,311.59,PAYER EFT
2025-04-23,EFT20250423000,146.3,PAYER EFT
2025-04-23,EFT20250423004,72.33,PAYER EFT
2025-04-23,EFT20250423005,192.52,PAYER EFT
2025-04-23,EFT20250423015,263.29,PAYER EFT
2025-04-23,EFT20250423016,255.95,PAYER EFT
2025-04-23,EFT20250423017,204.2,PAYER EFT
2025-04-23,EFT20250423021,89.02,PAYER EFT
2025-04-23,EFT20250423031,205.1,PAYER EFT
2025-04-23,EFT20250423034,500.78,PAYER EFT
2025-04-23,EFT20250423036,155.8,PAYER EFT
2025-04-24,EFT20250424002,834.63,PAYER EFT
2025-04-24,EFT20250424003,68.28,PAYER EFT
2025-04-24,EFT20250424006,514.13,PAYER EFT
2025-04-24,EFT20250424009,377.81,PAYER EFT
2025-04-24,EFT20250424013,106.83,PAYER EFT
2025-04-24,EFT20250424015,337.86,PAYER EFT
2025-04-24,EFT20250424017,229.8,PAYER EFT
2025-04-24,EFT20250424025,95.48,PAYER EFT
2025-04-25,EFT20250425003,1686.51,PAYER EFT
2025-04-25,EFT20250425004,77.9,PAYER EFT
2025-04-25,EFT20250425007,517.47,PAYER EFT
2025-04-25,EFT20250425009,162.34,PAYER EFT
2025-04-25,EFT20250425011,389.49,PAYER EFT
2025-04-25,EFT20250425017,190.96,PAYER EFT
2025-04-25,EFT20250425019,138.62,PAYER EFT
2025-04-25,EFT20250425025,848.65,PAYER EFT
2025-04-25,EFT20250425026,377.81,PAYER EFT
2025-04-25,EFT20250425027,247.54,PAYER EFT
2025-04-25,EFT20250425030,225.91,PAYER EFT
2025-04-25,EFT20250425037,72.33,PAYER EFT
2025-04-25,EFT20250425039,91.26,PAYER EFT
2025-04-26,EFT20250426000,72.33,PAYER EFT
2025-04-26,EFT20250426010,112.17,PAYER EFT
2025-04-26,EFT20250426012,105.06,PAYER EFT
2025-04-26,EFT20250426014,310.48,PAYER EFT
2025-04-26,EFT20250426017,149.92,PAYER EFT
2025-04-26,EFT20250426021,320.11,PAYER EFT
2025-04-26,EFT20250426025,151.35,PAYER EFT
2025-04-26,EFT20250426028,159.23,PAYER EFT
2025-04-26,EFT20250426029,800.58,PAYER EFT
2025-04-27,EFT20250427000,61.87,PAYER EFT
2025-04-27,EFT20250427003,772.14,PAYER EFT
2025-04-27,EFT20250427004,499.66,PAYER EFT
2025-04-27,EFT20250427007,514.13,PAYER EFT
2025-04-27,EFT20250427028,72.33,PAYER EFT
2025-04-27,EFT20250427031,76.38,PAYER EFT
2025-04-27,EFT20250427032,514.13,PAYER EFT
2025-04-27,EFT20250427035,38.95,PAYER EFT
2025-04-27,EFT20250427037,514.76,PAYER EFT
2025-04-28,EFT20250428004,61.87,PAYER EFT
2025-04-28,EFT20250428005,193.08,PAYER EFT
2025-04-28,EFT20250428008,44.51,PAYER EFT
2025-04-28,EFT20250428010,96.59,PAYER EFT
2025-04-28,EFT20250428011,85.35,PAYER EFT
2025-04-28,EFT20250428012,426.08,PAYER EFT
2025-04-28,EFT20250428014,131.32,PAYER EFT
2025-04-28,EFT20250428018,112.82,PAYER EFT
2025-04-28,EFT20250428023,1019.81,PAYER EFT
2025-04-28,EFT20250428024,77.34,PAYER EFT
2025-04-28,EFT20250428026,146.89,PAYER EFT
2025-04-28,EFT20250428027,127.53,PAYER EFT
2025-04-28,EFT20250428028,190.96,PAYER EFT
2025-04-28,EFT20250428036,115.74,PAYER EFT
2025-04-28,EFT20250428038,389.49,PAYER EFT
2025-04-29,EFT20250429001,377.81,PAYER EFT
2025-04-29,EFT20250429003,91.26,PAYER EFT
2025-04-29,EFT20250429012,91.26,PAYER EFT
2025-04-29,EFT20250429014,207,PAYER EFT
2025-04-29,EFT20250429015,73.54,PAYER EFT
2025-04-29,EFT20250429017,561.32,PAYER EFT
2025-04-29,EFT20250429019,112.26,PAYER EFT
2025-04-29,EFT20250429021,311.59,PAYER EFT
2025-04-29,EFT20250429022,107.95,PAYER EFT
2025-04-29,EFT20250429023,30.22,PAYER EFT
2025-04-29,EFT20250429031,112.26,PAYER EFT
2025-04-29,EFT20250429032,255.95,PAYER EFT
2025-04-29,EFT20250429033,106.83,PAYER EFT
2025-04-29,EFT20250429039,19.32,PAYER EFT
2025-04-30,EFT20250430004,182.73,PAYER EFT
2025-04-30,EFT20250430006,37.78,PAYER EFT
2025-04-30,EFT20250430010,211.44,PAYER EFT
2025-04-30,EFT20250430013,106.83,PAYER EFT
2025-04-30,EFT20250430015,115.74,PAYER EFT
2025-04-30,EFT20250430017,85.46,PAYER EFT
2025-04-30,EFT20250430018,198.36,PAYER EFT
2025-04-30,EFT20250430019,249.5,PAYER EFT
2025-04-30,EFT20250430021,326.4,PAYER EFT
2025-04-30,EFT20250430033,377.53,PAYER EFT
2025-04-30,EFT20250430037,520.58,PAYER EFT
2025-05-01,EFT20250501000,48.59,PAYER EFT
2025-05-01,EFT20250501007,106.83,PAYER EFT
2025-05-01,EFT20250501009,60.02,PAYER EFT
2025-05-01,EFT20250501010,58.76,PAYER EFT
2025-05-01,EFT20250501011,235.64,PAYER EFT
2025-05-01,EFT20250501012,95.86,PAYER EFT
2025-05-01,EFT20250501014,255.95,PAYER EFT
2025-05-01,EFT20250501015,146.89,PAYER EFT
2025-05-01,EFT20250501019,169.15,PAYER EFT
2025-05-01,EFT20250501021,150.28,PAYER EFT
2025-05-01,EFT20250501025,111.28,PAYER EFT
2025-05-01,EFT20250501032,267.53,PAYER EFT
2025-05-01,EFT20250501036,118.74,PAYER EFT
2025-05-01,EFT20250501037,283.36,PAYER EFT
2025-05-01,EFT20250501038,199.6,PAYER EFT
2025-05-02,EFT20250502001,763.86,PAYER EFT
2025-05-02,EFT20250502002,115.74,PAYER EFT
2025-05-02,EFT20250502004,355.58,PAYER EFT
2025-05-02,EFT20250502016,193.93,PAYER EFT
2025-05-02,EFT20250502021,198.8,PAYER EFT
2025-05-02,EFT20250502022,66.24,PAYER EFT
2025-05-02,EFT20250502026,217,PAYER EFT
2025-05-02,EFT20250502027,38.64,PAYER EFT
2025-05-03,EFT20250503001,337.86,PAYER EFT
2025-05-03,EFT20250503004,205.66,PAYER EFT
2025-05-03,EFT20250503005,606.5,PAYER EFT
2025-05-03,EFT20250503007,111.28,PAYER EFT
2025-05-03,EFT20250503009,144.67,PAYER EFT
2025-05-03,EFT20250503010,954.82,PAYER EFT
2025-05-03,EFT20250503011,169.15,PAYER EFT
2025-05-03,EFT20250503018,166.21,PAYER EFT
2025-05-03,EFT20250503024,117.51,PAYER EFT
2025-05-03,EFT20250503030,606.5,PAYER EFT
2025-05-04,EFT20250504000,140.33,PAYER EFT
2025-05-04,EFT20250504002,71.75,PAYER EFT
2025-05-04,EFT20250504004,152.77,PAYER EFT
2025-05-04,EFT20250504008,57.86,PAYER EFT
2025-05-04,EFT20250504009,196.08,PAYER EFT
2025-05-04,EFT20250504011,776.05,PAYER EFT
2025-05-04,EFT20250504013,640.46,PAYER EFT
2025-05-04,EFT20250504014,71.75,PAYER EFT
2025-05-04,EFT20250504021,954.82,PAYER EFT
2025-05-04,EFT20250504026,183.84,PAYER EFT
2025-05-04,EFT20250504027,44.85,PAYER EFT
2025-05-04,EFT20250504030,38.87,PAYER EFT
2025-05-04,EFT20250504036,667.7,PAYER EFT
2025-05-04,EFT20250504037,207.76,PAYER EFT
2025-05-04,EFT20250504038,311.59,PAYER EFT
2025-05-05,EFT20250505002,35.61,PAYER EFT
2025-05-05,EFT20250505004,107.01,PAYER EFT
2025-05-05,EFT20250505010,106.83,PAYER EFT
2025-05-05,EFT20250505011,170.71,PAYER EFT
2025-05-05,EFT20250505012,47.01,PAYER EFT
2025-05-05,EFT20250505016,120.74,PAYER EFT
2025-05-05,EFT20250505019,62.32,PAYER EFT
2025-05-05,EFT20250505022,152.77,PAYER EFT
2025-05-05,EFT20250505027,38.95,PAYER EFT
2025-05-05,EFT20250505030,76.38,PAYER EFT
2025-05-05,EFT20250505035,286.3,PAYER EFT
2025-05-06,EFT20250506000,701.65,PAYER EFT
2025-05-06,EFT20250506003,158.69,PAYER EFT
2025-05-06,EFT20250506009,646.78,PAYER EFT
2025-05-06,EFT20250506010,356.11,PAYER EFT
2025-05-06,EFT20250506019,521.08,PAYER EFT
2025-05-06,EFT20250506024,205.1,PAYER EFT
2025-05-06,EFT20250506030,75.02,PAYER EFT
2025-05-06,EFT20250506032,144.67,PAYER EFT
2025-05-06,EFT20250506034,111.28,PAYER EFT
2025-05-07,EFT20250507002,115.74,PAYER EFT
2025-05-07,EFT20250507003,41.13,PAYER EFT
2025-05-07,EFT20250507005,102.09,PAYER EFT
2025-05-07,EFT20250507012,439.4,PAYER EFT
2025-05-07,EFT20250507015,682.84,PAYER EFT
2025-05-07,EFT20250507016,102.09,PAYER EFT
2025-05-07,EFT20250507018,422.32,PAYER EFT
2025-05-07,EFT20250507019,279.1,PAYER EFT
2025-05-07,EFT20250507030,928.45,PAYER EFT
2025-05-08,EFT20250508000,115.74,PAYER EFT
2025-05-08,EFT20250508003,102.09,PAYER EFT
2025-05-08,EFT20250508004,459.6,PAYER EFT
2025-05-08,EFT20250508014,205.66,PAYER EFT
2025-05-08,EFT20250508016,588.3,PAYER EFT
2025-05-08,EFT20250508019,169.15,PAYER EFT
2025-05-08,EFT20250508027,71.75,PAYER EFT
2025-05-08,EFT20250508037,111.28,PAYER EFT
2025-05-08,EFT20250508039,161.58,PAYER EFT
2025-05-09,EFT20250509000,188.9,PAYER EFT
2025-05-09,EFT20250509001,144.67,PAYER EFT
2025-05-09,EFT20250509003,588.3,PAYER EFT
2025-05-09,EFT20250509005,188.9,PAYER EFT
2025-05-09,EFT20250509006,169.15,PAYER EFT
2025-05-09,EFT20250509007,144.67,PAYER EFT
2025-05-09,EFT20250509009,140.33,PAYER EFT
2025-05-09,EFT20250509010,685.51,PAYER EFT
2025-05-09,EFT20250509011,107.23,PAYER EFT
2025-05-09,EFT20250509012,81.24,PAYER EFT
2025-05-09,EFT20250509015,44.51,PAYER EFT
2025-05-09,EFT20250509016,360.53,PAYER EFT
2025-05-09,EFT20250509027,38.95,PAYER EFT
2025-05-09,EFT20250509030,221.57,PAYER EFT
2025-05-09,EFT20250509031,77.34,PAYER EFT
2025-05-09,EFT20250509036,70.16,PAYER EFT
2025-05-09,EFT20250509039,197.64,PAYER EFT
2025-05-10,EFT20250510001,422.32,PAYER EFT
2025-05-10,EFT20250510005,170.71,PAYER EFT
2025-05-10,EFT20250510010,75.02,PAYER EFT
2025-05-10,EFT20250510011,640.46,PAYER EFT
2025-05-10,EFT20250510019,76.38,PAYER EFT
2025-05-10,EFT20250510021,853.55,PAYER EFT
2025-05-10,EFT20250510022,120.74,PAYER EFT
2025-05-10,EFT20250510027,606.5,PAYER EFT
2025-05-10,EFT20250510029,389.49,PAYER EFT
2025-05-10,EFT20250510031,194.75,PAYER EFT
2025-05-10,EFT20250510032,152.77,PAYER EFT
2025-05-10,EFT20250510033,880.04,PAYER EFT
2025-05-10,EFT20250510034,85.78,PAYER EFT
2025-05-10,EFT20250510039,97.37,PAYER EFT
2025-05-11,EFT20250511010,75.02,PAYER EFT
2025-05-11,EFT20250511011,97.37,PAYER EFT
2025-05-11,EFT20250511012,268.08,PAYER EFT
2025-05-11,EFT20250511018,40.3,PAYER EFT
2025-05-11,EFT20250511020,245.53,PAYER EFT
2025-05-11,EFT20250511025,57.86,PAYER EFT
2025-05-11,EFT20250511030,144.67,PAYER EFT
2025-05-11,EFT20250511036,72.33,PAYER EFT
2025-05-11,EFT20250511039,86.36,PAYER EFT
2025-05-12,EFT20250512003,42.02,PAYER EFT
2025-05-12,EFT20250512004,257.07,PAYER EFT
2025-05-12,EFT20250512008,144.67,PAYER EFT
2025-05-12,EFT20250512011,43.18,PAYER EFT
2025-05-12,EFT20250512016,37.78,PAYER EFT
2025-05-12,EFT20250512022,759.51,PAYER EFT
2025-05-12,EFT20250512024,248.82,PAYER EFT
2025-05-12,EFT20250512025,310.34,PAYER EFT
2025-05-12,EFT20250512029,75.02,PAYER EFT
2025-05-12,EFT20250512030,126.06,PAYER EFT
2025-05-12,EFT20250512031,155.8,PAYER EFT
2025-05-12,EFT20250512032,268.75,PAYER EFT
2025-05-12,EFT20250512039,310.49,PAYER EFT
2025-05-13,EFT20250513000,43.48,PAYER EFT
2025-05-13,EFT20250513001,389.49,PAYER EFT
2025-05-13,EFT20250513003,68.28,PAYER EFT
2025-05-13,EFT20250513004,44.51,PAYER EFT
2025-05-13,EFT20250513007,106.83,PAYER EFT
2025-05-13,EFT20250513011,111.28,PAYER EFT
2025-05-13,EFT20250513014,62.32,PAYER EFT
2025-05-13,EFT20250513018,490.65,PAYER EFT
2025-05-13,EFT20250513019,146.89,PAYER EFT
2025-05-13,EFT20250513025,151.12,PAYER EFT
2025-05-13,EFT20250513028,42.02,PAYER EFT
2025-05-13,EFT20250513029,115.74,PAYER EFT
2025-05-13,EFT20250513034,151.9,PAYER EFT
2025-05-13,EFT20250513036,58.83,PAYER EFT
2025-05-13,EFT20250513037,107.95,PAYER EFT
2025-05-14,EFT20250514002,229.8,PAYER EFT
2025-05-14,EFT20250514004,95.48,PAYER EFT
2025-05-14,EFT20250514008,606.5,PAYER EFT
2025-05-14,EFT20250514014,142.84,PAYER EFT
2025-05-14,EFT20250514017,81.24,PAYER EFT
2025-05-14,EFT20250514019,81.24,PAYER EFT
2025-05-14,EFT20250514023,141.02,PAYER EFT
2025-05-14,EFT20250514024,905.07,PAYER EFT
2025-05-14,EFT20250514025,66.24,PAYER EFT
2025-05-14,EFT20250514029,35.61,PAYER EFT
2025-05-14,EFT20250514033,38.95,PAYER EFT
2025-05-14,EFT20250514039,211.44,PAYER EFT
2025-05-15,EFT20250515003,335.58,PAYER EFT
2025-05-15,EFT20250515007,72.33,PAYER EFT
2025-05-15,EFT20250515010,682.84,PAYER EFT
2025-05-15,EFT20250515011,194.75,PAYER EFT
2025-05-15,EFT20250515013,31.16,PAYER EFT
2025-05-15,EFT20250515015,39.94,PAYER EFT
2025-05-15,EFT20250515017,81.24,PAYER EFT
2025-05-15,EFT20250515021,422.32,PAYER EFT
2025-05-15,EFT20250515025,75.02,PAYER EFT
2025-05-15,EFT20250515030,72.33,PAYER EFT
2025-05-15,EFT20250515031,194.75,PAYER EFT
2025-05-15,EFT20250515034,356.1,PAYER EFT
2025-05-15,EFT20250515037,190.96,PAYER EFT
2025-05-16,EFT20250516003,580.68,PAYER EFT
2025-05-16,EFT20250516004,279.1,PAYER EFT
2025-05-16,EFT20250516005,89.02,PAYER EFT
2025-05-16,EFT20250516006,68.28,PAYER EFT
2025-05-16,EFT20250516007,500.78,PAYER EFT
2025-05-16,EFT20250516008,1370.36,PAYER EFT
2025-05-16,EFT20250516009,578.68,PAYER EFT
2025-05-16,EFT20250516010,55.2,PAYER EFT
2025-05-16,EFT20250516016,620.01,PAYER EFT
2025-05-16,EFT20250516017,107.95,PAYER EFT
2025-05-16,EFT20250516023,500.78,PAYER EFT
2025-05-16,EFT20250516027,57.86,PAYER EFT
2025-05-16,EFT20250516032,248.61,PAYER EFT
2025-05-16,EFT20250516036,154.59,PAYER EFT
2025-05-16,EFT20250516037,81.24,PAYER EFT
2025-05-17,EFT20250517001,95.08,PAYER EFT
2025-05-17,EFT20250517004,131.32,PAYER EFT
2025-05-17,EFT20250517006,701.65,PAYER EFT
2025-05-17,EFT20250517008,246.16,PAYER EFT
2025-05-17,EFT20250517013,310.34,PAYER EFT
2025-05-17,EFT20250517014,61.87,PAYER EFT
2025-05-17,EFT20250517019,95.48,PAYER EFT
2025-05-17,EFT20250517021,35.61,PAYER EFT
2025-05-17,EFT20250517024,161.58,PAYER EFT
2025-05-17,EFT20250517026,190.96,PAYER EFT
2025-05-17,EFT20250517027,144.67,PAYER EFT
2025-05-17,EFT20250517029,52.53,PAYER EFT
2025-05-17,EFT20250517031,161.58,PAYER EFT
2025-05-17,EFT20250517034,72.33,PAYER EFT
2025-05-17,EFT20250517035,549.74,PAYER EFT
2025-05-17,EFT20250517036,194.75,PAYER EFT
2025-05-17,EFT20250517039,155.8,PAYER EFT
2025-05-18,EFT20250518007,185.9,PAYER EFT
2025-05-18,EFT20250518014,1116.18,PAYER EFT
2025-05-18,EFT20250518015,588.3,PAYER EFT
2025-05-18,EFT20250518017,102.09,PAYER EFT
2025-05-18,EFT20250518020,96.59,PAYER EFT
2025-05-18,EFT20250518022,954.82,PAYER EFT
2025-05-18,EFT20250518023,82.26,PAYER EFT
2025-05-18,EFT20250518026,763.86,PAYER EFT
2025-05-18,EFT20250518029,282.04,PAYER EFT
2025-05-18,EFT20250518031,107.95,PAYER EFT
2025-05-18,EFT20250518033,140.33,PAYER EFT
2025-05-18,EFT20250518034,107.95,PAYER EFT
2025-05-19,EFT20250519000,60.45,PAYER EFT
2025-05-19,EFT20250519003,60.02,PAYER EFT
2025-05-19,EFT20250519004,723.35,PAYER EFT
2025-05-19,EFT20250519007,43.48,PAYER EFT
2025-05-19,EFT20250519008,107.23,PAYER EFT
2025-05-19,EFT20250519011,146.89,PAYER EFT
2025-05-19,EFT20250519013,62.32,PAYER EFT
2025-05-19,EFT20250519024,198.36,PAYER EFT
2025-05-19,EFT20250519025,667.7,PAYER EFT
2025-05-19,EFT20250519027,112.26,PAYER EFT
2025-05-19,EFT20250519031,759.68,PAYER EFT
2025-05-19,EFT20250519036,377.53,PAYER EFT
2025-05-19,EFT20250519037,102.09,PAYER EFT
2025-05-20,EFT20250520002,302.25,PAYER EFT
2025-05-20,EFT20250520009,107.95,PAYER EFT
2025-05-20,EFT20250520012,715.67,PAYER EFT
2025-05-20,EFT20250520013,745.16,PAYER EFT
2025-05-20,EFT20250520016,42.02,PAYER EFT
2025-05-20,EFT20250520019,111.28,PAYER EFT
2025-05-20,EFT20250520021,227.26,PAYER EFT
2025-05-20,EFT20250520023,39.94,PAYER EFT
2025-05-20,EFT20250520026,85.35,PAYER EFT
2025-05-20,EFT20250520037,106.83,PAYER EFT
2025-05-20,EFT20250520038,517.47,PAYER EFT
2025-05-21,EFT20250521004,151.12,PAYER EFT
2025-05-21,EFT20250521008,239.23,PAYER EFT
2025-05-21,EFT20250521010,485.2,PAYER EFT
2025-05-21,EFT20250521012,194.75,PAYER EFT
2025-05-21,EFT20250521013,205.1,PAYER EFT
2025-05-21,EFT20250521019,152.77,PAYER EFT
2025-05-21,EFT20250521021,169.15,PAYER EFT
2025-05-21,EFT20250521023,310.34,PAYER EFT
2025-05-21,EFT20250521028,188.9,PAYER EFT
2025-05-21,EFT20250521033,56.13,PAYER EFT
2025-05-21,EFT20250521037,606.5,PAYER EFT
2025-05-21,EFT20250521038,257.07,PAYER EFT
2025-05-22,EFT20250522002,25.53,PAYER EFT
2025-05-22,EFT20250522004,129.26,PAYER EFT
2025-05-22,EFT20250522006,57.86,PAYER EFT
2025-05-22,EFT20250522009,745.21,PAYER EFT
2025-05-22,EFT20250522018,60.45,PAYER EFT
2025-05-22,EFT20250522019,71.75,PAYER EFT
2025-05-22,EFT20250522020,472.74,PAYER EFT
2025-05-22,EFT20250522030,347.55,PAYER EFT
2025-05-22,EFT20250522034,77.34,PAYER EFT
2025-05-23,EFT20250523000,107.23,PAYER EFT
2025-05-23,EFT20250523001,800.58,PAYER EFT
2025-05-23,EFT20250523003,112.82,PAYER EFT
2025-05-23,EFT20250523009,45.96,PAYER EFT
2025-05-23,EFT20250523011,311.59,PAYER EFT
2025-05-23,EFT20250523012,500.78,PAYER EFT
2025-05-23,EFT20250523013,188.9,PAYER EFT
2025-05-23,EFT20250523019,514.13,PAYER EFT
2025-05-23,EFT20250523020,144.67,PAYER EFT
2025-05-23,EFT20250523026,787.89,PAYER EFT
2025-05-23,EFT20250523028,48.59,PAYER EFT
2025-05-23,EFT20250523033,239.32,PAYER EFT
2025-05-23,EFT20250523036,140.33,PAYER EFT
2025-05-23,EFT20250523037,104.69,PAYER EFT
2025-05-24,EFT20250524001,763.86,PAYER EFT
2025-05-24,EFT20250524002,85.46,PAYER EFT
2025-05-24,EFT20250524009,106.83,PAYER EFT
2025-05-24,EFT20250524013,667.7,PAYER EFT
2025-05-24,EFT20250524015,119.53,PAYER EFT
2025-05-24,EFT20250524022,41.18,PAYER EFT
2025-05-24,EFT20250524023,38.64,PAYER EFT
2025-05-24,EFT20250524030,112.82,PAYER EFT
2025-05-24,EFT20250524031,211.44,PAYER EFT
2025-05-24,EFT20250524033,106.83,PAYER EFT
2025-05-24,EFT20250524035,60.02,PAYER EFT
2025-05-24,EFT20250524036,75.02,PAYER EFT
2025-05-24,EFT20250524037,164.08,PAYER EFT
2025-05-24,EFT20250524038,144.67,PAYER EFT
2025-05-24,EFT20250524039,73.01,PAYER EFT
2025-05-25,EFT20250525000,469.18,PAYER EFT
2025-05-25,EFT20250525004,57.86,PAYER EFT
2025-05-25,EFT20250525008,512.23,PAYER EFT
2025-05-25,EFT20250525011,75.56,PAYER EFT
2025-05-25,EFT20250525013,151.9,PAYER EFT
2025-05-25,EFT20250525019,45.96,PAYER EFT
2025-05-25,EFT20250525023,298.01,PAYER EFT
2025-05-25,EFT20250525025,75.02,PAYER EFT
2025-05-25,EFT20250525026,106.83,PAYER EFT
2025-05-25,EFT20250525028,1248.61,PAYER EFT
2025-05-25,EFT20250525030,73.01,PAYER EFT
2025-05-25,EFT20250525034,144.67,PAYER EFT
2025-05-25,EFT20250525036,140.33,PAYER EFT
2025-05-25,EFT20250525038,640.46,PAYER EFT
2025-05-25,EFT20250525039,1156.01,PAYER EFT
2025-05-26,EFT20250526001,701.65,PAYER EFT
2025-05-26,EFT20250526004,77.34,PAYER EFT
2025-05-26,EFT20250526005,1009.8,PAYER EFT
2025-05-26,EFT20250526007,787.89,PAYER EFT
2025-05-26,EFT20250526008,85.46,PAYER EFT
2025-05-26,EFT20250526013,103.63,PAYER EFT
2025-05-26,EFT20250526014,77.34,PAYER EFT
2025-05-26,EFT20250526018,411.32,PAYER EFT
2025-05-26,EFT20250526020,169.15,PAYER EFT
2025-05-26,EFT20250526026,68.28,PAYER EFT
2025-05-26,EFT20250526027,459.6,PAYER EFT
2025-05-26,EFT20250526028,60.02,PAYER EFT
2025-05-26,EFT20250526029,509.46,PAYER EFT
2025-05-26,EFT20250526030,241.49,PAYER EFT
2025-05-26,EFT20250526034,144.67,PAYER EFT
2025-05-26,EFT20250526038,44.51,PAYER EFT
2025-05-27,EFT20250527004,72.33,PAYER EFT
2025-05-27,EFT20250527008,377.81,PAYER EFT
2025-05-27,EFT20250527009,85.35,PAYER EFT
2025-05-27,EFT20250527011,279.1,PAYER EFT
2025-05-27,EFT20250527013,255.95,PAYER EFT
2025-05-27,EFT20250527015,249.5,PAYER EFT
2025-05-27,EFT20250527025,112.82,PAYER EFT
2025-05-27,EFT20250527026,70.16,PAYER EFT
2025-05-27,EFT20250527027,32.94,PAYER EFT
2025-05-27,EFT20250527035,27.6,PAYER EFT
2025-05-27,EFT20250527037,945.91,PAYER EFT
2025-05-27,EFT20250527038,853.55,PAYER EFT
2025-05-28,EFT20250528002,723.35,PAYER EFT
2025-05-28,EFT20250528004,199.6,PAYER EFT
2025-05-28,EFT20250528006,103.63,PAYER EFT
2025-05-28,EFT20250528012,389.49,PAYER EFT
2025-05-28,EFT20250528014,377.53,PAYER EFT
2025-05-28,EFT20250528015,194.75,PAYER EFT
2025-05-28,EFT20250528028,72.33,PAYER EFT
2025-05-28,EFT20250528037,107.95,PAYER EFT
2025-05-28,EFT20250528039,249.5,PAYER EFT
2025-05-29,EFT20250529008,38.95,PAYER EFT
2025-05-29,EFT20250529010,97.93,PAYER EFT
2025-05-29,EFT20250529020,331.2,PAYER EFT
2025-05-29,EFT20250529021,136.57,PAYER EFT
2025-05-29,EFT20250529024,72.33,PAYER EFT
2025-05-29,EFT20250529025,136.57,PAYER EFT
2025-05-29,EFT20250529031,57.86,PAYER EFT
2025-05-29,EFT20250529037,713.33,PAYER EFT
2025-05-29,EFT20250529039,144.67,PAYER EFT
2025-05-30,EFT20250530000,140.33,PAYER EFT
2025-05-30,EFT20250530001,389.49,PAYER EFT
2025-05-30,EFT20250530006,47.01,PAYER EFT
2025-05-30,EFT20250530008,834.63,PAYER EFT
2025-05-30,EFT20250530010,223.28,PAYER EFT
2025-05-30,EFT20250530011,1001,PAYER EFT
2025-05-30,EFT20250530016,485.2,PAYER EFT
2025-05-30,EFT20250530025,682.84,PAYER EFT
2025-05-30,EFT20250530032,85.78,PAYER EFT
2025-05-30,EFT20250530037,422.03,PAYER EFT
2025-05-30,EFT20250530039,853.55,PAYER EFT
2025-05-31,EFT20250531000,207.97,PAYER EFT
2025-05-31,EFT20250531003,448.47,PAYER EFT
2025-05-31,EFT20250531006,144.67,PAYER EFT
2025-05-31,EFT20250531008,578.68,PAYER EFT
2025-05-31,EFT20250531010,76.38,PAYER EFT
2025-05-31,EFT20250531017,945.91,PAYER EFT
2025-05-31,EFT20250531018,511.77,PAYER EFT
2025-05-31,EFT20250531019,777.21,PAYER EFT
2025-05-31,EFT20250531021,107.23,PAYER EFT
2025-05-31,EFT20250531033,77.9,PAYER EFT
2025-06-01,EFT20250601000,2063.88,PAYER EFT
2025-06-01,EFT20250601001,514.13,PAYER EFT
2025-06-01,EFT20250601007,632.03,PAYER EFT
2025-06-01,EFT20250601009,68.28,PAYER EFT
2025-06-01,EFT20250601011,131.32,PAYER EFT
2025-06-01,EFT20250601012,194.75,PAYER EFT
2025-06-01,EFT20250601014,91.26,PAYER EFT
2025-06-01,EFT20250601017,194.75,PAYER EFT
2025-06-01,EFT20250601021,81.79,PAYER EFT
2025-06-01,EFT20250601024,75.95,PAYER EFT
2025-06-01,EFT20250601026,155.8,PAYER EFT
2025-06-01,EFT20250601028,60.45,PAYER EFT
2025-06-01,EFT20250601029,329.66,PAYER EFT
2025-06-01,EFT20250601034,75.02,PAYER EFT
2025-06-01,EFT20250601037,128.53,PAYER EFT
2025-06-02,EFT20250602000,131.09,PAYER EFT
2025-06-02,EFT20250602004,260.37,PAYER EFT
2025-06-02,EFT20250602006,277.41,PAYER EFT
2025-06-02,EFT20250602018,77.34,PAYER EFT
2025-06-02,EFT20250602020,242.6,PAYER EFT
2025-06-02,EFT20250602029,144.67,PAYER EFT
2025-06-02,EFT20250602032,194.75,PAYER EFT
2025-06-02,EFT20250602033,106.83,PAYER EFT
2025-06-03,EFT20250603001,120.74,PAYER EFT
2025-06-03,EFT20250603012,1231.91,PAYER EFT
2025-06-03,EFT20250603013,97.93,PAYER EFT
2025-06-03,EFT20250603014,112.26,PAYER EFT
2025-06-03,EFT20250603015,115.74,PAYER EFT
2025-06-03,EFT20250603018,184.5,PAYER EFT
2025-06-03,EFT20250603021,44.51,PAYER EFT
2025-06-03,EFT20250603025,701.65,PAYER EFT
2025-06-03,EFT20250603028,954.82,PAYER EFT
2025-06-03,EFT20250603029,52.53,PAYER EFT
2025-06-03,EFT20250603030,588.3,PAYER EFT
2025-06-03,EFT20250603036,71.75,PAYER EFT
2025-06-03,EFT20250603038,128.53,PAYER EFT
2025-06-03,EFT20250603039,131.32,PAYER EFT
2025-06-04,EFT20250604000,376.03,PAYER EFT
2025-06-04,EFT20250604001,892.94,PAYER EFT
2025-06-04,EFT20250604002,1311.65,PAYER EFT
2025-06-04,EFT20250604003,68.28,PAYER EFT
2025-06-04,EFT20250604011,596.26,PAYER EFT
2025-06-04,EFT20250604013,140.33,PAYER EFT
2025-06-04,EFT20250604017,617.76,PAYER EFT
2025-06-04,EFT20250604021,75.02,PAYER EFT
2025-06-04,EFT20250604024,284.68,PAYER EFT
2025-06-04,EFT20250604026,106.83,PAYER EFT
2025-06-04,EFT20250604031,205.1,PAYER EFT
2025-06-04,EFT20250604032,756.73,PAYER EFT
2025-06-04,EFT20250604033,141.02,PAYER EFT
2025-06-05,EFT20250605000,144.67,PAYER EFT
2025-06-05,EFT20250605002,75.02,PAYER EFT
2025-06-05,EFT20250605003,119.73,PAYER EFT
2025-06-05,EFT20250605007,48.59,PAYER EFT
2025-06-05,EFT20250605008,251.61,PAYER EFT
2025-06-05,EFT20250605011,81.67,PAYER EFT
2025-06-05,EFT20250605013,106.83,PAYER EFT
2025-06-05,EFT20250605019,70.16,PAYER EFT
2025-06-05,EFT20250605025,279.1,PAYER EFT
2025-06-05,EFT20250605027,30.22,PAYER EFT
2025-06-05,EFT20250605029,52.53,PAYER EFT
2025-06-05,EFT20250605032,178.8,PAYER EFT
2025-06-05,EFT20250605034,144.67,PAYER EFT
2025-06-06,EFT20250606002,690.31,PAYER EFT
2025-06-06,EFT20250606008,945.91,PAYER EFT
2025-06-06,EFT20250606009,112.26,PAYER EFT
2025-06-06,EFT20250606012,140.33,PAYER EFT
2025-06-06,EFT20250606014,152.77,PAYER EFT
2025-06-06,EFT20250606020,69,PAYER EFT
2025-06-06,EFT20250606022,723.35,PAYER EFT
2025-06-06,EFT20250606023,73.54,PAYER EFT
2025-06-06,EFT20250606025,89.02,PAYER EFT
2025-06-06,EFT20250606037,170.71,PAYER EFT
2025-06-07,EFT20250607005,485.2,PAYER EFT
2025-06-07,EFT20250607007,89.02,PAYER EFT
2025-06-07,EFT20250607009,55.2,PAYER EFT
2025-06-07,EFT20250607011,70.16,PAYER EFT
2025-06-07,EFT20250607020,661.03,PAYER EFT
2025-06-07,EFT20250607021,194.75,PAYER EFT
2025-06-07,EFT20250607022,57.86,PAYER EFT
2025-06-07,EFT20250607033,106.83,PAYER EFT
2025-06-07,EFT20250607037,257.07,PAYER EFT
2025-06-08,EFT20250608004,41.18,PAYER EFT
2025-06-08,EFT20250608005,95.48,PAYER EFT
2025-06-08,EFT20250608011,118.74,PAYER EFT
2025-06-08,EFT20250608014,302.02,PAYER EFT
2025-06-08,EFT20250608015,389.49,PAYER EFT
2025-06-08,EFT20250608016,72.33,PAYER EFT
2025-06-08,EFT20250608019,485.75,PAYER EFT
2025-06-08,EFT20250608020,77.34,PAYER EFT
2025-06-08,EFT20250608021,81.24,PAYER EFT
2025-06-08,EFT20250608024,42.02,PAYER EFT
2025-06-08,EFT20250608025,169.15,PAYER EFT
2025-06-08,EFT20250608027,150.23,PAYER EFT
2025-06-08,EFT20250608028,257.07,PAYER EFT
2025-06-08,EFT20250608030,470.64,PAYER EFT
2025-06-08,EFT20250608033,37.78,PAYER EFT
2025-06-09,EFT20250609005,39.94,PAYER EFT
2025-06-09,EFT20250609009,35.88,PAYER EFT
2025-06-09,EFT20250609010,118.74,PAYER EFT
2025-06-09,EFT20250609017,102.09,PAYER EFT
2025-06-09,EFT20250609021,77.34,PAYER EFT
2025-06-09,EFT20250609022,499,PAYER EFT
2025-06-09,EFT20250609023,144.67,PAYER EFT
2025-06-09,EFT20250609024,78.8,PAYER EFT
2025-06-09,EFT20250609026,367.68,PAYER EFT
2025-06-09,EFT20250609028,27.6,PAYER EFT
2025-06-09,EFT20250609033,136.57,PAYER EFT
2025-06-09,EFT20250609034,146.89,PAYER EFT
2025-06-09,EFT20250609035,103.63,PAYER EFT
2025-06-09,EFT20250609037,389.5,PAYER EFT
2025-06-09,EFT20250609038,57.86,PAYER EFT
2025-06-09,EFT20250609039,52.53,PAYER EFT
2025-06-10,EFT20250610002,255.95,PAYER EFT
2025-06-10,EFT20250610003,255.95,PAYER EFT
2025-06-10,EFT20250610004,44.85,PAYER EFT
2025-06-10,EFT20250610007,337.86,PAYER EFT
2025-06-10,EFT20250610010,257.07,PAYER EFT
2025-06-10,EFT20250610012,561.32,PAYER EFT
2025-06-10,EFT20250610013,77.34,PAYER EFT
2025-06-10,EFT20250610020,47.95,PAYER EFT
2025-06-10,EFT20250610021,66.24,PAYER EFT
2025-06-10,EFT20250610028,311.59,PAYER EFT
2025-06-10,EFT20250610029,190.96,PAYER EFT
2025-06-10,EFT20250610032,70.16,PAYER EFT
2025-06-10,EFT20250610033,35.88,PAYER EFT
2025-06-10,EFT20250610036,211.44,PAYER EFT
2025-06-10,EFT20250610037,107.95,PAYER EFT
2025-06-10,EFT20250610038,122.59,PAYER EFT
2025-06-11,EFT20250611000,194.75,PAYER EFT
2025-06-11,EFT20250611002,194.75,PAYER EFT
2025-06-11,EFT20250611005,1116.18,PAYER EFT
2025-06-11,EFT20250611006,763.86,PAYER EFT
2025-06-11,EFT20250611009,917.54,PAYER EFT
2025-06-11,EFT20250611012,82.9,PAYER EFT
2025-06-11,EFT20250611013,122.41,PAYER EFT
2025-06-11,EFT20250611016,459.6,PAYER EFT
2025-06-11,EFT20250611020,69,PAYER EFT
2025-06-11,EFT20250611021,311.59,PAYER EFT
2025-06-11,EFT20250611022,49.86,PAYER EFT
2025-06-11,EFT20250611023,184.17,PAYER EFT
2025-06-11,EFT20250611026,81.24,PAYER EFT
2025-06-11,EFT20250611033,48.59,PAYER EFT
2025-06-11,EFT20250611034,65.81,PAYER EFT
2025-06-11,EFT20250611035,606.5,PAYER EFT
2025-06-11,EFT20250611037,105.06,PAYER EFT
2025-06-11,EFT20250611038,282.14,PAYER EFT
2025-06-12,EFT20250612000,38.64,PAYER EFT
2025-06-12,EFT20250612002,170.71,PAYER EFT
2025-06-12,EFT20250612013,155.8,PAYER EFT
2025-06-12,EFT20250612016,38.95,PAYER EFT
2025-06-12,EFT20250612022,63.04,PAYER EFT
2025-06-12,EFT20250612026,388.6,PAYER EFT
2025-06-12,EFT20250612034,1088.93,PAYER EFT
2025-06-12,EFT20250612036,48.36,PAYER EFT
2025-06-13,EFT20250613000,954.82,PAYER EFT
2025-06-13,EFT20250613001,752.02,PAYER EFT
2025-06-13,EFT20250613004,62.32,PAYER EFT
2025-06-13,EFT20250613005,60.02,PAYER EFT
2025-06-13,EFT20250613008,112.17,PAYER EFT
2025-06-13,EFT20250613009,984.86,PAYER EFT
2025-06-13,EFT20250613010,586.47,PAYER EFT
2025-06-13,EFT20250613012,190.96,PAYER EFT
2025-06-13,EFT20250613015,229.8,PAYER EFT
2025-06-13,EFT20250613018,954.82,PAYER EFT
2025-06-13,EFT20250613028,44.51,PAYER EFT
2025-06-13,EFT20250613030,72.33,PAYER EFT
2025-06-14,EFT20250614001,169.15,PAYER EFT
2025-06-14,EFT20250614002,49.86,PAYER EFT
2025-06-14,EFT20250614005,223.28,PAYER EFT
2025-06-14,EFT20250614006,229.8,PAYER EFT
2025-06-14,EFT20250614010,89.02,PAYER EFT
2025-06-14,EFT20250614017,347.52,PAYER EFT
2025-06-14,EFT20250614018,377.53,PAYER EFT
2025-06-14,EFT20250614026,95.48,PAYER EFT
2025-06-14,EFT20250614027,102.09,PAYER EFT
2025-06-14,EFT20250614031,392.72,PAYER EFT
2025-06-14,EFT20250614033,169.15,PAYER EFT
2025-06-14,EFT20250614034,201.84,PAYER EFT
2025-06-14,EFT20250614036,115.74,PAYER EFT
2025-06-14,EFT20250614037,89.02,PAYER EFT
2025-06-14,EFT20250614038,763.07,PAYER EFT
2025-06-15,EFT20250615001,70.16,PAYER EFT
2025-06-15,EFT20250615002,277.99,PAYER EFT
2025-06-15,EFT20250615003,606.5,PAYER EFT
2025-06-15,EFT20250615009,115.74,PAYER EFT
2025-06-15,EFT20250615011,112.82,PAYER EFT
2025-06-15,EFT20250615016,149.47,PAYER EFT
2025-06-15,EFT20250615020,39.94,PAYER EFT
2025-06-15,EFT20250615021,183.03,PAYER EFT
2025-06-15,EFT20250615023,667.7,PAYER EFT
2025-06-15,EFT20250615026,145.82,PAYER EFT
2025-06-15,EFT20250615027,339.97,PAYER EFT
2025-06-15,EFT20250615029,102.09,PAYER EFT
2025-06-15,EFT20250615035,95.48,PAYER EFT
2025-06-15,EFT20250615038,74.34,PAYER EFT
2025-06-15,EFT20250615039,48.3,PAYER EFT
2025-06-16,EFT20250616004,259.73,PAYER EFT
2025-06-16,EFT20250616008,97.37,PAYER EFT
2025-06-16,EFT20250616012,1197.42,PAYER EFT
2025-06-16,EFT20250616014,376.03,PAYER EFT
2025-06-16,EFT20250616019,311.59,PAYER EFT
2025-06-16,EFT20250616020,211.44,PAYER EFT
2025-06-16,EFT20250616021,723.35,PAYER EFT
2025-06-16,EFT20250616025,40.3,PAYER EFT
2025-06-16,EFT20250616026,917.54,PAYER EFT
2025-06-16,EFT20250616027,701.65,PAYER EFT
2025-06-16,EFT20250616028,78.8,PAYER EFT
2025-06-16,EFT20250616031,43.18,PAYER EFT
2025-06-16,EFT20250616036,140.33,PAYER EFT
2025-06-16,EFT20250616037,56.13,PAYER EFT
2025-06-17,EFT20250617000,183.84,PAYER EFT
2025-06-17,EFT20250617001,640.46,PAYER EFT
2025-06-17,EFT20250617006,32.94,PAYER EFT
2025-06-17,EFT20250617009,106.83,PAYER EFT
2025-06-17,EFT20250617010,38.95,PAYER EFT
2025-06-17,EFT20250617011,196.25,PAYER EFT
2025-06-17,EFT20250617012,85.46,PAYER EFT
2025-06-17,EFT20250617013,205.66,PAYER EFT
2025-06-17,EFT20250617014,105.06,PAYER EFT
2025-06-17,EFT20250617016,51.41,PAYER EFT
2025-06-17,EFT20250617022,76.69,PAYER EFT
2025-06-17,EFT20250617023,70.16,PAYER EFT
2025-06-17,EFT20250617029,82.9,PAYER EFT
2025-06-17,EFT20250617030,917.54,PAYER EFT
2025-06-17,EFT20250617034,136.57,PAYER EFT
2025-06-17,EFT20250617035,141.02,PAYER EFT
2025-06-17,EFT20250617039,46.74,PAYER EFT
2025-06-18,EFT20250618002,128.53,PAYER EFT
2025-06-18,EFT20250618007,58.76,PAYER EFT
2025-06-18,EFT20250618014,190.96,PAYER EFT
2025-06-18,EFT20250618018,48.3,PAYER EFT
2025-06-18,EFT20250618019,112.26,PAYER EFT
2025-06-18,EFT20250618021,72.33,PAYER EFT
2025-06-18,EFT20250618024,65.7,PAYER EFT
2025-06-18,EFT20250618025,112.26,PAYER EFT
2025-06-18,EFT20250618030,77.34,PAYER EFT
2025-06-18,EFT20250618035,146.89,PAYER EFT
2025-06-18,EFT20250618036,194.75,PAYER EFT
2025-06-19,EFT20250619000,661.03,PAYER EFT
2025-06-19,EFT20250619002,295.45,PAYER EFT
2025-06-19,EFT20250619005,72.33,PAYER EFT
2025-06-19,EFT20250619006,945.91,PAYER EFT
2025-06-19,EFT20250619011,49.86,PAYER EFT
2025-06-19,EFT20250619012,95.48,PAYER EFT
2025-06-19,EFT20250619013,606.5,PAYER EFT
2025-06-19,EFT20250619015,57.86,PAYER EFT
2025-06-19,EFT20250619016,97.37,PAYER EFT
2025-06-19,EFT20250619019,72.33,PAYER EFT
2025-06-19,EFT20250619021,945.91,PAYER EFT
2025-06-19,EFT20250619023,756.73,PAYER EFT
2025-06-19,EFT20250619025,134.95,PAYER EFT
2025-06-19,EFT20250619028,146.89,PAYER EFT
2025-06-19,EFT20250619029,188.9,PAYER EFT
2025-06-19,EFT20250619031,115.74,PAYER EFT
2025-06-19,EFT20250619032,152.77,PAYER EFT
2025-06-19,EFT20250619037,96.59,PAYER EFT
2025-06-19,EFT20250619039,588.3,PAYER EFT
2025-06-20,EFT20250620002,377.53,PAYER EFT
2025-06-20,EFT20250620004,204.48,PAYER EFT
2025-06-20,EFT20250620010,319.94,PAYER EFT
2025-06-20,EFT20250620011,170.71,PAYER EFT
2025-06-20,EFT20250620012,32.94,PAYER EFT
2025-06-20,EFT20250620016,96.59,PAYER EFT
2025-06-20,EFT20250620021,521.92,PAYER EFT
2025-06-20,EFT20250620022,205.66,PAYER EFT
2025-06-20,EFT20250620032,437.04,PAYER EFT
2025-06-20,EFT20250620033,87.02,PAYER EFT
2025-06-21,EFT20250621003,81.67,PAYER EFT
2025-06-21,EFT20250621007,82.9,PAYER EFT
2025-06-21,EFT20250621008,64.99,PAYER EFT
2025-06-21,EFT20250621010,66.24,PAYER EFT
2025-06-21,EFT20250621011,190.96,PAYER EFT
2025-06-21,EFT20250621013,115.74,PAYER EFT
2025-06-21,EFT20250621017,255.95,PAYER EFT
2025-06-21,EFT20250621018,389.49,PAYER EFT
2025-06-21,EFT20250621020,56.13,PAYER EFT
2025-06-21,EFT20250621021,82.9,PAYER EFT
2025-06-21,EFT20250621024,117.51,PAYER EFT
2025-06-21,EFT20250621025,44.85,PAYER EFT
2025-06-21,EFT20250621033,95.86,PAYER EFT
2025-06-21,EFT20250621036,960.69,PAYER EFT
2025-06-21,EFT20250621039,30.22,PAYER EFT
2025-06-22,EFT20250622001,170.71,PAYER EFT
2025-06-22,EFT20250622002,661.03,PAYER EFT
2025-06-22,EFT20250622005,459.6,PAYER EFT
2025-06-22,EFT20250622016,606.5,PAYER EFT
2025-06-22,EFT20250622021,106.83,PAYER EFT
2025-06-22,EFT20250622027,279.98,PAYER EFT
2025-06-23,EFT20250623004,34.54,PAYER EFT
2025-06-23,EFT20250623005,58.76,PAYER EFT
2025-06-23,EFT20250623006,945.91,PAYER EFT
2025-06-23,EFT20250623007,104.87,PAYER EFT
2025-06-23,EFT20250623008,95.86,PAYER EFT
2025-06-23,EFT20250623009,32.94,PAYER EFT
2025-06-23,EFT20250623014,194.75,PAYER EFT
2025-06-23,EFT20250623023,102.82,PAYER EFT
2025-06-23,EFT20250623027,69,PAYER EFT
2025-06-23,EFT20250623035,41.18,PAYER EFT
2025-06-23,EFT20250623036,1257.51,PAYER EFT
2025-06-24,EFT20250624003,371.35,PAYER EFT
2025-06-24,EFT20250624019,205.1,PAYER EFT
2025-06-24,EFT20250624022,41.18,PAYER EFT
2025-06-24,EFT20250624026,132.88,PAYER EFT
2025-06-24,EFT20250624033,283.9,PAYER EFT
2025-06-25,EFT20250625001,188.9,PAYER EFT
2025-06-25,EFT20250625003,194.75,PAYER EFT
2025-06-25,EFT20250625004,102.09,PAYER EFT
2025-06-25,EFT20250625005,205.1,PAYER EFT
2025-06-25,EFT20250625008,107.23,PAYER EFT
2025-06-25,EFT20250625009,998.89,PAYER EFT
2025-06-25,EFT20250625013,170.71,PAYER EFT
2025-06-25,EFT20250625020,606.5,PAYER EFT
2025-06-25,EFT20250625022,563.09,PAYER EFT
2025-06-25,EFT20250625024,52.99,PAYER EFT
2025-06-25,EFT20250625030,606.5,PAYER EFT
2025-06-25,EFT20250625032,82.9,PAYER EFT
2025-06-25,EFT20250625033,834.63,PAYER EFT
2025-06-25,EFT20250625036,95.48,PAYER EFT
2025-06-25,EFT20250625037,198.36,PAYER EFT
2025-06-26,EFT20250626001,76.38,PAYER EFT
2025-06-26,EFT20250626003,146.89,PAYER EFT
2025-06-26,EFT20250626004,391.58,PAYER EFT
2025-06-26,EFT20250626007,111.28,PAYER EFT
2025-06-26,EFT20250626009,255.95,PAYER EFT
2025-06-26,EFT20250626013,68.28,PAYER EFT
2025-06-26,EFT20250626017,41.18,PAYER EFT
2025-06-26,EFT20250626018,588.3,PAYER EFT
2025-06-26,EFT20250626019,54.35,PAYER EFT
2025-06-26,EFT20250626020,106.83,PAYER EFT
2025-06-26,EFT20250626021,894.94,PAYER EFT
2025-06-26,EFT20250626022,792.61,PAYER EFT
2025-06-26,EFT20250626024,51.41,PAYER EFT
2025-06-26,EFT20250626029,205.66,PAYER EFT
2025-06-26,EFT20250626030,229.8,PAYER EFT
2025-06-26,EFT20250626033,422.32,PAYER EFT
2025-06-27,EFT20250627001,249.5,PAYER EFT
2025-06-27,EFT20250627003,194.75,PAYER EFT
2025-06-27,EFT20250627005,455.73,PAYER EFT
2025-06-27,EFT20250627014,106.83,PAYER EFT
2025-06-27,EFT20250627019,389.49,PAYER EFT
2025-06-27,EFT20250627023,77.9,PAYER EFT
2025-06-27,EFT20250627025,762.3,PAYER EFT
2025-06-27,EFT20250627026,1670.49,PAYER EFT
2025-06-27,EFT20250627027,514.4,PAYER EFT
2025-06-27,EFT20250627029,255.95,PAYER EFT
2025-06-27,EFT20250627030,36.77,PAYER EFT
2025-06-27,EFT20250627032,30.22,PAYER EFT
2025-06-27,EFT20250627035,205.1,PAYER EFT
2025-06-27,EFT20250627037,319.94,PAYER EFT
2025-06-28,EFT20250628000,606.5,PAYER EFT
2025-06-28,EFT20250628001,701.65,PAYER EFT
2025-06-28,EFT20250628003,68.28,PAYER EFT
2025-06-28,EFT20250628005,547.51,PAYER EFT
2025-06-28,EFT20250628008,131.32,PAYER EFT
2025-06-28,EFT20250628012,248.27,PAYER EFT
2025-06-28,EFT20250628016,38.95,PAYER EFT
2025-06-28,EFT20250628018,111.28,PAYER EFT
2025-06-28,EFT20250628023,800.58,PAYER EFT
2025-06-28,EFT20250628024,524.57,PAYER EFT
2025-06-28,EFT20250628025,95.48,PAYER EFT
2025-06-28,EFT20250628027,276.43,PAYER EFT
2025-06-28,EFT20250628034,881.37,PAYER EFT
2025-06-28,EFT20250628035,141.02,PAYER EFT
2025-06-28,EFT20250628038,95.86,PAYER EFT
2025-06-29,EFT20250629001,22.08,PAYER EFT
2025-06-29,EFT20250629005,56.13,PAYER EFT
2025-06-29,EFT20250629009,485.2,PAYER EFT
2025-06-29,EFT20250629010,103.63,PAYER EFT
2025-06-29,EFT20250629013,971.2,PAYER EFT
2025-06-29,EFT20250629015,311.59,PAYER EFT
2025-06-29,EFT20250629023,77.34,PAYER EFT
2025-06-29,EFT20250629032,194.75,PAYER EFT
2025-06-29,EFT20250629038,72.33,PAYER EFT
2025-06-29,EFT20250629039,30.91,PAYER EFT
2025-06-30,EFT20250630000,734.03,PAYER EFT
2025-06-30,EFT20250630001,54.35,PAYER EFT
2025-06-30,EFT20250630005,144.45,PAYER EFT
2025-06-30,EFT20250630007,112.26,PAYER EFT
2025-06-30,EFT20250630008,255.95,PAYER EFT
2025-06-30,EFT20250630013,72.33,PAYER EFT
2025-06-30,EFT20250630014,319.94,PAYER EFT
2025-06-30,EFT20250630015,146.89,PAYER EFT
2025-06-30,EFT20250630020,389.49,PAYER EFT
2025-06-30,EFT20250630021,459.6,PAYER EFT
2025-06-30,EFT20250630026,606.5,PAYER EFT
2025-06-30,EFT20250630031,723.35,PAYER EFT
2025-06-30,EFT20250630032,103.63,PAYER EFT
2025-07-01,EFT20250701000,68.24,PAYER EFT
2025-07-01,EFT20250701003,151.95,PAYER EFT
2025-07-01,EFT20250701004,427.34,PAYER EFT
2025-07-01,EFT20250701007,606.5,PAYER EFT
2025-07-01,EFT20250701008,52.53,PAYER EFT
2025-07-01,EFT20250701012,89.02,PAYER EFT
2025-07-01,EFT20250701014,400.62,PAYER EFT
2025-07-01,EFT20250701039,170.71,PAYER EFT
2025-07-02,EFT20250702017,190.96,PAYER EFT
2025-07-02,EFT20250702024,70.16,PAYER EFT
2025-07-02,EFT20250702026,152.77,PAYER EFT
2025-07-02,EFT20250702032,69,PAYER EFT
2025-07-02,EFT20250702033,155.8,PAYER EFT
2025-07-02,EFT20250702035,194.75,PAYER EFT
2025-07-03,EFT20250703000,85.46,PAYER EFT
2025-07-03,EFT20250703005,319.94,PAYER EFT
2025-07-03,EFT20250703007,319.94,PAYER EFT
2025-07-03,EFT20250703010,42.02,PAYER EFT
2025-07-03,EFT20250703012,205.66,PAYER EFT
2025-07-03,EFT20250703017,136.57,PAYER EFT
2025-07-03,EFT20250703020,70.16,PAYER EFT
2025-07-03,EFT20250703030,450.7,PAYER EFT
2025-07-03,EFT20250703031,310.34,PAYER EFT
2025-07-03,EFT20250703033,81.24,PAYER EFT
2025-07-03,EFT20250703035,51.41,PAYER EFT
2025-07-03,EFT20250703036,85.78,PAYER EFT
2025-07-04,EFT20250704000,106.83,PAYER EFT
2025-07-04,EFT20250704001,78.8,PAYER EFT
2025-07-04,EFT20250704005,58.76,PAYER EFT
2025-07-04,EFT20250704008,251.22,PAYER EFT
2025-07-04,EFT20250704009,300.82,PAYER EFT
2025-07-04,EFT20250704011,94.45,PAYER EFT
2025-07-04,EFT20250704014,114.9,PAYER EFT
2025-07-04,EFT20250704020,70.16,PAYER EFT
2025-07-04,EFT20250704021,72.74,PAYER EFT
2025-07-04,EFT20250704024,47.01,PAYER EFT
2025-07-04,EFT20250704031,723.35,PAYER EFT
2025-07-04,EFT20250704032,668.02,PAYER EFT
2025-07-04,EFT20250704036,190.96,PAYER EFT
2025-07-05,EFT20250705008,152.77,PAYER EFT
2025-07-05,EFT20250705012,701.65,PAYER EFT
2025-07-05,EFT20250705018,243.25,PAYER EFT
2025-07-05,EFT20250705024,75.95,PAYER EFT
2025-07-05,EFT20250705027,248.27,PAYER EFT
2025-07-05,EFT20250705028,250.77,PAYER EFT
2025-07-05,EFT20250705030,52.53,PAYER EFT
2025-07-05,EFT20250705031,144.67,PAYER EFT
2025-07-06,EFT20250706003,169.15,PAYER EFT
2025-07-06,EFT20250706004,35.61,PAYER EFT
2025-07-06,EFT20250706012,311.59,PAYER EFT
2025-07-06,EFT20250706013,100.85,PAYER EFT
2025-07-06,EFT20250706015,209.63,PAYER EFT
2025-07-06,EFT20250706020,82.26,PAYER EFT
2025-07-06,EFT20250706023,136.57,PAYER EFT
2025-07-06,EFT20250706032,140.33,PAYER EFT
2025-07-06,EFT20250706037,89.69,PAYER EFT
2025-07-07,EFT20250707004,100.85,PAYER EFT
2025-07-07,EFT20250707007,194.75,PAYER EFT
2025-07-07,EFT20250707010,82.26,PAYER EFT
2025-07-07,EFT20250707015,472.74,PAYER EFT
2025-07-07,EFT20250707030,70.16,PAYER EFT
2025-07-07,EFT20250707031,85.78,PAYER EFT
2025-07-07,EFT20250707032,459.6,PAYER EFT
2025-07-07,EFT20250707034,561.32,PAYER EFT
2025-07-07,EFT20250707035,107.95,PAYER EFT
2025-07-08,EFT20250708006,660.84,PAYER EFT
2025-07-08,EFT20250708007,111.28,PAYER EFT
2025-07-08,EFT20250708013,111.28,PAYER EFT
2025-07-08,EFT20250708024,323.48,PAYER EFT
2025-07-08,EFT20250708026,172.64,PAYER EFT
2025-07-08,EFT20250708029,227.16,PAYER EFT
2025-07-08,EFT20250708030,72.33,PAYER EFT
2025-07-08,EFT20250708032,152.54,PAYER EFT
2025-07-08,EFT20250708034,96.59,PAYER EFT
2025-07-08,EFT20250708039,934.79,PAYER EFT
2025-07-09,EFT20250709001,89.48,PAYER EFT
2025-07-09,EFT20250709002,514.13,PAYER EFT
2025-07-09,EFT20250709005,279.1,PAYER EFT
2025-07-09,EFT20250709007,421.64,PAYER EFT
2025-07-09,EFT20250709009,225.91,PAYER EFT
2025-07-09,EFT20250709011,51.41,PAYER EFT
2025-07-09,EFT20250709012,448.47,PAYER EFT
2025-07-09,EFT20250709013,77.34,PAYER EFT
2025-07-09,EFT20250709015,146.89,PAYER EFT
2025-07-09,EFT20250709018,169.15,PAYER EFT
2025-07-09,EFT20250709023,643.39,PAYER EFT
2025-07-09,EFT20250709032,411.3,PAYER EFT
2025-07-09,EFT20250709035,194.75,PAYER EFT
2025-07-10,EFT20250710005,853.25,PAYER EFT
2025-07-10,EFT20250710010,578.68,PAYER EFT
2025-07-10,EFT20250710012,998.89,PAYER EFT
2025-07-10,EFT20250710013,411.3,PAYER EFT
2025-07-10,EFT20250710017,954.82,PAYER EFT
2025-07-10,EFT20250710020,95.86,PAYER EFT
2025-07-10,EFT20250710021,30.22,PAYER EFT
2025-07-10,EFT20250710024,31.16,PAYER EFT
2025-07-10,EFT20250710025,701.65,PAYER EFT
2025-07-10,EFT20250710026,190.96,PAYER EFT
2025-07-10,EFT20250710031,91.92,PAYER EFT
2025-07-10,EFT20250710032,89.69,PAYER EFT
2025-07-10,EFT20250710033,106.83,PAYER EFT
2025-07-10,EFT20250710034,339.42,PAYER EFT
2025-07-10,EFT20250710035,1096.05,PAYER EFT
2025-07-10,EFT20250710038,676.66,PAYER EFT
2025-07-10,EFT20250710039,169.15,PAYER EFT
2025-07-11,EFT20250711004,208.32,PAYER EFT
2025-07-11,EFT20250711006,77.34,PAYER EFT
2025-07-11,EFT20250711007,126.06,PAYER EFT
2025-07-11,EFT20250711008,606.05,PAYER EFT
2025-07-11,EFT20250711010,241.49,PAYER EFT
2025-07-11,EFT20250711011,287.66,PAYER EFT
2025-07-11,EFT20250711016,279.1,PAYER EFT
2025-07-11,EFT20250711021,56.13,PAYER EFT
2025-07-11,EFT20250711022,337.86,PAYER EFT
2025-07-11,EFT20250711023,107.23,PAYER EFT
2025-07-11,EFT20250711028,144.67,PAYER EFT
2025-07-11,EFT20250711029,89.69,PAYER EFT
2025-07-11,EFT20250711034,279.1,PAYER EFT
2025-07-11,EFT20250711037,170.71,PAYER EFT
2025-07-11,EFT20250711039,151.59,PAYER EFT
2025-07-12,EFT20250712005,665.64,PAYER EFT
2025-07-12,EFT20250712014,319.94,PAYER EFT
2025-07-12,EFT20250712015,37.78,PAYER EFT
2025-07-12,EFT20250712017,146.89,PAYER EFT
2025-07-12,EFT20250712021,107.23,PAYER EFT
2025-07-12,EFT20250712023,400.62,PAYER EFT
2025-07-12,EFT20250712024,578.68,PAYER EFT
2025-07-12,EFT20250712025,85.35,PAYER EFT
2025-07-12,EFT20250712030,52.53,PAYER EFT
2025-07-12,EFT20250712031,54.35,PAYER EFT
2025-07-12,EFT20250712036,52.53,PAYER EFT
2025-07-12,EFT20250712037,503.56,PAYER EFT
2025-07-12,EFT20250712038,69,PAYER EFT
2025-07-13,EFT20250713001,38.95,PAYER EFT
2025-07-13,EFT20250713002,81.24,PAYER EFT
2025-07-13,EFT20250713003,809.59,PAYER EFT
2025-07-13,EFT20250713004,38.95,PAYER EFT
2025-07-13,EFT20250713007,89.02,PAYER EFT
2025-07-13,EFT20250713009,106.83,PAYER EFT
2025-07-13,EFT20250713010,144.67,PAYER EFT
2025-07-13,EFT20250713013,606.5,PAYER EFT
2025-07-13,EFT20250713014,60.02,PAYER EFT
2025-07-13,EFT20250713016,31.16,PAYER EFT
2025-07-13,EFT20250713017,107.95,PAYER EFT
2025-07-13,EFT20250713018,117.51,PAYER EFT
2025-07-13,EFT20250713025,61.87,PAYER EFT
2025-07-13,EFT20250713026,61.87,PAYER EFT
2025-07-13,EFT20250713034,31.95,PAYER EFT
2025-07-13,EFT20250713038,206.83,PAYER EFT
2025-07-14,EFT20250714011,1149.57,PAYER EFT
2025-07-14,EFT20250714017,75.56,PAYER EFT
2025-07-14,EFT20250714018,86.36,PAYER EFT
2025-07-14,EFT20250714019,561.32,PAYER EFT
2025-07-14,EFT20250714020,81.24,PAYER EFT
2025-07-14,EFT20250714023,136.57,PAYER EFT
2025-07-14,EFT20250714027,107.95,PAYER EFT
2025-07-14,EFT20250714028,402.85,PAYER EFT
2025-07-14,EFT20250714033,126.06,PAYER EFT
2025-07-14,EFT20250714036,97.37,PAYER EFT
2025-07-14,EFT20250714038,24.15,PAYER EFT
2025-07-14,EFT20250714039,229.8,PAYER EFT
2025-07-15,EFT20250715000,112.26,PAYER EFT
2025-07-15,EFT20250715001,257.07,PAYER EFT
2025-07-15,EFT20250715003,76.38,PAYER EFT
2025-07-15,EFT20250715006,159.01,PAYER EFT
2025-07-15,EFT20250715007,389.49,PAYER EFT
2025-07-15,EFT20250715008,295.57,PAYER EFT
2025-07-15,EFT20250715013,128.53,PAYER EFT
2025-07-15,EFT20250715022,1162.14,PAYER EFT
2025-07-15,EFT20250715023,24.15,PAYER EFT
2025-07-15,EFT20250715029,44.51,PAYER EFT
2025-07-15,EFT20250715031,268.3,PAYER EFT
2025-07-15,EFT20250715033,216.71,PAYER EFT
2025-07-15,EFT20250715035,77.34,PAYER EFT
2025-07-15,EFT20250715036,31.16,PAYER EFT
2025-07-15,EFT20250715038,107.95,PAYER EFT
2025-07-16,EFT20250716004,275.99,PAYER EFT
2025-07-16,EFT20250716010,131.32,PAYER EFT
2025-07-16,EFT20250716011,95.48,PAYER EFT
2025-07-16,EFT20250716013,800.58,PAYER EFT
2025-07-16,EFT20250716018,144.67,PAYER EFT
2025-07-16,EFT20250716019,82.9,PAYER EFT
2025-07-16,EFT20250716024,103.63,PAYER EFT
2025-07-16,EFT20250716029,272.78,PAYER EFT
2025-07-16,EFT20250716030,57.86,PAYER EFT
2025-07-16,EFT20250716032,45.96,PAYER EFT
2025-07-16,EFT20250716038,38.95,PAYER EFT
2025-07-17,EFT20250717001,229.8,PAYER EFT
2025-07-17,EFT20250717011,514.13,PAYER EFT
2025-07-17,EFT20250717014,77.34,PAYER EFT
2025-07-17,EFT20250717016,57.86,PAYER EFT
2025-07-17,EFT20250717017,163.7,PAYER EFT
2025-07-17,EFT20250717021,984.86,PAYER EFT
2025-07-17,EFT20250717027,377.81,PAYER EFT
2025-07-17,EFT20250717033,82.26,PAYER EFT
2025-07-17,EFT20250717036,62.32,PAYER EFT
2025-07-18,EFT20250718001,62.32,PAYER EFT
2025-07-18,EFT20250718004,144.67,PAYER EFT
2025-07-18,EFT20250718006,111.28,PAYER EFT
2025-07-18,EFT20250718013,81.67,PAYER EFT
2025-07-18,EFT20250718020,514.13,PAYER EFT
2025-07-18,EFT20250718021,514.13,PAYER EFT
2025-07-18,EFT20250718022,151.12,PAYER EFT
2025-07-18,EFT20250718023,85.46,PAYER EFT
2025-07-18,EFT20250718025,255.95,PAYER EFT
2025-07-18,EFT20250718026,514.13,PAYER EFT
2025-07-18,EFT20250718027,41.13,PAYER EFT
2025-07-18,EFT20250718029,482.53,PAYER EFT
2025-07-18,EFT20250718031,170.71,PAYER EFT
2025-07-18,EFT20250718039,144.67,PAYER EFT
2025-07-19,EFT20250719006,81.24,PAYER EFT
2025-07-19,EFT20250719012,248.27,PAYER EFT
2025-07-19,EFT20250719022,367.68,PAYER EFT
2025-07-19,EFT20250719026,111.28,PAYER EFT
2025-07-19,EFT20250719030,175.1,PAYER EFT
2025-07-19,EFT20250719033,44.51,PAYER EFT
2025-07-19,EFT20250719036,57.86,PAYER EFT
2025-07-19,EFT20250719037,111.28,PAYER EFT
2025-07-19,EFT20250719038,219.78,PAYER EFT
2025-07-19,EFT20250719039,179.16,PAYER EFT
2025-07-20,EFT20250720000,723.35,PAYER EFT
2025-07-20,EFT20250720002,57.86,PAYER EFT
2025-07-20,EFT20250720016,31.16,PAYER EFT
2025-07-20,EFT20250720019,89.69,PAYER EFT
2025-07-20,EFT20250720023,105.06,PAYER EFT
2025-07-20,EFT20250720024,58.76,PAYER EFT
2025-07-20,EFT20250720027,115.74,PAYER EFT
2025-07-20,EFT20250720028,389.49,PAYER EFT
2025-07-20,EFT20250720029,76.38,PAYER EFT
2025-07-20,EFT20250720032,485.75,PAYER EFT
2025-07-20,EFT20250720034,41.18,PAYER EFT
2025-07-21,EFT20250721005,82.9,PAYER EFT
2025-07-21,EFT20250721010,20.42,PAYER EFT
2025-07-21,EFT20250721011,389.49,PAYER EFT
2025-07-21,EFT20250721015,152.77,PAYER EFT
2025-07-21,EFT20250721022,500.78,PAYER EFT
2025-07-21,EFT20250721026,561.32,PAYER EFT
2025-07-21,EFT20250721029,78.8,PAYER EFT
2025-07-21,EFT20250721032,100.85,PAYER EFT
2025-07-21,EFT20250721037,136.57,PAYER EFT
2025-07-21,EFT20250721038,319.94,PAYER EFT
2025-07-21,EFT20250721039,1554.86,PAYER EFT
2025-07-22,EFT20250722001,60.37,PAYER EFT
2025-07-22,EFT20250722005,282.97,PAYER EFT
2025-07-22,EFT20250722007,161.58,PAYER EFT
2025-07-22,EFT20250722013,95.48,PAYER EFT
2025-07-22,EFT20250722014,117.51,PAYER EFT
2025-07-22,EFT20250722016,39.94,PAYER EFT
2025-07-22,EFT20250722018,72.33,PAYER EFT
2025-07-22,EFT20250722021,111.75,PAYER EFT
2025-07-22,EFT20250722025,112.83,PAYER EFT
2025-07-22,EFT20250722027,32.94,PAYER EFT
2025-07-22,EFT20250722028,1366.12,PAYER EFT
2025-07-22,EFT20250722029,52.53,PAYER EFT
2025-07-22,EFT20250722035,111.28,PAYER EFT
2025-07-22,EFT20250722037,411.75,PAYER EFT
2025-07-22,EFT20250722038,409.44,PAYER EFT
2025-07-22,EFT20250722039,72.33,PAYER EFT
2025-07-23,EFT20250723001,310.34,PAYER EFT
2025-07-23,EFT20250723002,485.2,PAYER EFT
2025-07-23,EFT20250723008,61.87,PAYER EFT
2025-07-23,EFT20250723015,403.96,PAYER EFT
2025-07-23,EFT20250723016,459.6,PAYER EFT
2025-07-23,EFT20250723017,61.87,PAYER EFT
2025-07-23,EFT20250723019,302.25,PAYER EFT
2025-07-23,EFT20250723020,38.36,PAYER EFT
2025-07-23,EFT20250723027,103.05,PAYER EFT
2025-07-23,EFT20250723028,91.92,PAYER EFT
2025-07-23,EFT20250723032,617.07,PAYER EFT
2025-07-23,EFT20250723033,800.58,PAYER EFT
2025-07-24,EFT20250724003,131.32,PAYER EFT
2025-07-24,EFT20250724004,102.09,PAYER EFT
2025-07-24,EFT20250724005,422.96,PAYER EFT
2025-07-24,EFT20250724007,606.5,PAYER EFT
2025-07-24,EFT20250724009,75.02,PAYER EFT
2025-07-24,EFT20250724012,72.33,PAYER EFT
2025-07-24,EFT20250724016,56.13,PAYER EFT
2025-07-24,EFT20250724018,590.92,PAYER EFT
2025-07-24,EFT20250724025,122.41,PAYER EFT
2025-07-24,EFT20250724029,102.09,PAYER EFT
2025-07-24,EFT20250724030,388.6,PAYER EFT
2025-07-24,EFT20250724032,75.02,PAYER EFT
2025-07-24,EFT20250724035,723.35,PAYER EFT
2025-07-24,EFT20250724039,122.41,PAYER EFT
2025-07-25,EFT20250725001,43.18,PAYER EFT
2025-07-25,EFT20250725004,578.68,PAYER EFT
2025-07-25,EFT20250725005,144.67,PAYER EFT
2025-07-25,EFT20250725006,409.97,PAYER EFT
2025-07-25,EFT20250725007,91.92,PAYER EFT
2025-07-25,EFT20250725008,38.95,PAYER EFT
2025-07-25,EFT20250725015,194.75,PAYER EFT
2025-07-25,EFT20250725022,723.35,PAYER EFT
2025-07-25,EFT20250725024,140.33,PAYER EFT
2025-07-25,EFT20250725028,85.78,PAYER EFT
2025-07-25,EFT20250725029,606.5,PAYER EFT
2025-07-25,EFT20250725030,89.02,PAYER EFT
2025-07-25,EFT20250725032,152.77,PAYER EFT
2025-07-25,EFT20250725034,89.02,PAYER EFT
2025-07-25,EFT20250725037,500.78,PAYER EFT
2025-07-25,EFT20250725038,102.09,PAYER EFT
2025-07-26,EFT20250726000,58.83,PAYER EFT
2025-07-26,EFT20250726001,35.61,PAYER EFT
2025-07-26,EFT20250726002,111.28,PAYER EFT
2025-07-26,EFT20250726012,273.31,PAYER EFT
2025-07-26,EFT20250726025,981.79,PAYER EFT
2025-07-26,EFT20250726030,208.59,PAYER EFT
2025-07-26,EFT20250726031,35.61,PAYER EFT
2025-07-26,EFT20250726037,76.38,PAYER EFT
2025-07-27,EFT20250727002,459.6,PAYER EFT
2025-07-27,EFT20250727005,806.25,PAYER EFT
2025-07-27,EFT20250727007,941.46,PAYER EFT
2025-07-27,EFT20250727011,217.67,PAYER EFT
2025-07-27,EFT20250727015,31.16,PAYER EFT
2025-07-27,EFT20250727020,701.65,PAYER EFT
2025-07-27,EFT20250727023,763.86,PAYER EFT
2025-07-27,EFT20250727024,156.77,PAYER EFT
2025-07-27,EFT20250727025,143.34,PAYER EFT
2025-07-27,EFT20250727027,800.58,PAYER EFT
2025-07-27,EFT20250727029,85.35,PAYER EFT
2025-07-27,EFT20250727033,51.41,PAYER EFT
2025-07-27,EFT20250727035,72.33,PAYER EFT
2025-07-28,EFT20250728000,211.44,PAYER EFT
2025-07-28,EFT20250728004,370.36,PAYER EFT
2025-07-28,EFT20250728011,107.95,PAYER EFT
2025-07-28,EFT20250728012,606.5,PAYER EFT
2025-07-28,EFT20250728013,121.48,PAYER EFT
2025-07-28,EFT20250728014,115.74,PAYER EFT
2025-07-28,EFT20250728017,86.36,PAYER EFT
2025-07-28,EFT20250728018,501.9,PAYER EFT
2025-07-28,EFT20250728020,44.51,PAYER EFT
2025-07-28,EFT20250728023,310.34,PAYER EFT
2025-07-28,EFT20250728029,89.02,PAYER EFT
2025-07-28,EFT20250728032,954.82,PAYER EFT
2025-07-28,EFT20250728033,701.81,PAYER EFT
2025-07-28,EFT20250728034,35.61,PAYER EFT
2025-07-28,EFT20250728036,64.99,PAYER EFT
2025-07-28,EFT20250728038,97.37,PAYER EFT
2025-07-29,EFT20250729000,191.07,PAYER EFT
2025-07-29,EFT20250729002,31.95,PAYER EFT
2025-07-29,EFT20250729003,44.85,PAYER EFT
2025-07-29,EFT20250729008,194.75,PAYER EFT
2025-07-29,EFT20250729009,42.02,PAYER EFT
2025-07-29,EFT20250729010,106.83,PAYER EFT
2025-07-29,EFT20250729014,144.67,PAYER EFT
2025-07-29,EFT20250729016,81.24,PAYER EFT
2025-07-29,EFT20250729022,60.02,PAYER EFT
2025-07-29,EFT20250729028,183.03,PAYER EFT
2025-07-29,EFT20250729029,255.95,PAYER EFT
2025-07-29,EFT20250729034,222.01,PAYER EFT
2025-07-29,EFT20250729035,48.3,PAYER EFT
2025-07-30,EFT20250730004,107.23,PAYER EFT
2025-07-30,EFT20250730005,51.41,PAYER EFT
2025-07-30,EFT20250730006,723.35,PAYER EFT
2025-07-30,EFT20250730010,367.68,PAYER EFT
2025-07-30,EFT20250730012,211.44,PAYER EFT
2025-07-30,EFT20250730015,514.13,PAYER EFT
2025-07-30,EFT20250730016,82.26,PAYER EFT
2025-07-30,EFT20250730021,151.9,PAYER EFT
2025-07-30,EFT20250730030,97.93,PAYER EFT
2025-07-30,EFT20250730035,95.86,PAYER EFT
2025-07-30,EFT20250730036,812.1,PAYER EFT
2025-07-31,EFT20250731006,279.1,PAYER EFT
2025-07-31,EFT20250731007,926.44,PAYER EFT
2025-07-31,EFT20250731008,136.57,PAYER EFT
2025-07-31,EFT20250731009,94.49,PAYER EFT
2025-07-31,EFT20250731011,60.72,PAYER EFT
2025-07-31,EFT20250731013,141.02,PAYER EFT
2025-07-31,EFT20250731017,85.46,PAYER EFT
2025-07-31,EFT20250731020,38.95,PAYER EFT
2025-07-31,EFT20250731023,149.64,PAYER EFT
2025-07-31,EFT20250731029,279.1,PAYER EFT
2025-07-31,EFT20250731030,152.77,PAYER EFT
2025-07-31,EFT20250731033,131.32,PAYER EFT
2025-07-31,EFT20250731035,945.91,PAYER EFT
2025-07-31,EFT20250731037,715.67,PAYER EFT
2025-07-31,EFT20250731038,89.69,PAYER EFT
2025-07-31,EFT20250731039,800.58,PAYER EFT
2025-08-01,EFT20250801002,485.75,PAYER EFT
2025-08-01,EFT20250801005,152.77,PAYER EFT
2025-08-01,EFT20250801012,60.76,PAYER EFT
2025-08-01,EFT20250801015,144.67,PAYER EFT
2025-08-01,EFT20250801017,89.69,PAYER EFT
2025-08-01,EFT20250801022,194.85,PAYER EFT
2025-08-01,EFT20250801026,791.41,PAYER EFT
2025-08-01,EFT20250801034,423.57,PAYER EFT
2025-08-01,EFT20250801036,249.5,PAYER EFT
2025-08-01,EFT20250801037,144.67,PAYER EFT
2025-08-01,EFT20250801038,70.16,PAYER EFT
2025-08-01,EFT20250801039,140.33,PAYER EFT
2025-08-02,EFT20250802001,272.16,PAYER EFT
2025-08-02,EFT20250802002,211.44,PAYER EFT
2025-08-02,EFT20250802005,104.87,PAYER EFT
2025-08-02,EFT20250802011,715,PAYER EFT
2025-08-02,EFT20250802012,161.58,PAYER EFT
2025-08-02,EFT20250802015,152.77,PAYER EFT
2025-08-02,EFT20250802018,38.36,PAYER EFT
2025-08-02,EFT20250802025,60.45,PAYER EFT
2025-08-02,EFT20250802026,144.67,PAYER EFT
2025-08-02,EFT20250802033,100.85,PAYER EFT
2025-08-02,EFT20250802034,377.81,PAYER EFT
2025-08-02,EFT20250802036,217.52,PAYER EFT
2025-08-02,EFT20250802037,140.33,PAYER EFT
2025-08-03,EFT20250803000,146.89,PAYER EFT
2025-08-03,EFT20250803006,161.58,PAYER EFT
2025-08-03,EFT20250803008,107.23,PAYER EFT
2025-08-03,EFT20250803009,20.42,PAYER EFT
2025-08-03,EFT20250803013,96.59,PAYER EFT
2025-08-03,EFT20250803014,1116.18,PAYER EFT
2025-08-03,EFT20250803015,144.67,PAYER EFT
2025-08-03,EFT20250803016,44.85,PAYER EFT
2025-08-03,EFT20250803017,131.09,PAYER EFT
2025-08-03,EFT20250803018,221.23,PAYER EFT
2025-08-03,EFT20250803019,111.28,PAYER EFT
2025-08-03,EFT20250803030,422.32,PAYER EFT
2025-08-03,EFT20250803031,71.75,PAYER EFT
2025-08-03,EFT20250803034,95.48,PAYER EFT
2025-08-03,EFT20250803037,667.7,PAYER EFT
2025-08-03,EFT20250803038,979.61,PAYER EFT
2025-08-03,EFT20250803039,136.57,PAYER EFT
2025-08-04,EFT20250804007,311.59,PAYER EFT
2025-08-04,EFT20250804009,103.63,PAYER EFT
2025-08-04,EFT20250804015,106.83,PAYER EFT
2025-08-04,EFT20250804024,71.75,PAYER EFT
2025-08-04,EFT20250804025,925.88,PAYER EFT
2025-08-04,EFT20250804026,146.89,PAYER EFT
2025-08-04,EFT20250804027,72.33,PAYER EFT
2025-08-04,EFT20250804028,561.32,PAYER EFT
2025-08-04,EFT20250804030,207.26,PAYER EFT
2025-08-05,EFT20250805002,763.86,PAYER EFT
2025-08-05,EFT20250805009,227.79,PAYER EFT
2025-08-05,EFT20250805010,485.2,PAYER EFT
2025-08-05,EFT20250805012,377.81,PAYER EFT
2025-08-05,EFT20250805013,183.62,PAYER EFT
2025-08-05,EFT20250805015,1101.71,PAYER EFT
2025-08-05,EFT20250805019,433.28,PAYER EFT
2025-08-05,EFT20250805021,75.95,PAYER EFT
2025-08-05,EFT20250805025,485.75,PAYER EFT
2025-08-05,EFT20250805033,127.47,PAYER EFT
2025-08-05,EFT20250805038,188.9,PAYER EFT
2025-08-06,EFT20250806006,606.5,PAYER EFT
2025-08-06,EFT20250806012,533.82,PAYER EFT
2025-08-06,EFT20250806016,118.74,PAYER EFT
2025-08-06,EFT20250806020,319.94,PAYER EFT
2025-08-06,EFT20250806021,269.14,PAYER EFT
2025-08-06,EFT20250806028,111.28,PAYER EFT
2025-08-06,EFT20250806031,85.35,PAYER EFT
2025-08-06,EFT20250806035,998.89,PAYER EFT
2025-08-06,EFT20250806037,61.87,PAYER EFT
2025-08-07,EFT20250807005,75.02,PAYER EFT
2025-08-07,EFT20250807017,57.86,PAYER EFT
2025-08-07,EFT20250807018,102.09,PAYER EFT
2025-08-07,EFT20250807019,106.22,PAYER EFT
2025-08-07,EFT20250807022,194.75,PAYER EFT
2025-08-07,EFT20250807025,100.85,PAYER EFT
2025-08-07,EFT20250807038,608.48,PAYER EFT
2025-08-08,EFT20250808001,30.22,PAYER EFT
2025-08-08,EFT20250808004,248.38,PAYER EFT
2025-08-08,EFT20250808007,63.04,PAYER EFT
2025-08-08,EFT20250808011,588.3,PAYER EFT
2025-08-08,EFT20250808014,800.58,PAYER EFT
2025-08-08,EFT20250808016,160.25,PAYER EFT
2025-08-08,EFT20250808018,144.67,PAYER EFT
2025-08-08,EFT20250808019,54.35,PAYER EFT
2025-08-08,EFT20250808022,517.47,PAYER EFT
2025-08-08,EFT20250808023,170.71,PAYER EFT
2025-08-08,EFT20250808026,97.93,PAYER EFT
2025-08-08,EFT20250808027,117.51,PAYER EFT
2025-08-08,EFT20250808029,160.97,PAYER EFT
2025-08-08,EFT20250808030,448.47,PAYER EFT
2025-08-08,EFT20250808036,39.94,PAYER EFT
2025-08-08,EFT20250808038,1527.91,PAYER EFT
2025-08-09,EFT20250809003,311.82,PAYER EFT
2025-08-09,EFT20250809010,72.33,PAYER EFT
2025-08-09,EFT20250809019,954.82,PAYER EFT
2025-08-09,EFT20250809021,81.24,PAYER EFT
2025-08-09,EFT20250809026,112.82,PAYER EFT
2025-08-09,EFT20250809027,126.06,PAYER EFT
2025-08-09,EFT20250809030,146.89,PAYER EFT
2025-08-09,EFT20250809031,111.28,PAYER EFT
2025-08-09,EFT20250809034,56.13,PAYER EFT
2025-08-09,EFT20250809036,81.24,PAYER EFT
2025-08-09,EFT20250809037,111.28,PAYER EFT
2025-08-10,EFT20250810005,41.18,PAYER EFT
2025-08-10,EFT20250810008,279.15,PAYER EFT
2025-08-10,EFT20250810013,466.83,PAYER EFT
2025-08-10,EFT20250810015,362.56,PAYER EFT
2025-08-10,EFT20250810018,177.52,PAYER EFT
2025-08-10,EFT20250810021,422.32,PAYER EFT
2025-08-10,EFT20250810022,103.63,PAYER EFT
2025-08-10,EFT20250810026,60.02,PAYER EFT
2025-08-10,EFT20250810027,144.67,PAYER EFT
2025-08-10,EFT20250810029,389.49,PAYER EFT
2025-08-11,EFT20250811001,106.83,PAYER EFT
2025-08-11,EFT20250811003,112.26,PAYER EFT
2025-08-11,EFT20250811007,945.91,PAYER EFT
2025-08-11,EFT20250811008,140.33,PAYER EFT
2025-08-11,EFT20250811010,94.45,PAYER EFT
2025-08-11,EFT20250811016,36.77,PAYER EFT
2025-08-11,EFT20250811018,64.99,PAYER EFT
2025-08-11,EFT20250811020,485.75,PAYER EFT
2025-08-11,EFT20250811022,661.03,PAYER EFT
2025-08-11,EFT20250811026,787,PAYER EFT
2025-08-11,EFT20250811030,430.33,PAYER EFT
2025-08-11,EFT20250811034,164.08,PAYER EFT
2025-08-12,EFT20250812001,37.78,PAYER EFT
2025-08-12,EFT20250812003,85.35,PAYER EFT
2025-08-12,EFT20250812005,661.03,PAYER EFT
2025-08-12,EFT20250812006,39.94,PAYER EFT
2025-08-12,EFT20250812009,152.77,PAYER EFT
2025-08-12,EFT20250812014,126.06,PAYER EFT
2025-08-12,EFT20250812015,60.72,PAYER EFT
2025-08-12,EFT20250812020,118,PAYER EFT
2025-08-12,EFT20250812021,640.46,PAYER EFT
2025-08-12,EFT20250812023,86.36,PAYER EFT
2025-08-12,EFT20250812024,701.65,PAYER EFT
2025-08-12,EFT20250812029,1027.15,PAYER EFT
2025-08-12,EFT20250812035,43.18,PAYER EFT
2025-08-13,EFT20250813006,94.99,PAYER EFT
2025-08-13,EFT20250813008,136.57,PAYER EFT
2025-08-13,EFT20250813009,44.51,PAYER EFT
2025-08-13,EFT20250813016,107.95,PAYER EFT
2025-08-13,EFT20250813027,337.86,PAYER EFT
2025-08-13,EFT20250813029,451.36,PAYER EFT
2025-08-13,EFT20250813031,294.86,PAYER EFT
2025-08-13,EFT20250813033,144.67,PAYER EFT
2025-08-13,EFT20250813038,233.59,PAYER EFT
2025-08-13,EFT20250813039,70.16,PAYER EFT
2025-08-14,EFT20250814006,105.06,PAYER EFT
2025-08-14,EFT20250814013,194.75,PAYER EFT
2025-08-14,EFT20250814014,95.48,PAYER EFT
2025-08-14,EFT20250814020,47.01,PAYER EFT
2025-08-14,EFT20250814022,129.87,PAYER EFT
2025-08-14,EFT20250814026,143.04,PAYER EFT
2025-08-14,EFT20250814028,193.19,PAYER EFT
2025-08-14,EFT20250814033,44.85,PAYER EFT
2025-08-14,EFT20250814034,146.89,PAYER EFT
2025-08-14,EFT20250814037,751.26,PAYER EFT
2025-08-15,EFT20250815000,136.57,PAYER EFT
2025-08-15,EFT20250815001,115.74,PAYER EFT
2025-08-15,EFT20250815003,956.38,PAYER EFT
2025-08-15,EFT20250815010,554.2,PAYER EFT
2025-08-15,EFT20250815016,107.95,PAYER EFT
2025-08-15,EFT20250815019,77.34,PAYER EFT
2025-08-15,EFT20250815020,57.86,PAYER EFT
2025-08-15,EFT20250815021,78.8,PAYER EFT
2025-08-15,EFT20250815022,152.77,PAYER EFT
2025-08-15,EFT20250815023,954.82,PAYER EFT
2025-08-15,EFT20250815024,81.24,PAYER EFT
2025-08-15,EFT20250815028,248.38,PAYER EFT
2025-08-15,EFT20250815029,38.95,PAYER EFT
2025-08-15,EFT20250815032,194.75,PAYER EFT
2025-08-15,EFT20250815036,41.13,PAYER EFT
2025-08-15,EFT20250815038,261.92,PAYER EFT
2025-08-16,EFT20250816000,248.27,PAYER EFT
2025-08-16,EFT20250816001,701.65,PAYER EFT
2025-08-16,EFT20250816007,140.33,PAYER EFT
2025-08-16,EFT20250816010,516.36,PAYER EFT
2025-08-16,EFT20250816011,241.49,PAYER EFT
2025-08-16,EFT20250816012,131.32,PAYER EFT
2025-08-16,EFT20250816016,190.96,PAYER EFT
2025-08-16,EFT20250816017,31.16,PAYER EFT
2025-08-16,EFT20250816022,128.53,PAYER EFT
2025-08-16,EFT20250816025,134.81,PAYER EFT
2025-08-16,EFT20250816027,75.02,PAYER EFT
2025-08-16,EFT20250816029,60.37,PAYER EFT
2025-08-16,EFT20250816031,140.33,PAYER EFT
2025-08-16,EFT20250816032,578.68,PAYER EFT
2025-08-16,EFT20250816035,359.13,PAYER EFT
2025-08-16,EFT20250816039,89.02,PAYER EFT
2025-08-17,EFT20250817001,211.44,PAYER EFT
2025-08-17,EFT20250817003,132.88,PAYER EFT
2025-08-17,EFT20250817005,72.33,PAYER EFT
2025-08-17,EFT20250817006,1035.38,PAYER EFT
2025-08-17,EFT20250817007,52.53,PAYER EFT
2025-08-17,EFT20250817008,85.35,PAYER EFT
2025-08-17,EFT20250817009,249.5,PAYER EFT
2025-08-17,EFT20250817010,72.33,PAYER EFT
2025-08-17,EFT20250817011,48.36,PAYER EFT
2025-08-17,EFT20250817014,115.74,PAYER EFT
2025-08-17,EFT20250817019,85.78,PAYER EFT
2025-08-17,EFT20250817020,205.66,PAYER EFT
2025-08-17,EFT20250817021,41.18,PAYER EFT
2025-08-17,EFT20250817024,606.5,PAYER EFT
2025-08-17,EFT20250817026,723.35,PAYER EFT
2025-08-17,EFT20250817027,115.74,PAYER EFT
2025-08-17,EFT20250817031,248.3,PAYER EFT
2025-08-17,EFT20250817032,107.95,PAYER EFT
2025-08-17,EFT20250817038,136.57,PAYER EFT
2025-08-18,EFT20250818000,853.55,PAYER EFT
2025-08-18,EFT20250818004,65.81,PAYER EFT
2025-08-18,EFT20250818010,229.92,PAYER EFT
2025-08-18,EFT20250818011,106.83,PAYER EFT
2025-08-18,EFT20250818013,48.3,PAYER EFT
2025-08-18,EFT20250818021,723.35,PAYER EFT
2025-08-18,EFT20250818023,75.95,PAYER EFT
2025-08-18,EFT20250818024,124.3,PAYER EFT
2025-08-18,EFT20250818026,205.1,PAYER EFT
2025-08-18,EFT20250818027,216.34,PAYER EFT
2025-08-18,EFT20250818029,106.83,PAYER EFT
2025-08-18,EFT20250818030,701.65,PAYER EFT
2025-08-18,EFT20250818031,205.1,PAYER EFT
2025-08-18,EFT20250818032,131.09,PAYER EFT
2025-08-18,EFT20250818039,279.1,PAYER EFT
2025-08-19,EFT20250819003,141.02,PAYER EFT
2025-08-19,EFT20250819008,47.95,PAYER EFT
2025-08-19,EFT20250819012,876.12,PAYER EFT
2025-08-19,EFT20250819017,31.95,PAYER EFT
2025-08-19,EFT20250819019,48.59,PAYER EFT
2025-08-19,EFT20250819021,141.02,PAYER EFT
2025-08-19,EFT20250819022,106.83,PAYER EFT
2025-08-19,EFT20250819025,470.64,PAYER EFT
2025-08-19,EFT20250819026,300.82,PAYER EFT
2025-08-19,EFT20250819030,188.9,PAYER EFT
2025-08-19,EFT20250819031,205.66,PAYER EFT
2025-08-19,EFT20250819032,229.44,PAYER EFT
2025-08-19,EFT20250819033,72.33,PAYER EFT
2025-08-19,EFT20250819036,682.84,PAYER EFT
2025-08-20,EFT20250820004,302.25,PAYER EFT
2025-08-20,EFT20250820005,367.68,PAYER EFT
2025-08-20,EFT20250820013,302.25,PAYER EFT
2025-08-20,EFT20250820018,129.19,PAYER EFT
2025-08-20,EFT20250820020,95.48,PAYER EFT
2025-08-20,EFT20250820021,169.15,PAYER EFT
2025-08-20,EFT20250820022,723.35,PAYER EFT
2025-08-20,EFT20250820023,190.96,PAYER EFT
2025-08-20,EFT20250820026,1020.06,PAYER EFT
2025-08-20,EFT20250820033,57.86,PAYER EFT
2025-08-20,EFT20250820038,126.06,PAYER EFT
2025-08-21,EFT20250821003,144.67,PAYER EFT
2025-08-21,EFT20250821008,100.85,PAYER EFT
2025-08-21,EFT20250821009,422.32,PAYER EFT
2025-08-21,EFT20250821010,211.44,PAYER EFT
2025-08-21,EFT20250821011,281.94,PAYER EFT
2025-08-21,EFT20250821018,103.63,PAYER EFT
2025-08-21,EFT20250821023,111.28,PAYER EFT
2025-08-21,EFT20250821027,85.35,PAYER EFT
2025-08-21,EFT20250821029,54.35,PAYER EFT
2025-08-21,EFT20250821033,885.43,PAYER EFT
2025-08-21,EFT20250821035,267.93,PAYER EFT
2025-08-21,EFT20250821036,514.13,PAYER EFT
2025-08-22,EFT20250822000,715.67,PAYER EFT
2025-08-22,EFT20250822006,89.69,PAYER EFT
2025-08-22,EFT20250822007,75.02,PAYER EFT
2025-08-22,EFT20250822022,79.95,PAYER EFT
2025-08-22,EFT20250822024,640.46,PAYER EFT
2025-08-22,EFT20250822025,279.1,PAYER EFT
2025-08-22,EFT20250822027,311.59,PAYER EFT
2025-08-22,EFT20250822038,58.76,PAYER EFT
2025-08-23,EFT20250823002,588.3,PAYER EFT
2025-08-23,EFT20250823004,72.33,PAYER EFT
2025-08-23,EFT20250823005,606.5,PAYER EFT
2025-08-23,EFT20250823007,115.74,PAYER EFT
2025-08-23,EFT20250823013,170.71,PAYER EFT
2025-08-23,EFT20250823018,72.33,PAYER EFT
2025-08-23,EFT20250823020,34.54,PAYER EFT
2025-08-23,EFT20250823022,588.3,PAYER EFT
2025-08-23,EFT20250823023,485.75,PAYER EFT
2025-08-23,EFT20250823025,95.48,PAYER EFT
2025-08-23,EFT20250823029,85.46,PAYER EFT
2025-08-23,EFT20250823033,211.44,PAYER EFT
2025-08-23,EFT20250823036,164.08,PAYER EFT
2025-08-23,EFT20250823039,82.9,PAYER EFT
2025-08-24,EFT20250824004,310.34,PAYER EFT
2025-08-24,EFT20250824005,377.81,PAYER EFT
2025-08-24,EFT20250824008,121.21,PAYER EFT
2025-08-24,EFT20250824009,430.34,PAYER EFT
2025-08-24,EFT20250824016,164.08,PAYER EFT
2025-08-24,EFT20250824020,89.02,PAYER EFT
2025-08-24,EFT20250824024,77.9,PAYER EFT
2025-08-24,EFT20250824025,422.32,PAYER EFT
2025-08-24,EFT20250824027,169.15,PAYER EFT
2025-08-24,EFT20250824028,485.2,PAYER EFT
2025-08-24,EFT20250824029,319.94,PAYER EFT
2025-08-24,EFT20250824030,141.02,PAYER EFT
2025-08-24,EFT20250824031,661.03,PAYER EFT
2025-08-24,EFT20250824033,834.63,PAYER EFT
2025-08-24,EFT20250824036,485.2,PAYER EFT
2025-08-25,EFT20250825000,221.2,PAYER EFT
2025-08-25,EFT20250825004,152.77,PAYER EFT
2025-08-25,EFT20250825005,95.48,PAYER EFT
2025-08-25,EFT20250825010,523.56,PAYER EFT
2025-08-25,EFT20250825014,169.15,PAYER EFT
2025-08-25,EFT20250825015,97.93,PAYER EFT
2025-08-25,EFT20250825016,682.84,PAYER EFT
2025-08-25,EFT20250825022,152.77,PAYER EFT
2025-08-25,EFT20250825023,279.1,PAYER EFT
2025-08-25,EFT20250825029,42.02,PAYER EFT
2025-08-25,EFT20250825031,103.63,PAYER EFT
2025-08-25,EFT20250825032,42.02,PAYER EFT
2025-08-25,EFT20250825033,606.5,PAYER EFT
2025-08-25,EFT20250825034,38.95,PAYER EFT
2025-08-25,EFT20250825036,38.95,PAYER EFT
2025-08-25,EFT20250825037,1116.18,PAYER EFT
2025-08-25,EFT20250825038,102.09,PAYER EFT
2025-08-26,EFT20250826000,1101.71,PAYER EFT
2025-08-26,EFT20250826016,151.12,PAYER EFT
2025-08-26,EFT20250826017,85.46,PAYER EFT
2025-08-26,EFT20250826022,50.37,PAYER EFT
2025-08-26,EFT20250826026,111.28,PAYER EFT
2025-08-26,EFT20250826027,86.36,PAYER EFT
2025-08-26,EFT20250826032,682.84,PAYER EFT
2025-08-26,EFT20250826037,151.12,PAYER EFT
2025-08-26,EFT20250826039,141.02,PAYER EFT
2025-08-27,EFT20250827002,154.01,PAYER EFT
2025-08-27,EFT20250827005,1056.53,PAYER EFT
2025-08-27,EFT20250827006,293.79,PAYER EFT
2025-08-27,EFT20250827007,422.32,PAYER EFT
2025-08-27,EFT20250827008,169.15,PAYER EFT
2025-08-27,EFT20250827009,47.95,PAYER EFT
2025-08-27,EFT20250827010,100.85,PAYER EFT
2025-08-27,EFT20250827012,312.25,PAYER EFT
2025-08-27,EFT20250827017,715.67,PAYER EFT
2025-08-27,EFT20250827018,41.13,PAYER EFT
2025-08-27,EFT20250827024,194.75,PAYER EFT
2025-08-27,EFT20250827027,136.57,PAYER EFT
2025-08-27,EFT20250827029,155.8,PAYER EFT
2025-08-27,EFT20250827030,72.33,PAYER EFT
2025-08-27,EFT20250827033,105.06,PAYER EFT
2025-08-27,EFT20250827035,205.1,PAYER EFT
2025-08-27,EFT20250827036,77.34,PAYER EFT
2025-08-28,EFT20250828000,588.3,PAYER EFT
2025-08-28,EFT20250828012,151.61,PAYER EFT
2025-08-28,EFT20250828013,257.07,PAYER EFT
2025-08-28,EFT20250828021,500.78,PAYER EFT
2025-08-28,EFT20250828023,60.02,PAYER EFT
2025-08-28,EFT20250828026,636.82,PAYER EFT
2025-08-28,EFT20250828028,840.33,PAYER EFT
2025-08-28,EFT20250828032,140.33,PAYER EFT
2025-08-28,EFT20250828033,759.51,PAYER EFT
2025-08-29,EFT20250829005,234.24,PAYER EFT
2025-08-29,EFT20250829006,152.77,PAYER EFT
2025-08-29,EFT20250829014,115.74,PAYER EFT
2025-08-29,EFT20250829018,68.28,PAYER EFT
2025-08-29,EFT20250829020,95.48,PAYER EFT
2025-08-29,EFT20250829022,132.14,PAYER EFT
2025-08-29,EFT20250829023,500.78,PAYER EFT
2025-08-29,EFT20250829026,66.24,PAYER EFT
2025-08-29,EFT20250829033,170.71,PAYER EFT
2025-08-29,EFT20250829037,211.44,PAYER EFT
2025-08-30,EFT20250830000,411.3,PAYER EFT
2025-08-30,EFT20250830001,85.35,PAYER EFT
2025-08-30,EFT20250830002,228.13,PAYER EFT
2025-08-30,EFT20250830005,96.59,PAYER EFT
2025-08-30,EFT20250830009,107.23,PAYER EFT
2025-08-30,EFT20250830012,51.41,PAYER EFT
2025-08-30,EFT20250830015,155.8,PAYER EFT
2025-08-30,EFT20250830020,66.24,PAYER EFT
2025-08-30,EFT20250830023,763.86,PAYER EFT
2025-08-30,EFT20250830025,34.54,PAYER EFT
2025-08-30,EFT20250830027,60.02,PAYER EFT
2025-08-30,EFT20250830028,255.95,PAYER EFT
2025-08-30,EFT20250830029,38.95,PAYER EFT
2025-08-30,EFT20250830032,91.26,PAYER EFT
2025-08-30,EFT20250830036,140.33,PAYER EFT
2025-08-31,EFT20250831002,72.33,PAYER EFT
2025-08-31,EFT20250831003,35.88,PAYER EFT
2025-08-31,EFT20250831006,337.86,PAYER EFT
2025-08-31,EFT20250831007,107.95,PAYER EFT
2025-08-31,EFT20250831011,61.87,PAYER EFT
2025-08-31,EFT20250831012,89.02,PAYER EFT
2025-08-31,EFT20250831016,255.95,PAYER EFT
2025-08-31,EFT20250831021,151.12,PAYER EFT
2025-08-31,EFT20250831023,95.48,PAYER EFT
2025-08-31,EFT20250831025,588.3,PAYER EFT
2025-08-31,EFT20250831039,126.06,PAYER EFT
2025-09-01,EFT20250901000,89.02,PAYER EFT
2025-09-01,EFT20250901001,58.76,PAYER EFT
2025-09-01,EFT20250901002,128.53,PAYER EFT
2025-09-01,EFT20250901004,95.48,PAYER EFT
2025-09-01,EFT20250901008,411.3,PAYER EFT
2025-09-01,EFT20250901012,30.22,PAYER EFT
2025-09-01,EFT20250901013,63.04,PAYER EFT
2025-09-01,EFT20250901014,194.75,PAYER EFT
2025-09-01,EFT20250901016,500.78,PAYER EFT
2025-09-01,EFT20250901019,310.34,PAYER EFT
2025-09-01,EFT20250901024,72.33,PAYER EFT
2025-09-01,EFT20250901027,73.54,PAYER EFT
2025-09-01,EFT20250901028,144.67,PAYER EFT
2025-09-01,EFT20250901034,211.44,PAYER EFT
2025-09-01,EFT20250901035,293.05,PAYER EFT
2025-09-01,EFT20250901038,102.09,PAYER EFT
2025-09-01,EFT20250901039,77.34,PAYER EFT
2025-09-02,EFT20250902000,376.03,PAYER EFT
2025-09-02,EFT20250902001,122.41,PAYER EFT
2025-09-02,EFT20250902002,310.72,PAYER EFT
2025-09-02,EFT20250902007,62.32,PAYER EFT
2025-09-02,EFT20250902008,561.32,PAYER EFT
2025-09-02,EFT20250902009,77.34,PAYER EFT
2025-09-02,EFT20250902010,411.3,PAYER EFT
2025-09-02,EFT20250902016,464.39,PAYER EFT
2025-09-02,EFT20250902017,223.28,PAYER EFT
2025-09-02,EFT20250902022,278.21,PAYER EFT
2025-09-02,EFT20250902026,44.51,PAYER EFT
2025-09-02,EFT20250902031,668.37,PAYER EFT
2025-09-02,EFT20250902034,205.1,PAYER EFT
2025-09-03,EFT20250903003,358.78,PAYER EFT
2025-09-03,EFT20250903007,169.15,PAYER EFT
2025-09-03,EFT20250903013,54.35,PAYER EFT
2025-09-03,EFT20250903014,1189.85,PAYER EFT
2025-09-03,EFT20250903018,136.57,PAYER EFT
2025-09-03,EFT20250903020,257.07,PAYER EFT
2025-09-03,EFT20250903022,82.9,PAYER EFT
2025-09-03,EFT20250903028,190.96,PAYER EFT
2025-09-03,EFT20250903031,81.67,PAYER EFT
2025-09-03,EFT20250903032,100.85,PAYER EFT
2025-09-03,EFT20250903039,409.63,PAYER EFT
2025-09-04,EFT20250904000,68.28,PAYER EFT
2025-09-04,EFT20250904005,169.15,PAYER EFT
2025-09-04,EFT20250904008,47.95,PAYER EFT
2025-09-04,EFT20250904010,111.28,PAYER EFT
2025-09-04,EFT20250904018,188.9,PAYER EFT
2025-09-04,EFT20250904021,85.46,PAYER EFT
2025-09-04,EFT20250904024,723.35,PAYER EFT
2025-09-04,EFT20250904025,263.35,PAYER EFT
2025-09-04,EFT20250904028,144.67,PAYER EFT
2025-09-04,EFT20250904031,500.78,PAYER EFT
2025-09-04,EFT20250904035,376.03,PAYER EFT
2025-09-04,EFT20250904036,211.44,PAYER EFT
2025-09-05,EFT20250905000,131.32,PAYER EFT
2025-09-05,EFT20250905001,89.02,PAYER EFT
2025-09-05,EFT20250905002,47.95,PAYER EFT
2025-09-05,EFT20250905013,606.5,PAYER EFT
2025-09-05,EFT20250905014,205.66,PAYER EFT
2025-09-05,EFT20250905018,70.16,PAYER EFT
2025-09-05,EFT20250905020,85.78,PAYER EFT
2025-09-05,EFT20250905024,89.69,PAYER EFT
2025-09-05,EFT20250905025,263.88,PAYER EFT
2025-09-05,EFT20250905027,95.48,PAYER EFT
2025-09-05,EFT20250905029,157.3,PAYER EFT
2025-09-05,EFT20250905031,35.88,PAYER EFT
2025-09-05,EFT20250905033,106.83,PAYER EFT
2025-09-05,EFT20250905038,61.87,PAYER EFT
2025-09-06,EFT20250906001,485.75,PAYER EFT
2025-09-06,EFT20250906002,112.82,PAYER EFT
2025-09-06,EFT20250906010,264.05,PAYER EFT
2025-09-06,EFT20250906013,70.16,PAYER EFT
2025-09-06,EFT20250906014,193.19,PAYER EFT
2025-09-06,EFT20250906016,702.64,PAYER EFT
2025-09-06,EFT20250906017,52.99,PAYER EFT
2025-09-06,EFT20250906018,25.53,PAYER EFT
2025-09-06,EFT20250906025,95.48,PAYER EFT
2025-09-06,EFT20250906029,590.92,PAYER EFT
2025-09-06,EFT20250906034,122.41,PAYER EFT
2025-09-06,EFT20250906038,76.38,PAYER EFT
2025-09-07,EFT20250907001,73.01,PAYER EFT
2025-09-07,EFT20250907006,640.46,PAYER EFT
2025-09-07,EFT20250907007,229.8,PAYER EFT
2025-09-07,EFT20250907008,1338.21,PAYER EFT
2025-09-07,EFT20250907012,144.67,PAYER EFT
2025-09-07,EFT20250907014,51.41,PAYER EFT
2025-09-07,EFT20250907016,115.74,PAYER EFT
2025-09-07,EFT20250907018,126.06,PAYER EFT
2025-09-07,EFT20250907023,52.53,PAYER EFT
2025-09-07,EFT20250907024,24.15,PAYER EFT
2025-09-07,EFT20250907027,319.94,PAYER EFT
2025-09-07,EFT20250907031,106.83,PAYER EFT
2025-09-07,EFT20250907032,377.53,PAYER EFT
2025-09-07,EFT20250907033,578.68,PAYER EFT
2025-09-07,EFT20250907034,257.07,PAYER EFT
2025-09-07,EFT20250907037,111.28,PAYER EFT
2025-09-08,EFT20250908003,572.54,PAYER EFT
2025-09-08,EFT20250908005,89.69,PAYER EFT
2025-09-08,EFT20250908006,111.28,PAYER EFT
2025-09-08,EFT20250908014,52.53,PAYER EFT
2025-09-08,EFT20250908021,152.77,PAYER EFT
2025-09-08,EFT20250908022,136.57,PAYER EFT
2025-09-08,EFT20250908023,111.28,PAYER EFT
2025-09-08,EFT20250908024,131.09,PAYER EFT
2025-09-08,EFT20250908028,131.09,PAYER EFT
2025-09-08,EFT20250908029,58.76,PAYER EFT
2025-09-08,EFT20250908030,89.02,PAYER EFT
2025-09-08,EFT20250908038,41.18,PAYER EFT
2025-09-09,EFT20250909003,120.74,PAYER EFT
2025-09-09,EFT20250909005,102.09,PAYER EFT
2025-09-09,EFT20250909012,881.37,PAYER EFT
2025-09-09,EFT20250909013,75.02,PAYER EFT
2025-09-09,EFT20250909016,311.04,PAYER EFT
2025-09-09,EFT20250909019,91.26,PAYER EFT
2025-09-09,EFT20250909022,117.51,PAYER EFT
2025-09-09,EFT20250909025,377.53,PAYER EFT
2025-09-09,EFT20250909028,106.83,PAYER EFT
2025-09-09,EFT20250909030,241.49,PAYER EFT
2025-09-09,EFT20250909031,164.08,PAYER EFT
2025-09-10,EFT20250910003,57.86,PAYER EFT
2025-09-10,EFT20250910010,856.6,PAYER EFT
2025-09-10,EFT20250910018,763.86,PAYER EFT
2025-09-10,EFT20250910023,57.86,PAYER EFT
2025-09-10,EFT20250910024,514.13,PAYER EFT
2025-09-10,EFT20250910027,500.78,PAYER EFT
2025-09-10,EFT20250910031,708.21,PAYER EFT
2025-09-10,EFT20250910032,161.35,PAYER EFT
2025-09-10,EFT20250910033,48.59,PAYER EFT
2025-09-10,EFT20250910038,524.44,PAYER EFT
2025-09-10,EFT20250910039,73.01,PAYER EFT
2025-09-11,EFT20250911001,590.92,PAYER EFT
2025-09-11,EFT20250911004,606.5,PAYER EFT
2025-09-11,EFT20250911007,723.35,PAYER EFT
2025-09-11,EFT20250911013,970.73,PAYER EFT
2025-09-11,EFT20250911020,311.59,PAYER EFT
2025-09-11,EFT20250911022,117.51,PAYER EFT
2025-09-11,EFT20250911023,723.35,PAYER EFT
2025-09-11,EFT20250911025,82.9,PAYER EFT
2025-09-11,EFT20250911027,791.12,PAYER EFT
2025-09-11,EFT20250911030,48.59,PAYER EFT
2025-09-11,EFT20250911031,77.34,PAYER EFT
2025-09-11,EFT20250911034,78.8,PAYER EFT
2025-09-11,EFT20250911037,74.55,PAYER EFT
2025-09-12,EFT20250912000,500.78,PAYER EFT
2025-09-12,EFT20250912001,181.1,PAYER EFT
2025-09-12,EFT20250912003,128.53,PAYER EFT
2025-09-12,EFT20250912007,293.78,PAYER EFT
2025-09-12,EFT20250912010,144.67,PAYER EFT
2025-09-12,EFT20250912011,30.91,PAYER EFT
2025-09-12,EFT20250912014,279.1,PAYER EFT
2025-09-12,EFT20250912018,237.04,PAYER EFT
2025-09-12,EFT20250912019,500.78,PAYER EFT
2025-09-12,EFT20250912022,45.96,PAYER EFT
2025-09-12,EFT20250912025,97.37,PAYER EFT
2025-09-12,EFT20250912027,56.13,PAYER EFT
2025-09-13,EFT20250913000,1595.28,PAYER EFT
2025-09-13,EFT20250913016,103.63,PAYER EFT
2025-09-13,EFT20250913018,170.71,PAYER EFT
2025-09-13,EFT20250913019,577.47,PAYER EFT
2025-09-13,EFT20250913020,106.83,PAYER EFT
2025-09-13,EFT20250913024,65.43,PAYER EFT
2025-09-13,EFT20250913025,105.06,PAYER EFT
2025-09-13,EFT20250913027,500.78,PAYER EFT
2025-09-13,EFT20250913035,184.57,PAYER EFT
2025-09-13,EFT20250913038,70.16,PAYER EFT
2025-09-14,EFT20250914003,763.62,PAYER EFT
2025-09-14,EFT20250914009,106.83,PAYER EFT
2025-09-14,EFT20250914013,111.28,PAYER EFT
2025-09-14,EFT20250914015,155.8,PAYER EFT
2025-09-14,EFT20250914016,125.3,PAYER EFT
2025-09-14,EFT20250914019,94.99,PAYER EFT
2025-09-14,EFT20250914022,132.25,PAYER EFT
2025-09-14,EFT20250914023,606.5,PAYER EFT
2025-09-14,EFT20250914025,126.06,PAYER EFT
2025-09-14,EFT20250914026,485.2,PAYER EFT
2025-09-14,EFT20250914027,60.72,PAYER EFT
2025-09-14,EFT20250914030,62.32,PAYER EFT
2025-09-14,EFT20250914034,218.21,PAYER EFT
2025-09-15,EFT20250915003,606.5,PAYER EFT
2025-09-15,EFT20250915004,38.36,PAYER EFT
2025-09-15,EFT20250915005,102.09,PAYER EFT
2025-09-15,EFT20250915009,105.06,PAYER EFT
2025-09-15,EFT20250915013,773.43,PAYER EFT
2025-09-15,EFT20250915014,58.83,PAYER EFT
2025-09-15,EFT20250915015,77.34,PAYER EFT
2025-09-15,EFT20250915016,91.26,PAYER EFT
2025-09-15,EFT20250915020,112.26,PAYER EFT
2025-09-15,EFT20250915023,225.91,PAYER EFT
2025-09-15,EFT20250915024,106.83,PAYER EFT
2025-09-15,EFT20250915027,54.35,PAYER EFT
2025-09-15,EFT20250915029,500.78,PAYER EFT
2025-09-15,EFT20250915030,954.82,PAYER EFT
2025-09-15,EFT20250915031,141.02,PAYER EFT
2025-09-15,EFT20250915032,188.9,PAYER EFT
2025-09-15,EFT20250915034,140.33,PAYER EFT
2025-09-15,EFT20250915038,47.01,PAYER EFT
2025-09-16,EFT20250916002,77.34,PAYER EFT
2025-09-16,EFT20250916005,590.92,PAYER EFT
2025-09-16,EFT20250916006,85.78,PAYER EFT
2025-09-16,EFT20250916008,112.26,PAYER EFT
2025-09-16,EFT20250916009,332.97,PAYER EFT
2025-09-16,EFT20250916013,66.24,PAYER EFT
2025-09-16,EFT20250916014,38.95,PAYER EFT
2025-09-16,EFT20250916015,50.37,PAYER EFT
2025-09-16,EFT20250916018,945.91,PAYER EFT
2025-09-16,EFT20250916022,155.8,PAYER EFT
2025-09-16,EFT20250916024,248.27,PAYER EFT
2025-09-16,EFT20250916029,668.37,PAYER EFT
2025-09-16,EFT20250916035,144.67,PAYER EFT
2025-09-16,EFT20250916038,82.9,PAYER EFT
2025-09-17,EFT20250917002,35.88,PAYER EFT
2025-09-17,EFT20250917004,194.75,PAYER EFT
2025-09-17,EFT20250917006,319.94,PAYER EFT
2025-09-17,EFT20250917007,173.6,PAYER EFT
2025-09-17,EFT20250917008,89.02,PAYER EFT
2025-09-17,EFT20250917009,82.9,PAYER EFT
2025-09-17,EFT20250917015,75.02,PAYER EFT
2025-09-17,EFT20250917016,561.32,PAYER EFT
2025-09-17,EFT20250917018,319.94,PAYER EFT
2025-09-17,EFT20250917022,578.68,PAYER EFT
2025-09-17,EFT20250917024,211.44,PAYER EFT
2025-09-17,EFT20250917025,62.32,PAYER EFT
2025-09-17,EFT20250917028,715.67,PAYER EFT
2025-09-17,EFT20250917029,945.91,PAYER EFT
2025-09-17,EFT20250917033,282.22,PAYER EFT
2025-09-17,EFT20250917038,30.22,PAYER EFT
2025-09-18,EFT20250918004,984.86,PAYER EFT
2025-09-18,EFT20250918005,64.99,PAYER EFT
2025-09-18,EFT20250918006,102.09,PAYER EFT
2025-09-18,EFT20250918008,89.69,PAYER EFT
2025-09-18,EFT20250918011,69,PAYER EFT
2025-09-18,EFT20250918012,389.49,PAYER EFT
2025-09-18,EFT20250918013,106.83,PAYER EFT
2025-09-18,EFT20250918015,103.63,PAYER EFT
2025-09-18,EFT20250918019,122.41,PAYER EFT
2025-09-18,EFT20250918022,229.8,PAYER EFT
2025-09-18,EFT20250918023,100.85,PAYER EFT
2025-09-18,EFT20250918024,54.35,PAYER EFT
2025-09-18,EFT20250918025,95.86,PAYER EFT
2025-09-18,EFT20250918028,106.83,PAYER EFT
2025-09-18,EFT20250918030,102.09,PAYER EFT
2025-09-18,EFT20250918031,255.95,PAYER EFT
2025-09-19,EFT20250919006,674.78,PAYER EFT
2025-09-19,EFT20250919007,40.3,PAYER EFT
2025-09-19,EFT20250919010,241.52,PAYER EFT
2025-09-19,EFT20250919011,198.36,PAYER EFT
2025-09-19,EFT20250919012,176.73,PAYER EFT
2025-09-19,EFT20250919017,51.41,PAYER EFT
2025-09-19,EFT20250919018,39.94,PAYER EFT
2025-09-19,EFT20250919019,111.28,PAYER EFT
2025-09-19,EFT20250919025,190.96,PAYER EFT
2025-09-19,EFT20250919026,245.67,PAYER EFT
2025-09-19,EFT20250919028,77.34,PAYER EFT
2025-09-19,EFT20250919030,279.1,PAYER EFT
2025-09-19,EFT20250919032,151.4,PAYER EFT
2025-09-19,EFT20250919033,945.91,PAYER EFT
2025-09-19,EFT20250919037,311.59,PAYER EFT
2025-09-20,EFT20250920005,78.8,PAYER EFT
2025-09-20,EFT20250920006,319.94,PAYER EFT
2025-09-20,EFT20250920007,311.59,PAYER EFT
2025-09-20,EFT20250920018,24.15,PAYER EFT
2025-09-20,EFT20250920019,72.33,PAYER EFT
2025-09-20,EFT20250920020,411.3,PAYER EFT
2025-09-20,EFT20250920027,188.9,PAYER EFT
2025-09-20,EFT20250920028,75.02,PAYER EFT
2025-09-20,EFT20250920033,102.09,PAYER EFT
2025-09-20,EFT20250920034,115.74,PAYER EFT
2025-09-20,EFT20250920038,188.9,PAYER EFT
2025-09-21,EFT20250921000,269.77,PAYER EFT
2025-09-21,EFT20250921001,905.3,PAYER EFT
2025-09-21,EFT20250921023,778.32,PAYER EFT
2025-09-21,EFT20250921028,190.96,PAYER EFT
2025-09-21,EFT20250921029,72.33,PAYER EFT
2025-09-21,EFT20250921036,188.9,PAYER EFT
2025-09-21,EFT20250921038,85.78,PAYER EFT
2025-09-22,EFT20250922000,194.75,PAYER EFT
2025-09-22,EFT20250922001,700.97,PAYER EFT
2025-09-22,EFT20250922003,111.28,PAYER EFT
2025-09-22,EFT20250922007,190.96,PAYER EFT
2025-09-22,EFT20250922012,151.21,PAYER EFT
2025-09-22,EFT20250922013,715.67,PAYER EFT
2025-09-22,EFT20250922015,211.44,PAYER EFT
2025-09-22,EFT20250922018,32.94,PAYER EFT
2025-09-22,EFT20250922020,97.37,PAYER EFT
2025-09-22,EFT20250922021,310.34,PAYER EFT
2025-09-22,EFT20250922027,701.65,PAYER EFT
2025-09-22,EFT20250922029,606.5,PAYER EFT
2025-09-22,EFT20250922031,197.28,PAYER EFT
2025-09-22,EFT20250922035,102.09,PAYER EFT
2025-09-22,EFT20250922037,198.36,PAYER EFT
2025-09-23,EFT20250923001,661.03,PAYER EFT
2025-09-23,EFT20250923008,76.38,PAYER EFT
2025-09-23,EFT20250923009,808.7,PAYER EFT
2025-09-23,EFT20250923013,190.96,PAYER EFT
2025-09-23,EFT20250923014,140.33,PAYER EFT
2025-09-23,EFT20250923018,800.58,PAYER EFT
2025-09-23,EFT20250923020,140.33,PAYER EFT
2025-09-23,EFT20250923026,302.25,PAYER EFT
2025-09-23,EFT20250923027,77.34,PAYER EFT
2025-09-23,EFT20250923033,485.2,PAYER EFT
2025-09-24,EFT20250924001,66.24,PAYER EFT
2025-09-24,EFT20250924003,319.94,PAYER EFT
2025-09-24,EFT20250924004,73.01,PAYER EFT
2025-09-24,EFT20250924006,319.94,PAYER EFT
2025-09-24,EFT20250924008,249.5,PAYER EFT
2025-09-24,EFT20250924012,394.39,PAYER EFT
2025-09-24,EFT20250924015,106.83,PAYER EFT
2025-09-24,EFT20250924018,35.61,PAYER EFT
2025-09-24,EFT20250924023,388.6,PAYER EFT
2025-09-24,EFT20250924025,141.02,PAYER EFT
2025-09-24,EFT20250924030,43.48,PAYER EFT
2025-09-24,EFT20250924032,152.77,PAYER EFT
2025-09-24,EFT20250924035,330.18,PAYER EFT
2025-09-25,EFT20250925003,366.47,PAYER EFT
2025-09-25,EFT20250925004,978.86,PAYER EFT
2025-09-25,EFT20250925005,34.54,PAYER EFT
2025-09-25,EFT20250925006,538.06,PAYER EFT
2025-09-25,EFT20250925009,37.78,PAYER EFT
2025-09-25,EFT20250925011,72.33,PAYER EFT
2025-09-25,EFT20250925014,76.38,PAYER EFT
2025-09-25,EFT20250925017,38.95,PAYER EFT
2025-09-25,EFT20250925019,667.7,PAYER EFT
2025-09-25,EFT20250925020,35.61,PAYER EFT
2025-09-25,EFT20250925026,70.16,PAYER EFT
2025-09-25,EFT20250925029,72.33,PAYER EFT
2025-09-25,EFT20250925031,152.77,PAYER EFT
2025-09-25,EFT20250925033,194.75,PAYER EFT
2025-09-25,EFT20250925036,422.32,PAYER EFT
2025-09-25,EFT20250925038,826.84,PAYER EFT
2025-09-26,EFT20250926002,170.71,PAYER EFT
2025-09-26,EFT20250926003,853.55,PAYER EFT
2025-09-26,EFT20250926006,266.64,PAYER EFT
2025-09-26,EFT20250926014,62.32,PAYER EFT
2025-09-26,EFT20250926015,853.55,PAYER EFT
2025-09-26,EFT20250926018,57.86,PAYER EFT
2025-09-26,EFT20250926019,514.13,PAYER EFT
2025-09-26,EFT20250926028,77.34,PAYER EFT
2025-09-26,EFT20250926029,91.26,PAYER EFT
2025-09-26,EFT20250926037,89.69,PAYER EFT
2025-09-27,EFT20250927002,327.4,PAYER EFT
2025-09-27,EFT20250927003,221.91,PAYER EFT
2025-09-27,EFT20250927007,205.66,PAYER EFT
2025-09-27,EFT20250927019,1021.27,PAYER EFT
2025-09-27,EFT20250927022,141.02,PAYER EFT
2025-09-27,EFT20250927023,194.75,PAYER EFT
2025-09-27,EFT20250927024,57.86,PAYER EFT
2025-09-27,EFT20250927033,115.74,PAYER EFT
2025-09-27,EFT20250927034,578.68,PAYER EFT
2025-09-28,EFT20250928003,302.02,PAYER EFT
2025-09-28,EFT20250928005,85.78,PAYER EFT
2025-09-28,EFT20250928006,240.31,PAYER EFT
2025-09-28,EFT20250928009,448.47,PAYER EFT
2025-09-28,EFT20250928014,38.95,PAYER EFT
2025-09-28,EFT20250928030,76.38,PAYER EFT
2025-09-28,EFT20250928033,606.5,PAYER EFT
2025-09-28,EFT20250928035,715.67,PAYER EFT
2025-09-28,EFT20250928036,970.4,PAYER EFT
2025-09-28,EFT20250928039,168.6,PAYER EFT
2025-09-29,EFT20250929001,800.58,PAYER EFT
2025-09-29,EFT20250929008,102.09,PAYER EFT
2025-09-29,EFT20250929015,400.62,PAYER EFT
2025-09-29,EFT20250929016,998.71,PAYER EFT
2025-09-29,EFT20250929019,103.63,PAYER EFT
2025-09-29,EFT20250929022,95.48,PAYER EFT
2025-09-29,EFT20250929027,422.32,PAYER EFT
2025-09-29,EFT20250929030,115.74,PAYER EFT
2025-09-29,EFT20250929032,89.02,PAYER EFT
2025-09-29,EFT20250929034,411.3,PAYER EFT
2025-09-29,EFT20250929037,189.18,PAYER EFT
2025-09-30,EFT20250930002,48.59,PAYER EFT
2025-09-30,EFT20250930003,44.85,PAYER EFT
2025-09-30,EFT20250930008,330.53,PAYER EFT
2025-09-30,EFT20250930010,388.6,PAYER EFT
2025-09-30,EFT20250930011,65.43,PAYER EFT
2025-09-30,EFT20250930012,60.02,PAYER EFT
2025-09-30,EFT20250930022,144.67,PAYER EFT
2025-09-30,EFT20250930025,128.53,PAYER EFT
2025-09-30,EFT20250930026,389.49,PAYER EFT
2025-09-30,EFT20250930027,279.1,PAYER EFT
2025-09-30,EFT20250930037,911.86,PAYER EFT
2025-09-30,EFT20250930039,358.78,PAYER EFT
2025-10-01,EFT20251001002,51.41,PAYER EFT
2025-10-01,EFT20251001008,945.91,PAYER EFT
2025-10-01,EFT20251001018,64.97,PAYER EFT
2025-10-01,EFT20251001019,302.02,PAYER EFT
2025-10-01,EFT20251001023,194.75,PAYER EFT
2025-10-01,EFT20251001024,194.75,PAYER EFT
2025-10-01,EFT20251001030,140.33,PAYER EFT
2025-10-01,EFT20251001033,337.86,PAYER EFT
2025-10-01,EFT20251001038,813.91,PAYER EFT
2025-10-02,EFT20251002006,48.36,PAYER EFT
2025-10-02,EFT20251002009,365.46,PAYER EFT
2025-10-02,EFT20251002017,41.13,PAYER EFT
2025-10-02,EFT20251002018,89.69,PAYER EFT
2025-10-02,EFT20251002021,319.94,PAYER EFT
2025-10-02,EFT20251002022,115.74,PAYER EFT
2025-10-02,EFT20251002025,77.34,PAYER EFT
2025-10-02,EFT20251002026,73.01,PAYER EFT
2025-10-02,EFT20251002027,57.86,PAYER EFT
2025-10-02,EFT20251002030,35.88,PAYER EFT
2025-10-02,EFT20251002032,686.4,PAYER EFT
2025-10-02,EFT20251002036,89.69,PAYER EFT
2025-10-03,EFT20251003001,1101.71,PAYER EFT
2025-10-03,EFT20251003003,97.37,PAYER EFT
2025-10-03,EFT20251003005,81.67,PAYER EFT
2025-10-03,EFT20251003008,129.26,PAYER EFT
2025-10-03,EFT20251003012,81.67,PAYER EFT
2025-10-03,EFT20251003013,38.36,PAYER EFT
2025-10-03,EFT20251003014,144.67,PAYER EFT
2025-10-03,EFT20251003017,115.74,PAYER EFT
2025-10-03,EFT20251003020,72.33,PAYER EFT
2025-10-03,EFT20251003022,47.95,PAYER EFT
2025-10-03,EFT20251003025,111.28,PAYER EFT
2025-10-03,EFT20251003026,44.51,PAYER EFT
2025-10-03,EFT20251003027,140.33,PAYER EFT
2025-10-03,EFT20251003036,111.28,PAYER EFT
2025-10-04,EFT20251004003,257.07,PAYER EFT
2025-10-04,EFT20251004004,31.16,PAYER EFT
2025-10-04,EFT20251004006,715.67,PAYER EFT
2025-10-04,EFT20251004009,85.78,PAYER EFT
2025-10-04,EFT20251004021,103.63,PAYER EFT
2025-10-04,EFT20251004028,71.75,PAYER EFT
2025-10-04,EFT20251004030,502.38,PAYER EFT
2025-10-04,EFT20251004032,141.02,PAYER EFT
2025-10-04,EFT20251004036,310.34,PAYER EFT
2025-10-04,EFT20251004038,133.47,PAYER EFT
2025-10-05,EFT20251005000,253.6,PAYER EFT
2025-10-05,EFT20251005005,279.1,PAYER EFT
2025-10-05,EFT20251005006,77.34,PAYER EFT
2025-10-05,EFT20251005013,539.42,PAYER EFT
2025-10-05,EFT20251005014,583.35,PAYER EFT
2025-10-05,EFT20251005019,161.58,PAYER EFT
2025-10-05,EFT20251005022,205.1,PAYER EFT
2025-10-05,EFT20251005024,32.72,PAYER EFT
2025-10-05,EFT20251005027,103.63,PAYER EFT
2025-10-05,EFT20251005028,89.69,PAYER EFT
2025-10-05,EFT20251005029,607.61,PAYER EFT
2025-10-05,EFT20251005036,115.74,PAYER EFT
2025-10-05,EFT20251005038,61.87,PAYER EFT
2025-10-06,EFT20251006001,20.42,PAYER EFT
2025-10-06,EFT20251006002,297.44,PAYER EFT
2025-10-06,EFT20251006004,140.33,PAYER EFT
2025-10-06,EFT20251006008,48.3,PAYER EFT
2025-10-06,EFT20251006009,237.48,PAYER EFT
2025-10-06,EFT20251006011,75.02,PAYER EFT
2025-10-06,EFT20251006015,194.75,PAYER EFT
2025-10-06,EFT20251006017,76.38,PAYER EFT
2025-10-06,EFT20251006018,310.34,PAYER EFT
2025-10-06,EFT20251006023,151.12,PAYER EFT
2025-10-06,EFT20251006029,954.82,PAYER EFT
2025-10-06,EFT20251006033,62.32,PAYER EFT
2025-10-06,EFT20251006035,244.9,PAYER EFT
2025-10-07,EFT20251007003,62.32,PAYER EFT
2025-10-07,EFT20251007008,307.01,PAYER EFT
2025-10-07,EFT20251007017,85.35,PAYER EFT
2025-10-07,EFT20251007021,723.35,PAYER EFT
2025-10-07,EFT20251007022,1248.61,PAYER EFT
2025-10-07,EFT20251007027,89.69,PAYER EFT
2025-10-07,EFT20251007028,43.48,PAYER EFT
2025-10-07,EFT20251007029,389.49,PAYER EFT
2025-10-07,EFT20251007030,682.84,PAYER EFT
2025-10-07,EFT20251007031,1164.48,PAYER EFT
2025-10-07,EFT20251007034,91.26,PAYER EFT
2025-10-07,EFT20251007037,122.41,PAYER EFT
2025-10-07,EFT20251007038,144.67,PAYER EFT
2025-10-08,EFT20251008004,540.95,PAYER EFT
2025-10-08,EFT20251008014,37.78,PAYER EFT
2025-10-08,EFT20251008015,279.1,PAYER EFT
2025-10-08,EFT20251008020,1134.32,PAYER EFT
2025-10-08,EFT20251008026,881.37,PAYER EFT
2025-10-08,EFT20251008028,102.09,PAYER EFT
2025-10-08,EFT20251008032,63.04,PAYER EFT
2025-10-08,EFT20251008034,111.28,PAYER EFT
2025-10-08,EFT20251008035,85.46,PAYER EFT
2025-10-09,EFT20251009003,34.54,PAYER EFT
2025-10-09,EFT20251009005,115.74,PAYER EFT
2025-10-09,EFT20251009006,91.26,PAYER EFT
2025-10-09,EFT20251009011,154.68,PAYER EFT
2025-10-09,EFT20251009012,44.51,PAYER EFT
2025-10-09,EFT20251009016,715.67,PAYER EFT
2025-10-09,EFT20251009017,787.89,PAYER EFT
2025-10-09,EFT20251009022,376.03,PAYER EFT
2025-10-09,EFT20251009023,533.19,PAYER EFT
2025-10-09,EFT20251009028,144.67,PAYER EFT
2025-10-09,EFT20251009036,112.17,PAYER EFT
2025-10-10,EFT20251010000,111.28,PAYER EFT
2025-10-10,EFT20251010001,422.32,PAYER EFT
2025-10-10,EFT20251010004,412.88,PAYER EFT
2025-10-10,EFT20251010008,518.8,PAYER EFT
2025-10-10,EFT20251010013,77.34,PAYER EFT
2025-10-10,EFT20251010016,945.91,PAYER EFT
2025-10-10,EFT20251010017,647.67,PAYER EFT
2025-10-10,EFT20251010031,211.44,PAYER EFT
2025-10-10,EFT20251010033,44.85,PAYER EFT
2025-10-10,EFT20251010037,247.56,PAYER EFT
2025-10-11,EFT20251011000,800.58,PAYER EFT
2025-10-11,EFT20251011001,204.02,PAYER EFT
2025-10-11,EFT20251011002,151.12,PAYER EFT
2025-10-11,EFT20251011005,89.69,PAYER EFT
2025-10-11,EFT20251011006,205.1,PAYER EFT
2025-10-11,EFT20251011007,907.41,PAYER EFT
2025-10-11,EFT20251011008,106.83,PAYER EFT
2025-10-11,EFT20251011009,800.58,PAYER EFT
2025-10-11,EFT20251011015,376.03,PAYER EFT
2025-10-11,EFT20251011016,190.96,PAYER EFT
2025-10-11,EFT20251011020,784.34,PAYER EFT
2025-10-11,EFT20251011031,70.16,PAYER EFT
2025-10-11,EFT20251011037,310.48,PAYER EFT
2025-10-11,EFT20251011039,917.54,PAYER EFT
2025-10-12,EFT20251012000,140.33,PAYER EFT
2025-10-12,EFT20251012002,141.02,PAYER EFT
2025-10-12,EFT20251012003,111.28,PAYER EFT
2025-10-12,EFT20251012008,65.81,PAYER EFT
2025-10-12,EFT20251012010,41.18,PAYER EFT
2025-10-12,EFT20251012012,77.34,PAYER EFT
2025-10-12,EFT20251012019,91.26,PAYER EFT
2025-10-12,EFT20251012027,454.48,PAYER EFT
2025-10-12,EFT20251012031,198.36,PAYER EFT
2025-10-12,EFT20251012033,136.57,PAYER EFT
2025-10-12,EFT20251012035,89.69,PAYER EFT
2025-10-13,EFT20251013001,112.82,PAYER EFT
2025-10-13,EFT20251013004,179.83,PAYER EFT
2025-10-13,EFT20251013010,115.74,PAYER EFT
2025-10-13,EFT20251013011,140.33,PAYER EFT
2025-10-13,EFT20251013012,75.56,PAYER EFT
2025-10-13,EFT20251013016,190.07,PAYER EFT
2025-10-13,EFT20251013017,38.95,PAYER EFT
2025-10-13,EFT20251013024,448.47,PAYER EFT
2025-10-13,EFT20251013030,34.58,PAYER EFT
2025-10-13,EFT20251013031,302.25,PAYER EFT
2025-10-13,EFT20251013033,422.32,PAYER EFT
2025-10-13,EFT20251013036,389.49,PAYER EFT
2025-10-13,EFT20251013039,126.06,PAYER EFT
2025-10-14,EFT20251014003,37.78,PAYER EFT
2025-10-14,EFT20251014004,73.54,PAYER EFT
2025-10-14,EFT20251014009,77.34,PAYER EFT
2025-10-14,EFT20251014014,1091.39,PAYER EFT
2025-10-14,EFT20251014015,190.96,PAYER EFT
2025-10-14,EFT20251014017,950.37,PAYER EFT
2025-10-14,EFT20251014018,917.54,PAYER EFT
2025-10-14,EFT20251014019,189.18,PAYER EFT
2025-10-14,EFT20251014022,111.28,PAYER EFT
2025-10-14,EFT20251014028,155.8,PAYER EFT
2025-10-14,EFT20251014030,715.67,PAYER EFT
2025-10-14,EFT20251014037,70.16,PAYER EFT
2025-10-14,EFT20251014038,45.96,PAYER EFT
2025-10-15,EFT20251015005,106.83,PAYER EFT
2025-10-15,EFT20251015006,72.33,PAYER EFT
2025-10-15,EFT20251015011,561.32,PAYER EFT
2025-10-15,EFT20251015014,389.49,PAYER EFT
2025-10-15,EFT20251015017,51.41,PAYER EFT
2025-10-15,EFT20251015022,141.02,PAYER EFT
2025-10-15,EFT20251015026,588.3,PAYER EFT
2025-10-15,EFT20251015027,954.82,PAYER EFT
2025-10-15,EFT20251015029,146.18,PAYER EFT
2025-10-15,EFT20251015035,701.65,PAYER EFT
2025-10-15,EFT20251015036,81.24,PAYER EFT
2025-10-15,EFT20251015039,255.95,PAYER EFT
2025-10-16,EFT20251016001,194.75,PAYER EFT
2025-10-16,EFT20251016002,30.22,PAYER EFT
2025-10-16,EFT20251016003,72.33,PAYER EFT
2025-10-16,EFT20251016005,1361.43,PAYER EFT
2025-10-16,EFT20251016006,91.26,PAYER EFT
2025-10-16,EFT20251016008,120.74,PAYER EFT
2025-10-16,EFT20251016013,239.48,PAYER EFT
2025-10-16,EFT20251016014,117.51,PAYER EFT
2025-10-16,EFT20251016020,211.44,PAYER EFT
2025-10-16,EFT20251016021,120.74,PAYER EFT
2025-10-16,EFT20251016024,62.32,PAYER EFT
2025-10-16,EFT20251016026,107.95,PAYER EFT
2025-10-16,EFT20251016030,190.96,PAYER EFT
2025-10-16,EFT20251016037,106.83,PAYER EFT
2025-10-16,EFT20251016038,88.81,PAYER EFT
2025-10-16,EFT20251016039,310.34,PAYER EFT
2025-10-17,EFT20251017000,1268.95,PAYER EFT
2025-10-17,EFT20251017003,81.67,PAYER EFT
2025-10-17,EFT20251017005,35.61,PAYER EFT
2025-10-17,EFT20251017013,115.74,PAYER EFT
2025-10-17,EFT20251017018,578.68,PAYER EFT
2025-10-17,EFT20251017023,44.85,PAYER EFT
2025-10-17,EFT20251017025,701.65,PAYER EFT
2025-10-17,EFT20251017028,52.53,PAYER EFT
2025-10-17,EFT20251017029,500.78,PAYER EFT
2025-10-17,EFT20251017033,155.8,PAYER EFT
2025-10-17,EFT20251017035,606.5,PAYER EFT
2025-10-17,EFT20251017039,389.49,PAYER EFT
2025-10-18,EFT20251018001,115.74,PAYER EFT
2025-10-18,EFT20251018009,47.01,PAYER EFT
2025-10-18,EFT20251018015,199.6,PAYER EFT
2025-10-18,EFT20251018016,48.3,PAYER EFT
2025-10-18,EFT20251018020,85.46,PAYER EFT
2025-10-18,EFT20251018028,514.13,PAYER EFT
2025-10-18,EFT20251018032,136.97,PAYER EFT
2025-10-18,EFT20251018033,747.52,PAYER EFT
2025-10-18,EFT20251018039,337.86,PAYER EFT
2025-10-19,EFT20251019000,249.5,PAYER EFT
2025-10-19,EFT20251019011,325.66,PAYER EFT
2025-10-19,EFT20251019013,372.63,PAYER EFT
2025-10-19,EFT20251019014,50.37,PAYER EFT
2025-10-19,EFT20251019016,107.95,PAYER EFT
2025-10-19,EFT20251019017,144.67,PAYER EFT
2025-10-19,EFT20251019020,45.96,PAYER EFT
2025-10-19,EFT20251019029,606.5,PAYER EFT
2025-10-19,EFT20251019032,85.46,PAYER EFT
2025-10-19,EFT20251019034,585.66,PAYER EFT
2025-10-19,EFT20251019035,151.9,PAYER EFT
2025-10-19,EFT20251019036,1018.24,PAYER EFT
2025-10-19,EFT20251019037,319.94,PAYER EFT
2025-10-19,EFT20251019038,249.5,PAYER EFT
2025-10-20,EFT20251020000,35.88,PAYER EFT
2025-10-20,EFT20251020002,85.3,PAYER EFT
2025-10-20,EFT20251020010,800.58,PAYER EFT
2025-10-20,EFT20251020021,152.77,PAYER EFT
2025-10-20,EFT20251020023,954.82,PAYER EFT
2025-10-20,EFT20251020026,157.62,PAYER EFT
2025-10-20,EFT20251020027,257.49,PAYER EFT
2025-10-20,EFT20251020032,97.37,PAYER EFT
2025-10-20,EFT20251020036,259.43,PAYER EFT
2025-10-20,EFT20251020038,97.37,PAYER EFT
2025-10-20,EFT20251020039,345.25,PAYER EFT
2025-10-21,EFT20251021001,202.2,PAYER EFT
2025-10-21,EFT20251021003,279.1,PAYER EFT
2025-10-21,EFT20251021005,205.1,PAYER EFT
2025-10-21,EFT20251021010,578.68,PAYER EFT
2025-10-21,EFT20251021013,279.1,PAYER EFT
2025-10-21,EFT20251021019,45.96,PAYER EFT
2025-10-21,EFT20251021023,141.02,PAYER EFT
2025-10-21,EFT20251021024,40.3,PAYER EFT
2025-10-21,EFT20251021025,60.02,PAYER EFT
2025-10-21,EFT20251021027,112.26,PAYER EFT
2025-10-21,EFT20251021029,144.67,PAYER EFT
2025-10-21,EFT20251021035,370.36,PAYER EFT
2025-10-21,EFT20251021036,389.49,PAYER EFT
2025-10-22,EFT20251022001,450.7,PAYER EFT
2025-10-22,EFT20251022003,448.47,PAYER EFT
2025-10-22,EFT20251022005,834.07,PAYER EFT
2025-10-22,EFT20251022007,588.3,PAYER EFT
2025-10-22,EFT20251022011,188.9,PAYER EFT
2025-10-22,EFT20251022012,55.2,PAYER EFT
2025-10-22,EFT20251022014,945.63,PAYER EFT
2025-10-22,EFT20251022015,77.34,PAYER EFT
2025-10-22,EFT20251022016,302.25,PAYER EFT
2025-10-22,EFT20251022018,500.78,PAYER EFT
2025-10-22,EFT20251022021,60.02,PAYER EFT
2025-10-22,EFT20251022022,562.65,PAYER EFT
2025-10-22,EFT20251022025,155.8,PAYER EFT
2025-10-22,EFT20251022026,459.6,PAYER EFT
2025-10-22,EFT20251022029,60.02,PAYER EFT
2025-10-22,EFT20251022030,85.35,PAYER EFT
2025-10-23,EFT20251023007,422.32,PAYER EFT
2025-10-23,EFT20251023015,77.9,PAYER EFT
2025-10-23,EFT20251023016,152.77,PAYER EFT
2025-10-23,EFT20251023024,470.64,PAYER EFT
2025-10-23,EFT20251023029,1891.82,PAYER EFT
2025-10-23,EFT20251023030,1049.4,PAYER EFT
2025-10-23,EFT20251023039,701.65,PAYER EFT
2025-10-24,EFT20251024001,141.02,PAYER EFT
2025-10-24,EFT20251024002,606.5,PAYER EFT
2025-10-24,EFT20251024003,85.35,PAYER EFT
2025-10-24,EFT20251024004,95.48,PAYER EFT
2025-10-24,EFT20251024005,81.67,PAYER EFT
2025-10-24,EFT20251024010,77.34,PAYER EFT
2025-10-24,EFT20251024013,81.24,PAYER EFT
2025-10-24,EFT20251024016,194.75,PAYER EFT
2025-10-24,EFT20251024022,144.67,PAYER EFT
2025-10-24,EFT20251024025,72.33,PAYER EFT
2025-10-24,EFT20251024031,49.86,PAYER EFT
2025-10-24,EFT20251024033,482.41,PAYER EFT
2025-10-24,EFT20251024036,44.51,PAYER EFT
2025-10-25,EFT20251025000,482.53,PAYER EFT
2025-10-25,EFT20251025004,44.51,PAYER EFT
2025-10-25,EFT20251025007,127.97,PAYER EFT
2025-10-25,EFT20251025008,190.96,PAYER EFT
2025-10-25,EFT20251025009,152.77,PAYER EFT
2025-10-25,EFT20251025013,459.6,PAYER EFT
2025-10-25,EFT20251025017,107.95,PAYER EFT
2025-10-25,EFT20251025023,75.02,PAYER EFT
2025-10-25,EFT20251025027,205.1,PAYER EFT
2025-10-25,EFT20251025030,248.27,PAYER EFT
2025-10-25,EFT20251025031,155.8,PAYER EFT
2025-10-25,EFT20251025032,144.67,PAYER EFT
2025-10-25,EFT20251025034,389.49,PAYER EFT
2025-10-25,EFT20251025035,37.39,PAYER EFT
2025-10-25,EFT20251025037,42.02,PAYER EFT
2025-10-26,EFT20251026004,164.08,PAYER EFT
2025-10-26,EFT20251026010,122.69,PAYER EFT
2025-10-26,EFT20251026014,190.96,PAYER EFT
2025-10-26,EFT20251026015,661.03,PAYER EFT
2025-10-26,EFT20251026019,35.88,PAYER EFT
2025-10-26,EFT20251026025,376.03,PAYER EFT
2025-10-26,EFT20251026026,144.67,PAYER EFT
2025-10-26,EFT20251026028,140.33,PAYER EFT
2025-10-26,EFT20251026030,249.5,PAYER EFT
2025-10-26,EFT20251026032,319.94,PAYER EFT
2025-10-26,EFT20251026034,945.91,PAYER EFT
2025-10-26,EFT20251026037,431.51,PAYER EFT
2025-10-26,EFT20251026039,800.58,PAYER EFT
2025-10-27,EFT20251027000,400.62,PAYER EFT
2025-10-27,EFT20251027003,139.01,PAYER EFT
2025-10-27,EFT20251027012,954.82,PAYER EFT
2025-10-27,EFT20251027014,77.34,PAYER EFT
2025-10-27,EFT20251027023,106.83,PAYER EFT
2025-10-27,EFT20251027024,96.59,PAYER EFT
2025-10-27,EFT20251027025,24.15,PAYER EFT
2025-10-27,EFT20251027026,85.3,PAYER EFT
2025-10-27,EFT20251027030,486.86,PAYER EFT
2025-10-27,EFT20251027036,194.75,PAYER EFT
2025-10-28,EFT20251028001,1027.15,PAYER EFT
2025-10-28,EFT20251028006,43.18,PAYER EFT
2025-10-28,EFT20251028014,723.35,PAYER EFT
2025-10-28,EFT20251028015,1486.2,PAYER EFT
2025-10-28,EFT20251028021,95.48,PAYER EFT
2025-10-28,EFT20251028022,44.85,PAYER EFT
2025-10-28,EFT20251028023,105.06,PAYER EFT
2025-10-28,EFT20251028024,77.34,PAYER EFT
2025-10-28,EFT20251028025,146.89,PAYER EFT
2025-10-28,EFT20251028026,954.82,PAYER EFT
2025-10-28,EFT20251028027,183.84,PAYER EFT
2025-10-28,EFT20251028029,41.13,PAYER EFT
2025-10-28,EFT20251028035,57.86,PAYER EFT
2025-10-28,EFT20251028037,140.33,PAYER EFT
2025-10-29,EFT20251029003,800.58,PAYER EFT
2025-10-29,EFT20251029012,310.48,PAYER EFT
2025-10-29,EFT20251029016,169.15,PAYER EFT
2025-10-29,EFT20251029023,106.83,PAYER EFT
2025-10-29,EFT20251029024,682.84,PAYER EFT
2025-10-29,EFT20251029026,78.8,PAYER EFT
2025-10-29,EFT20251029027,763.86,PAYER EFT
2025-10-29,EFT20251029031,514.13,PAYER EFT
2025-10-29,EFT20251029032,146.89,PAYER EFT
2025-10-29,EFT20251029033,76.38,PAYER EFT
2025-10-29,EFT20251029035,211.44,PAYER EFT
2025-10-29,EFT20251029036,81.24,PAYER EFT
2025-10-29,EFT20251029039,636.82,PAYER EFT
2025-10-30,EFT20251030001,60.02,PAYER EFT
2025-10-30,EFT20251030003,358.78,PAYER EFT
2025-10-30,EFT20251030004,834.63,PAYER EFT
2025-10-30,EFT20251030005,85.46,PAYER EFT
2025-10-30,EFT20251030006,144.67,PAYER EFT
2025-10-30,EFT20251030010,36.77,PAYER EFT
2025-10-30,EFT20251030011,49.86,PAYER EFT
2025-10-30,EFT20251030014,588.3,PAYER EFT
2025-10-30,EFT20251030021,314.93,PAYER EFT
2025-10-30,EFT20251030022,51.41,PAYER EFT
2025-10-30,EFT20251030024,91.26,PAYER EFT
2025-10-30,EFT20251030025,411.3,PAYER EFT
2025-10-30,EFT20251030030,377.81,PAYER EFT
2025-10-30,EFT20251030033,126.06,PAYER EFT
2025-10-30,EFT20251030035,606.5,PAYER EFT
2025-10-30,EFT20251030036,248.27,PAYER EFT
2025-10-30,EFT20251030037,44.51,PAYER EFT
2025-10-31,EFT20251031002,178.23,PAYER EFT
2025-10-31,EFT20251031007,701.65,PAYER EFT
2025-10-31,EFT20251031011,945.91,PAYER EFT
2025-10-31,EFT20251031013,85.46,PAYER EFT
2025-10-31,EFT20251031014,917.54,PAYER EFT
2025-10-31,EFT20251031016,255.95,PAYER EFT
2025-10-31,EFT20251031017,257.56,PAYER EFT
2025-10-31,EFT20251031019,56.13,PAYER EFT
2025-10-31,EFT20251031020,152.77,PAYER EFT
2025-10-31,EFT20251031024,1463.72,PAYER EFT
2025-10-31,EFT20251031025,315.49,PAYER EFT
2025-10-31,EFT20251031029,161.58,PAYER EFT
2025-10-31,EFT20251031032,72.33,PAYER EFT
2025-10-31,EFT20251031034,578.68,PAYER EFT
2025-10-31,EFT20251031038,184.5,PAYER EFT
2025-11-01,EFT20251101000,85.46,PAYER EFT
2025-11-01,EFT20251101001,308.47,PAYER EFT
2025-11-01,EFT20251101003,95.48,PAYER EFT
2025-11-01,EFT20251101004,252.97,PAYER EFT
2025-11-01,EFT20251101008,217,PAYER EFT
2025-11-01,EFT20251101010,654.46,PAYER EFT
2025-11-01,EFT20251101014,115.74,PAYER EFT
2025-11-01,EFT20251101016,115.74,PAYER EFT
2025-11-01,EFT20251101019,69,PAYER EFT
2025-11-01,EFT20251101020,659.91,PAYER EFT
2025-11-01,EFT20251101027,111.28,PAYER EFT
2025-11-01,EFT20251101030,45.96,PAYER EFT
2025-11-01,EFT20251101035,45.96,PAYER EFT
2025-11-01,EFT20251101037,715.67,PAYER EFT
2025-11-01,EFT20251101039,144.67,PAYER EFT
2025-11-02,EFT20251102004,107.95,PAYER EFT
2025-11-02,EFT20251102006,62.32,PAYER EFT
2025-11-02,EFT20251102008,588.3,PAYER EFT
2025-11-02,EFT20251102014,60.45,PAYER EFT
2025-11-02,EFT20251102016,72.33,PAYER EFT
2025-11-02,EFT20251102017,85.35,PAYER EFT
2025-11-02,EFT20251102021,358.78,PAYER EFT
2025-11-02,EFT20251102022,68.28,PAYER EFT
2025-11-02,EFT20251102026,302.7,PAYER EFT
2025-11-02,EFT20251102029,606.5,PAYER EFT
2025-11-02,EFT20251102030,723.35,PAYER EFT
2025-11-02,EFT20251102031,885.93,PAYER EFT
2025-11-02,EFT20251102034,800.58,PAYER EFT
2025-11-02,EFT20251102039,77.34,PAYER EFT
2025-11-03,EFT20251103000,661.03,PAYER EFT
2025-11-03,EFT20251103001,96.59,PAYER EFT
2025-11-03,EFT20251103002,1116.18,PAYER EFT
2025-11-03,EFT20251103009,75.56,PAYER EFT
2025-11-03,EFT20251103012,190.96,PAYER EFT
2025-11-03,EFT20251103020,72.33,PAYER EFT
2025-11-03,EFT20251103021,448.47,PAYER EFT
2025-11-03,EFT20251103023,77.34,PAYER EFT
2025-11-03,EFT20251103026,31.95,PAYER EFT
2025-11-03,EFT20251103027,211.44,PAYER EFT
2025-11-03,EFT20251103032,945.91,PAYER EFT
2025-11-03,EFT20251103033,141.43,PAYER EFT
2025-11-03,EFT20251103034,205.1,PAYER EFT
2025-11-03,EFT20251103035,73.54,PAYER EFT
2025-11-04,EFT20251104003,170.71,PAYER EFT
2025-11-04,EFT20251104007,89.69,PAYER EFT
2025-11-04,EFT20251104009,578.68,PAYER EFT
2025-11-04,EFT20251104016,283.46,PAYER EFT
2025-11-04,EFT20251104019,146.89,PAYER EFT
2025-11-04,EFT20251104021,528.82,PAYER EFT
2025-11-04,EFT20251104022,71.75,PAYER EFT
2025-11-04,EFT20251104025,723.35,PAYER EFT
2025-11-04,EFT20251104026,155.8,PAYER EFT
2025-11-04,EFT20251104027,199.6,PAYER EFT
2025-11-04,EFT20251104030,54.35,PAYER EFT
2025-11-04,EFT20251104033,38.95,PAYER EFT
2025-11-05,EFT20251105003,300.82,PAYER EFT
2025-11-05,EFT20251105005,73.01,PAYER EFT
2025-11-05,EFT20251105008,65.81,PAYER EFT
2025-11-05,EFT20251105012,194.75,PAYER EFT
2025-11-05,EFT20251105013,588.3,PAYER EFT
2025-11-05,EFT20251105014,155.8,PAYER EFT
2025-11-05,EFT20251105017,71.75,PAYER EFT
2025-11-05,EFT20251105020,221.05,PAYER EFT
2025-11-05,EFT20251105022,190.96,PAYER EFT
2025-11-05,EFT20251105023,140.33,PAYER EFT
2025-11-05,EFT20251105024,400.62,PAYER EFT
2025-11-05,EFT20251105031,319.94,PAYER EFT
2025-11-05,EFT20251105035,310.34,PAYER EFT
2025-11-05,EFT20251105036,253.21,PAYER EFT
2025-11-05,EFT20251105039,64.97,PAYER EFT
2025-11-06,EFT20251106004,51.41,PAYER EFT
2025-11-06,EFT20251106010,834.63,PAYER EFT
2025-11-06,EFT20251106012,268.3,PAYER EFT
2025-11-06,EFT20251106014,188.9,PAYER EFT
2025-11-06,EFT20251106015,66.24,PAYER EFT
2025-11-06,EFT20251106018,377.53,PAYER EFT
2025-11-06,EFT20251106024,75.02,PAYER EFT
2025-11-06,EFT20251106028,723.35,PAYER EFT
2025-11-06,EFT20251106030,73.01,PAYER EFT
2025-11-06,EFT20251106031,152.77,PAYER EFT
2025-11-06,EFT20251106032,820.72,PAYER EFT
2025-11-06,EFT20251106038,190.96,PAYER EFT
2025-11-07,EFT20251107000,89.02,PAYER EFT
2025-11-07,EFT20251107006,945.91,PAYER EFT
2025-11-07,EFT20251107012,302.02,PAYER EFT
2025-11-07,EFT20251107013,345.43,PAYER EFT
2025-11-07,EFT20251107017,36.77,PAYER EFT
2025-11-07,EFT20251107018,377.53,PAYER EFT
2025-11-07,EFT20251107019,69,PAYER EFT
2025-11-07,EFT20251107023,800.58,PAYER EFT
2025-11-07,EFT20251107026,485.75,PAYER EFT
2025-11-07,EFT20251107030,1080.88,PAYER EFT
2025-11-07,EFT20251107035,169.15,PAYER EFT
2025-11-08,EFT20251108011,235.59,PAYER EFT
2025-11-08,EFT20251108012,111.28,PAYER EFT
2025-11-08,EFT20251108014,607.61,PAYER EFT
2025-11-08,EFT20251108017,81.24,PAYER EFT
2025-11-08,EFT20251108019,159.18,PAYER EFT
2025-11-08,EFT20251108020,78.8,PAYER EFT
2025-11-08,EFT20251108021,280.3,PAYER EFT
2025-11-08,EFT20251108028,76.38,PAYER EFT
2025-11-08,EFT20251108029,76.38,PAYER EFT
2025-11-08,EFT20251108030,723.35,PAYER EFT
2025-11-08,EFT20251108032,75.56,PAYER EFT
2025-11-08,EFT20251108033,211.44,PAYER EFT
2025-11-09,EFT20251109000,54.35,PAYER EFT
2025-11-09,EFT20251109002,89.02,PAYER EFT
2025-11-09,EFT20251109008,112.82,PAYER EFT
2025-11-09,EFT20251109010,112.82,PAYER EFT
2025-11-09,EFT20251109011,144.67,PAYER EFT
2025-11-09,EFT20251109012,126.06,PAYER EFT
2025-11-09,EFT20251109018,389.49,PAYER EFT
2025-11-09,EFT20251109019,200.78,PAYER EFT
2025-11-09,EFT20251109022,38.95,PAYER EFT
2025-11-09,EFT20251109029,853.55,PAYER EFT
2025-11-09,EFT20251109032,99.04,PAYER EFT
2025-11-09,EFT20251109033,69,PAYER EFT
2025-11-09,EFT20251109034,44.51,PAYER EFT
2025-11-09,EFT20251109035,249.27,PAYER EFT
2025-11-10,EFT20251110001,111.29,PAYER EFT
2025-11-10,EFT20251110006,208.43,PAYER EFT
2025-11-10,EFT20251110007,229.8,PAYER EFT
2025-11-10,EFT20251110008,38.36,PAYER EFT
2025-11-10,EFT20251110010,146.89,PAYER EFT
2025-11-10,EFT20251110012,945.03,PAYER EFT
2025-11-10,EFT20251110014,449.56,PAYER EFT
2025-11-10,EFT20251110015,834.63,PAYER EFT
2025-11-10,EFT20251110017,194.75,PAYER EFT
2025-11-10,EFT20251110018,81.67,PAYER EFT
2025-11-10,EFT20251110027,199.6,PAYER EFT
2025-11-10,EFT20251110033,82.9,PAYER EFT
2025-11-10,EFT20251110035,144.67,PAYER EFT
2025-11-10,EFT20251110036,182.22,PAYER EFT
2025-11-10,EFT20251110037,255.95,PAYER EFT
2025-11-10,EFT20251110038,75.9,PAYER EFT
2025-11-11,EFT20251111000,115.74,PAYER EFT
2025-11-11,EFT20251111002,208.76,PAYER EFT
2025-11-11,EFT20251111004,95.48,PAYER EFT
2025-11-11,EFT20251111008,64.99,PAYER EFT
2025-11-11,EFT20251111009,218.94,PAYER EFT
2025-11-11,EFT20251111012,144.67,PAYER EFT
2025-11-11,EFT20251111017,170.71,PAYER EFT
2025-11-11,EFT20251111019,118.74,PAYER EFT
2025-11-11,EFT20251111020,177.1,PAYER EFT
2025-11-11,EFT20251111026,158.36,PAYER EFT
2025-11-11,EFT20251111027,54.35,PAYER EFT
2025-11-11,EFT20251111029,173.84,PAYER EFT
2025-11-11,EFT20251111030,131.32,PAYER EFT
2025-11-12,EFT20251112001,106.83,PAYER EFT
2025-11-12,EFT20251112002,255.95,PAYER EFT
2025-11-12,EFT20251112003,205.66,PAYER EFT
2025-11-12,EFT20251112004,103.63,PAYER EFT
2025-11-12,EFT20251112010,106.83,PAYER EFT
2025-11-12,EFT20251112012,222.01,PAYER EFT
2025-11-12,EFT20251112013,196.95,PAYER EFT
2025-11-12,EFT20251112014,44.85,PAYER EFT
2025-11-12,EFT20251112019,281.45,PAYER EFT
2025-11-12,EFT20251112024,35.61,PAYER EFT
2025-11-12,EFT20251112027,280.1,PAYER EFT
2025-11-12,EFT20251112028,701.65,PAYER EFT
2025-11-12,EFT20251112029,107.95,PAYER EFT
2025-11-12,EFT20251112031,459.6,PAYER EFT
2025-11-12,EFT20251112034,57.86,PAYER EFT
2025-11-13,EFT20251113002,194.75,PAYER EFT
2025-11-13,EFT20251113006,302.02,PAYER EFT
2025-11-13,EFT20251113013,485.2,PAYER EFT
2025-11-13,EFT20251113014,459.6,PAYER EFT
2025-11-13,EFT20251113015,211.44,PAYER EFT
2025-11-13,EFT20251113016,183.33,PAYER EFT
2025-11-13,EFT20251113019,310.34,PAYER EFT
2025-11-13,EFT20251113023,60.37,PAYER EFT
2025-11-13,EFT20251113024,68.28,PAYER EFT
2025-11-13,EFT20251113029,52.53,PAYER EFT
2025-11-13,EFT20251113030,337.42,PAYER EFT
2025-11-13,EFT20251113032,319.94,PAYER EFT
2025-11-13,EFT20251113039,715.67,PAYER EFT
2025-11-14,EFT20251114001,56.13,PAYER EFT
2025-11-14,EFT20251114002,170.71,PAYER EFT
2025-11-14,EFT20251114003,85.35,PAYER EFT
2025-11-14,EFT20251114005,130.6,PAYER EFT
2025-11-14,EFT20251114010,20.42,PAYER EFT
2025-11-14,EFT20251114014,89.69,PAYER EFT
2025-11-14,EFT20251114015,89.02,PAYER EFT
2025-11-14,EFT20251114016,314.93,PAYER EFT
2025-11-14,EFT20251114017,229.8,PAYER EFT
2025-11-14,EFT20251114018,155.8,PAYER EFT
2025-11-14,EFT20251114020,50.37,PAYER EFT
2025-11-14,EFT20251114021,40.9,PAYER EFT
2025-11-14,EFT20251114024,168.03,PAYER EFT
2025-11-14,EFT20251114026,647.68,PAYER EFT
2025-11-14,EFT20251114027,257.07,PAYER EFT
2025-11-14,EFT20251114028,71.75,PAYER EFT
2025-11-14,EFT20251114031,38.95,PAYER EFT
2025-11-14,EFT20251114034,81.24,PAYER EFT
2025-11-14,EFT20251114038,800.58,PAYER EFT
2025-11-15,EFT20251115000,485.2,PAYER EFT
2025-11-15,EFT20251115001,35.61,PAYER EFT
2025-11-15,EFT20251115015,31.95,PAYER EFT
2025-11-15,EFT20251115016,70.16,PAYER EFT
2025-11-15,EFT20251115019,32.94,PAYER EFT
2025-11-15,EFT20251115021,377.53,PAYER EFT
2025-11-15,EFT20251115022,411.3,PAYER EFT
2025-11-15,EFT20251115023,57.86,PAYER EFT
2025-11-15,EFT20251115026,70.16,PAYER EFT
2025-11-15,EFT20251115028,97.04,PAYER EFT
2025-11-15,EFT20251115030,60.02,PAYER EFT
2025-11-15,EFT20251115031,256.07,PAYER EFT
2025-11-15,EFT20251115037,68.28,PAYER EFT
2025-11-15,EFT20251115039,211.44,PAYER EFT
2025-11-16,EFT20251116001,73.01,PAYER EFT
2025-11-16,EFT20251116005,132.3,PAYER EFT
2025-11-16,EFT20251116011,715.67,PAYER EFT
2025-11-16,EFT20251116017,117.51,PAYER EFT
2025-11-16,EFT20251116020,114.9,PAYER EFT
2025-11-16,EFT20251116021,1681.4,PAYER EFT
2025-11-16,EFT20251116022,96.59,PAYER EFT
2025-11-16,EFT20251116024,691.85,PAYER EFT
2025-11-16,EFT20251116026,72.33,PAYER EFT
2025-11-16,EFT20251116028,172.27,PAYER EFT
2025-11-16,EFT20251116031,367.68,PAYER EFT
2025-11-16,EFT20251116034,144.67,PAYER EFT
2025-11-16,EFT20251116036,919.21,PAYER EFT
2025-11-16,EFT20251116038,125.01,PAYER EFT
2025-11-16,EFT20251116039,192.18,PAYER EFT
2025-11-17,EFT20251117004,377.53,PAYER EFT
2025-11-17,EFT20251117006,141.02,PAYER EFT
2025-11-17,EFT20251117022,102.09,PAYER EFT
2025-11-17,EFT20251117031,249.5,PAYER EFT
2025-11-17,EFT20251117035,229.8,PAYER EFT
2025-11-17,EFT20251117037,66.24,PAYER EFT
2025-11-17,EFT20251117039,780.21,PAYER EFT
2025-11-18,EFT20251118009,249.5,PAYER EFT
2025-11-18,EFT20251118011,229.8,PAYER EFT
2025-11-18,EFT20251118012,853.55,PAYER EFT
2025-11-18,EFT20251118014,606.5,PAYER EFT
2025-11-18,EFT20251118023,606.5,PAYER EFT
2025-11-18,EFT20251118030,862.06,PAYER EFT
2025-11-18,EFT20251118031,422.32,PAYER EFT
2025-11-18,EFT20251118036,194.75,PAYER EFT
2025-11-18,EFT20251118037,586.55,PAYER EFT
2025-11-19,EFT20251119004,75.56,PAYER EFT
2025-11-19,EFT20251119006,327.53,PAYER EFT
2025-11-19,EFT20251119010,115.74,PAYER EFT
2025-11-19,EFT20251119013,226.43,PAYER EFT
2025-11-19,EFT20251119014,70.16,PAYER EFT
2025-11-19,EFT20251119017,188.9,PAYER EFT
2025-11-19,EFT20251119022,107.23,PAYER EFT
2025-11-19,EFT20251119023,169.15,PAYER EFT
2025-11-19,EFT20251119033,514.13,PAYER EFT
2025-11-19,EFT20251119036,372.93,PAYER EFT
2025-11-19,EFT20251119039,260.41,PAYER EFT
2025-11-20,EFT20251120004,72.33,PAYER EFT
2025-11-20,EFT20251120005,72.33,PAYER EFT
2025-11-20,EFT20251120009,115.74,PAYER EFT
2025-11-20,EFT20251120010,72.33,PAYER EFT
2025-11-20,EFT20251120011,190.96,PAYER EFT
2025-11-20,EFT20251120013,71.75,PAYER EFT
2025-11-20,EFT20251120014,857.45,PAYER EFT
2025-11-20,EFT20251120020,353.82,PAYER EFT
2025-11-20,EFT20251120021,57.86,PAYER EFT
2025-11-20,EFT20251120023,300.18,PAYER EFT
2025-11-20,EFT20251120027,47.01,PAYER EFT
2025-11-20,EFT20251120029,102.82,PAYER EFT
2025-11-20,EFT20251120031,954.82,PAYER EFT
2025-11-20,EFT20251120032,144.67,PAYER EFT
2025-11-20,EFT20251120037,152.9,PAYER EFT
2025-11-20,EFT20251120039,190.96,PAYER EFT
2025-11-21,EFT20251121000,211.13,PAYER EFT
2025-11-21,EFT20251121002,115.56,PAYER EFT
2025-11-21,EFT20251121003,91.26,PAYER EFT
2025-11-21,EFT20251121004,119.35,PAYER EFT
2025-11-21,EFT20251121005,60.76,PAYER EFT
2025-11-21,EFT20251121007,588.3,PAYER EFT
2025-11-21,EFT20251121015,34.54,PAYER EFT
2025-11-21,EFT20251121024,144.67,PAYER EFT
2025-11-21,EFT20251121030,809.59,PAYER EFT
2025-11-21,EFT20251121032,141.02,PAYER EFT
2025-11-21,EFT20251121038,115.74,PAYER EFT
2025-11-22,EFT20251122000,248.38,PAYER EFT
2025-11-22,EFT20251122006,78.8,PAYER EFT
2025-11-22,EFT20251122015,70.16,PAYER EFT
2025-11-22,EFT20251122018,834.63,PAYER EFT
2025-11-22,EFT20251122028,35.61,PAYER EFT
2025-11-22,EFT20251122029,257.07,PAYER EFT
2025-11-22,EFT20251122034,400.62,PAYER EFT
2025-11-22,EFT20251122036,169.15,PAYER EFT
2025-11-23,EFT20251123000,58.76,PAYER EFT
2025-11-23,EFT20251123002,48.3,PAYER EFT
2025-11-23,EFT20251123003,247.85,PAYER EFT
2025-11-23,EFT20251123004,764.3,PAYER EFT
2025-11-23,EFT20251123006,221.36,PAYER EFT
2025-11-23,EFT20251123008,144.67,PAYER EFT
2025-11-23,EFT20251123009,38.95,PAYER EFT
2025-11-23,EFT20251123012,102.09,PAYER EFT
2025-11-23,EFT20251123021,945.91,PAYER EFT
2025-11-23,EFT20251123022,136.57,PAYER EFT
2025-11-23,EFT20251123027,945.91,PAYER EFT
2025-11-23,EFT20251123028,194.84,PAYER EFT
2025-11-23,EFT20251123032,142.49,PAYER EFT
2025-11-23,EFT20251123036,41.18,PAYER EFT
2025-11-23,EFT20251123037,645.5,PAYER EFT
2025-11-24,EFT20251124009,47.95,PAYER EFT
2025-11-24,EFT20251124014,170.71,PAYER EFT
2025-11-24,EFT20251124015,561.32,PAYER EFT
2025-11-24,EFT20251124016,144.67,PAYER EFT
2025-11-24,EFT20251124019,66.24,PAYER EFT
2025-11-24,EFT20251124023,187.28,PAYER EFT
2025-11-24,EFT20251124029,22.08,PAYER EFT
2025-11-24,EFT20251124032,306.43,PAYER EFT
2025-11-25,EFT20251125000,170.71,PAYER EFT
2025-11-25,EFT20251125002,140.33,PAYER EFT
2025-11-25,EFT20251125007,853.55,PAYER EFT
2025-11-25,EFT20251125014,224.08,PAYER EFT
2025-11-25,EFT20251125019,606.5,PAYER EFT
2025-11-25,EFT20251125020,106.83,PAYER EFT
2025-11-25,EFT20251125022,195.3,PAYER EFT
2025-11-25,EFT20251125023,52.53,PAYER EFT
2025-11-25,EFT20251125026,27.6,PAYER EFT
2025-11-25,EFT20251125031,1406.19,PAYER EFT
2025-11-25,EFT20251125033,187.49,PAYER EFT
2025-11-25,EFT20251125034,146.89,PAYER EFT
2025-11-25,EFT20251125036,125.75,PAYER EFT
2025-11-25,EFT20251125038,43.18,PAYER EFT
2025-11-26,EFT20251126000,44.85,PAYER EFT
2025-11-26,EFT20251126003,415.42,PAYER EFT
2025-11-26,EFT20251126013,24.15,PAYER EFT
2025-11-26,EFT20251126020,117.51,PAYER EFT
2025-11-26,EFT20251126021,800.58,PAYER EFT
2025-11-26,EFT20251126024,188.77,PAYER EFT
2025-11-26,EFT20251126027,300.82,PAYER EFT
2025-11-26,EFT20251126030,131.09,PAYER EFT
2025-11-26,EFT20251126035,104.87,PAYER EFT
2025-11-27,EFT20251127003,1101.71,PAYER EFT
2025-11-27,EFT20251127004,485.2,PAYER EFT
2025-11-27,EFT20251127006,230.02,PAYER EFT
2025-11-27,EFT20251127007,64.99,PAYER EFT
2025-11-27,EFT20251127013,190.96,PAYER EFT
2025-11-27,EFT20251127014,472.74,PAYER EFT
2025-11-27,EFT20251127017,153.52,PAYER EFT
2025-11-27,EFT20251127018,255.95,PAYER EFT
2025-11-27,EFT20251127020,800.58,PAYER EFT
2025-11-27,EFT20251127022,180.73,PAYER EFT
2025-11-27,EFT20251127028,152.77,PAYER EFT
2025-11-27,EFT20251127039,95.48,PAYER EFT
2025-11-28,EFT20251128002,71.75,PAYER EFT
2025-11-28,EFT20251128003,57.86,PAYER EFT
2025-11-28,EFT20251128004,71.75,PAYER EFT
2025-11-28,EFT20251128009,34.54,PAYER EFT
2025-11-28,EFT20251128012,853.55,PAYER EFT
2025-11-28,EFT20251128014,376.03,PAYER EFT
2025-11-28,EFT20251128015,295.79,PAYER EFT
2025-11-28,EFT20251128021,115.74,PAYER EFT
2025-11-28,EFT20251128023,85.46,PAYER EFT
2025-11-28,EFT20251128025,106.83,PAYER EFT
2025-11-28,EFT20251128032,27.6,PAYER EFT
2025-11-28,EFT20251128033,169.24,PAYER EFT
2025-11-28,EFT20251128034,81.21,PAYER EFT
2025-11-28,EFT20251128035,122.41,PAYER EFT
2025-11-29,EFT20251129000,56.13,PAYER EFT
2025-11-29,EFT20251129003,96.59,PAYER EFT
2025-11-29,EFT20251129010,115.74,PAYER EFT
2025-11-29,EFT20251129017,347.2,PAYER EFT
2025-11-29,EFT20251129019,107.95,PAYER EFT
2025-11-29,EFT20251129024,85.46,PAYER EFT
2025-11-29,EFT20251129035,47.95,PAYER EFT
2025-11-30,EFT20251130003,144.67,PAYER EFT
2025-11-30,EFT20251130004,756.73,PAYER EFT
2025-11-30,EFT20251130006,105.06,PAYER EFT
2025-11-30,EFT20251130009,43.18,PAYER EFT
2025-11-30,EFT20251130011,48.3,PAYER EFT
2025-11-30,EFT20251130013,61.87,PAYER EFT
2025-11-30,EFT20251130015,183.84,PAYER EFT
2025-11-30,EFT20251130017,112.26,PAYER EFT
2025-11-30,EFT20251130018,106.83,PAYER EFT
2025-11-30,EFT20251130020,273.31,PAYER EFT
2025-11-30,EFT20251130021,52.53,PAYER EFT
2025-11-30,EFT20251130024,205.66,PAYER EFT
2025-11-30,EFT20251130025,485.75,PAYER EFT
2025-11-30,EFT20251130026,106.83,PAYER EFT
2025-11-30,EFT20251130028,131.32,PAYER EFT
2025-11-30,EFT20251130030,152.77,PAYER EFT
2025-11-30,EFT20251130033,40.3,PAYER EFT
2025-11-30,EFT20251130036,190.96,PAYER EFT
2025-11-30,EFT20251130039,104.87,PAYER EFT
2025-12-01,EFT20251201000,107.95,PAYER EFT
2025-12-01,EFT20251201003,81.67,PAYER EFT
2025-12-01,EFT20251201005,881.37,PAYER EFT
2025-12-01,EFT20251201007,422.32,PAYER EFT
2025-12-01,EFT20251201008,146.89,PAYER EFT
2025-12-01,EFT20251201010,166.02,PAYER EFT
2025-12-01,EFT20251201011,255.95,PAYER EFT
2025-12-01,EFT20251201014,81.24,PAYER EFT
2025-12-01,EFT20251201015,194.75,PAYER EFT
2025-12-01,EFT20251201016,723.35,PAYER EFT
2025-12-01,EFT20251201023,89.69,PAYER EFT
2025-12-01,EFT20251201035,115.74,PAYER EFT
2025-12-02,EFT20251202000,115.74,PAYER EFT
2025-12-02,EFT20251202001,60.02,PAYER EFT
2025-12-02,EFT20251202003,514.13,PAYER EFT
2025-12-02,EFT20251202006,528.82,PAYER EFT
2025-12-02,EFT20251202008,161.58,PAYER EFT
2025-12-02,EFT20251202010,72.33,PAYER EFT
2025-12-02,EFT20251202011,44.85,PAYER EFT
2025-12-02,EFT20251202013,69,PAYER EFT
2025-12-02,EFT20251202017,723.35,PAYER EFT
2025-12-02,EFT20251202019,144.45,PAYER EFT
2025-12-02,EFT20251202022,75.95,PAYER EFT
2025-12-02,EFT20251202023,509.46,PAYER EFT
2025-12-02,EFT20251202029,229.8,PAYER EFT
2025-12-02,EFT20251202032,194.75,PAYER EFT
2025-12-02,EFT20251202033,42.02,PAYER EFT
2025-12-02,EFT20251202034,95.48,PAYER EFT
2025-12-02,EFT20251202037,136.57,PAYER EFT
2025-12-02,EFT20251202038,128.53,PAYER EFT
2025-12-02,EFT20251202039,111.28,PAYER EFT
2025-12-03,EFT20251203000,146.24,PAYER EFT
2025-12-03,EFT20251203003,30.22,PAYER EFT
2025-12-03,EFT20251203010,211.44,PAYER EFT
2025-12-03,EFT20251203013,232.53,PAYER EFT
2025-12-03,EFT20251203014,85.35,PAYER EFT
2025-12-03,EFT20251203018,460.96,PAYER EFT
2025-12-03,EFT20251203019,606.5,PAYER EFT
2025-12-03,EFT20251203026,78.8,PAYER EFT
2025-12-03,EFT20251203034,630.98,PAYER EFT
2025-12-03,EFT20251203035,194.75,PAYER EFT
2025-12-04,EFT20251204001,43.18,PAYER EFT
2025-12-04,EFT20251204006,459.6,PAYER EFT
2025-12-04,EFT20251204007,509.46,PAYER EFT
2025-12-04,EFT20251204014,81.24,PAYER EFT
2025-12-04,EFT20251204015,50.37,PAYER EFT
2025-12-04,EFT20251204016,39.94,PAYER EFT
2025-12-04,EFT20251204020,279.1,PAYER EFT
2025-12-04,EFT20251204025,190.96,PAYER EFT
2025-12-04,EFT20251204027,85.46,PAYER EFT
2025-12-04,EFT20251204035,47.95,PAYER EFT
2025-12-05,EFT20251205004,155.8,PAYER EFT
2025-12-05,EFT20251205009,30.22,PAYER EFT
2025-12-05,EFT20251205015,35.88,PAYER EFT
2025-12-05,EFT20251205023,75.56,PAYER EFT
2025-12-05,EFT20251205028,152.77,PAYER EFT
2025-12-05,EFT20251205031,261.3,PAYER EFT
2025-12-05,EFT20251205036,485.2,PAYER EFT
2025-12-06,EFT20251206000,211.44,PAYER EFT
2025-12-06,EFT20251206001,310.48,PAYER EFT
2025-12-06,EFT20251206006,144.67,PAYER EFT
2025-12-06,EFT20251206009,136.57,PAYER EFT
2025-12-06,EFT20251206012,400.34,PAYER EFT
2025-12-06,EFT20251206015,97.93,PAYER EFT
2025-12-06,EFT20251206016,112.26,PAYER EFT
2025-12-06,EFT20251206020,297.79,PAYER EFT
2025-12-06,EFT20251206025,634.6,PAYER EFT
2025-12-06,EFT20251206026,172.5,PAYER EFT
2025-12-06,EFT20251206027,44.51,PAYER EFT
2025-12-07,EFT20251207000,82.26,PAYER EFT
2025-12-07,EFT20251207001,408.97,PAYER EFT
2025-12-07,EFT20251207003,319.94,PAYER EFT
2025-12-07,EFT20251207004,85.46,PAYER EFT
2025-12-07,EFT20251207005,164.08,PAYER EFT
2025-12-07,EFT20251207009,144.67,PAYER EFT
2025-12-07,EFT20251207016,75.02,PAYER EFT
2025-12-07,EFT20251207023,112.26,PAYER EFT
2025-12-07,EFT20251207026,76.38,PAYER EFT
2025-12-07,EFT20251207031,89.69,PAYER EFT
2025-12-07,EFT20251207033,257.07,PAYER EFT
2025-12-07,EFT20251207036,337.86,PAYER EFT
2025-12-07,EFT20251207038,954.82,PAYER EFT
2025-12-07,EFT20251207039,954.82,PAYER EFT
2025-12-08,EFT20251208000,57.86,PAYER EFT
2025-12-08,EFT20251208005,190.96,PAYER EFT
2025-12-08,EFT20251208007,106.83,PAYER EFT
2025-12-08,EFT20251208008,190.85,PAYER EFT
2025-12-08,EFT20251208013,588.3,PAYER EFT
2025-12-08,EFT20251208018,82.9,PAYER EFT
2025-12-08,EFT20251208020,77.34,PAYER EFT
2025-12-08,EFT20251208021,862.45,PAYER EFT
2025-12-08,EFT20251208025,853.55,PAYER EFT
2025-12-08,EFT20251208027,115.74,PAYER EFT
2025-12-08,EFT20251208031,65.81,PAYER EFT
2025-12-08,EFT20251208037,402.2,PAYER EFT
2025-12-08,EFT20251208038,215.22,PAYER EFT
2025-12-08,EFT20251208039,58.83,PAYER EFT
2025-12-09,EFT20251209002,140.33,PAYER EFT
2025-12-09,EFT20251209009,86.36,PAYER EFT
2025-12-09,EFT20251209010,37.78,PAYER EFT
2025-12-09,EFT20251209011,190.96,PAYER EFT
2025-12-09,EFT20251209012,85.46,PAYER EFT
2025-12-09,EFT20251209019,211.44,PAYER EFT
2025-12-09,EFT20251209020,530.58,PAYER EFT
2025-12-09,EFT20251209021,72.33,PAYER EFT
2025-12-09,EFT20251209022,81.24,PAYER EFT
2025-12-09,EFT20251209024,248.83,PAYER EFT
2025-12-09,EFT20251209027,310.34,PAYER EFT
2025-12-09,EFT20251209035,921.65,PAYER EFT
2025-12-09,EFT20251209037,89.02,PAYER EFT
2025-12-09,EFT20251209039,76.69,PAYER EFT
2025-12-10,EFT20251210005,310.34,PAYER EFT
2025-12-10,EFT20251210006,117.51,PAYER EFT
2025-12-10,EFT20251210011,126.77,PAYER EFT
2025-12-10,EFT20251210012,37.78,PAYER EFT
2025-12-10,EFT20251210015,97.37,PAYER EFT
2025-12-10,EFT20251210016,77.9,PAYER EFT
2025-12-10,EFT20251210022,194.75,PAYER EFT
2025-12-10,EFT20251210023,155.8,PAYER EFT
2025-12-10,EFT20251210026,144.67,PAYER EFT
2025-12-10,EFT20251210033,274.62,PAYER EFT
2025-12-11,EFT20251211001,76.38,PAYER EFT
2025-12-11,EFT20251211005,588.3,PAYER EFT
2025-12-11,EFT20251211006,323.62,PAYER EFT
2025-12-11,EFT20251211009,68.28,PAYER EFT
2025-12-11,EFT20251211012,50.37,PAYER EFT
2025-12-11,EFT20251211013,72.33,PAYER EFT
2025-12-11,EFT20251211017,954.82,PAYER EFT
2025-12-11,EFT20251211020,72.33,PAYER EFT
2025-12-11,EFT20251211028,102.09,PAYER EFT
2025-12-11,EFT20251211029,117.51,PAYER EFT
2025-12-11,EFT20251211035,772.89,PAYER EFT
2025-12-11,EFT20251211036,115.74,PAYER EFT
2025-12-11,EFT20251211039,183.84,PAYER EFT
2025-12-12,EFT20251212000,107.95,PAYER EFT
2025-12-12,EFT20251212001,201.99,PAYER EFT
2025-12-12,EFT20251212003,800.58,PAYER EFT
2025-12-12,EFT20251212006,35.61,PAYER EFT
2025-12-12,EFT20251212008,881.37,PAYER EFT
2025-12-12,EFT20251212009,56.13,PAYER EFT
2025-12-12,EFT20251212014,61.87,PAYER EFT
2025-12-12,EFT20251212015,51.41,PAYER EFT
2025-12-12,EFT20251212016,112.26,PAYER EFT
2025-12-12,EFT20251212019,81.24,PAYER EFT
2025-12-12,EFT20251212020,945.91,PAYER EFT
2025-12-12,EFT20251212025,81.24,PAYER EFT
2025-12-12,EFT20251212028,715.67,PAYER EFT
2025-12-12,EFT20251212035,359.61,PAYER EFT
2025-12-12,EFT20251212036,268.75,PAYER EFT
2025-12-13,EFT20251213001,35.61,PAYER EFT
2025-12-13,EFT20251213002,91.26,PAYER EFT
2025-12-13,EFT20251213005,123.74,PAYER EFT
2025-12-13,EFT20251213010,112.26,PAYER EFT
2025-12-13,EFT20251213012,81.67,PAYER EFT
2025-12-13,EFT20251213018,289.34,PAYER EFT
2025-12-13,EFT20251213019,47.95,PAYER EFT
2025-12-13,EFT20251213021,85.35,PAYER EFT
2025-12-13,EFT20251213022,144.67,PAYER EFT
2025-12-13,EFT20251213024,146.89,PAYER EFT
2025-12-13,EFT20251213025,319.94,PAYER EFT
2025-12-13,EFT20251213027,306.46,PAYER EFT
2025-12-13,EFT20251213031,81.24,PAYER EFT
2025-12-13,EFT20251213035,106.83,PAYER EFT
2025-12-13,EFT20251213037,701.65,PAYER EFT
2025-12-13,EFT20251213038,834.63,PAYER EFT
2025-12-14,EFT20251214000,954.82,PAYER EFT
2025-12-14,EFT20251214003,104.87,PAYER EFT
2025-12-14,EFT20251214008,72.33,PAYER EFT
2025-12-14,EFT20251214013,75.9,PAYER EFT
2025-12-14,EFT20251214016,272.86,PAYER EFT
2025-12-14,EFT20251214018,41.18,PAYER EFT
2025-12-14,EFT20251214022,350.99,PAYER EFT
2025-12-14,EFT20251214029,164.08,PAYER EFT
2025-12-14,EFT20251214031,60.02,PAYER EFT
2025-12-14,EFT20251214035,35.61,PAYER EFT
2025-12-15,EFT20251215007,70.16,PAYER EFT
2025-12-15,EFT20251215008,66.24,PAYER EFT
2025-12-15,EFT20251215009,42.02,PAYER EFT
2025-12-15,EFT20251215010,47.01,PAYER EFT
2025-12-15,EFT20251215012,47.01,PAYER EFT
2025-12-15,EFT20251215013,613.28,PAYER EFT
2025-12-15,EFT20251215015,126.06,PAYER EFT
2025-12-15,EFT20251215022,146.89,PAYER EFT
2025-12-15,EFT20251215029,38.95,PAYER EFT
2025-12-15,EFT20251215034,141.02,PAYER EFT
2025-12-16,EFT20251216006,106.83,PAYER EFT
2025-12-16,EFT20251216008,82.9,PAYER EFT
2025-12-16,EFT20251216010,930.89,PAYER EFT
2025-12-16,EFT20251216022,50.37,PAYER EFT
2025-12-16,EFT20251216025,578.68,PAYER EFT
2025-12-16,EFT20251216026,247.06,PAYER EFT
2025-12-16,EFT20251216028,255.95,PAYER EFT
2025-12-16,EFT20251216030,339.01,PAYER EFT
2025-12-16,EFT20251216037,85.46,PAYER EFT
2025-12-17,EFT20251217006,81.67,PAYER EFT
2025-12-17,EFT20251217014,183.84,PAYER EFT
2025-12-17,EFT20251217022,650.7,PAYER EFT
2025-12-17,EFT20251217023,117.51,PAYER EFT
2025-12-17,EFT20251217028,43.48,PAYER EFT
2025-12-17,EFT20251217031,594.59,PAYER EFT
2025-12-17,EFT20251217034,175.4,PAYER EFT
2025-12-18,EFT20251218004,194.75,PAYER EFT
2025-12-18,EFT20251218008,25.53,PAYER EFT
2025-12-18,EFT20251218014,47.01,PAYER EFT
2025-12-18,EFT20251218018,194.75,PAYER EFT
2025-12-18,EFT20251218020,68.28,PAYER EFT
2025-12-18,EFT20251218025,421.71,PAYER EFT
2025-12-18,EFT20251218030,106.83,PAYER EFT
2025-12-18,EFT20251218031,155.8,PAYER EFT
2025-12-19,EFT20251219001,612.37,PAYER EFT
2025-12-19,EFT20251219002,144.67,PAYER EFT
2025-12-19,EFT20251219007,388.6,PAYER EFT
2025-12-19,EFT20251219013,38.87,PAYER EFT
2025-12-19,EFT20251219019,57.86,PAYER EFT
2025-12-19,EFT20251219027,95.86,PAYER EFT
2025-12-19,EFT20251219029,77.34,PAYER EFT
2025-12-19,EFT20251219035,853.55,PAYER EFT
2025-12-19,EFT20251219036,111.28,PAYER EFT
2025-12-20,EFT20251220005,164.08,PAYER EFT
2025-12-20,EFT20251220013,194.75,PAYER EFT
2025-12-20,EFT20251220014,702.99,PAYER EFT
2025-12-20,EFT20251220017,500.78,PAYER EFT
2025-12-20,EFT20251220023,82.26,PAYER EFT
2025-12-20,EFT20251220025,115.74,PAYER EFT
2025-12-20,EFT20251220027,58.83,PAYER EFT
2025-12-20,EFT20251220030,39.94,PAYER EFT
2025-12-20,EFT20251220032,89.02,PAYER EFT
2025-12-20,EFT20251220035,500.78,PAYER EFT
2025-12-20,EFT20251220037,69,PAYER EFT
2025-12-20,EFT20251220038,57.86,PAYER EFT
2025-12-21,EFT20251221000,319.94,PAYER EFT
2025-12-21,EFT20251221001,528.82,PAYER EFT
2025-12-21,EFT20251221004,47.95,PAYER EFT
2025-12-21,EFT20251221010,1028.82,PAYER EFT
2025-12-21,EFT20251221024,31.16,PAYER EFT
2025-12-21,EFT20251221030,665.64,PAYER EFT
2025-12-21,EFT20251221038,31.16,PAYER EFT
2025-12-21,EFT20251221039,82.26,PAYER EFT
2025-12-22,EFT20251222005,77.34,PAYER EFT
2025-12-22,EFT20251222007,144.67,PAYER EFT
2025-12-22,EFT20251222008,38.36,PAYER EFT
2025-12-22,EFT20251222010,38.87,PAYER EFT
2025-12-22,EFT20251222011,459.6,PAYER EFT
2025-12-22,EFT20251222012,249.5,PAYER EFT
2025-12-22,EFT20251222014,31.95,PAYER EFT
2025-12-22,EFT20251222017,152.77,PAYER EFT
2025-12-22,EFT20251222020,103.63,PAYER EFT
2025-12-22,EFT20251222029,257.07,PAYER EFT
2025-12-22,EFT20251222030,647.67,PAYER EFT
2025-12-22,EFT20251222038,205.1,PAYER EFT
2025-12-23,EFT20251223009,661.03,PAYER EFT
2025-12-23,EFT20251223010,122.41,PAYER EFT
2025-12-23,EFT20251223015,77.34,PAYER EFT
2025-12-23,EFT20251223016,107.95,PAYER EFT
2025-12-23,EFT20251223017,73.01,PAYER EFT
2025-12-23,EFT20251223019,39.94,PAYER EFT
2025-12-23,EFT20251223020,151.13,PAYER EFT
2025-12-23,EFT20251223023,241.49,PAYER EFT
2025-12-23,EFT20251223025,85.35,PAYER EFT
2025-12-23,EFT20251223031,141.02,PAYER EFT
2025-12-23,EFT20251223032,112.26,PAYER EFT
2025-12-24,EFT20251224000,75.02,PAYER EFT
2025-12-24,EFT20251224001,248.27,PAYER EFT
2025-12-24,EFT20251224007,606.5,PAYER EFT
2025-12-24,EFT20251224012,55.2,PAYER EFT
2025-12-24,EFT20251224013,102.09,PAYER EFT
2025-12-24,EFT20251224016,242.67,PAYER EFT
2025-12-24,EFT20251224022,590.92,PAYER EFT
2025-12-24,EFT20251224024,588.3,PAYER EFT
2025-12-24,EFT20251224025,106.83,PAYER EFT
2025-12-24,EFT20251224029,1449.69,PAYER EFT
2025-12-24,EFT20251224032,954.82,PAYER EFT
2025-12-24,EFT20251224033,954.82,PAYER EFT
2025-12-24,EFT20251224035,35.61,PAYER EFT
2025-12-24,EFT20251224036,151.16,PAYER EFT
2025-12-24,EFT20251224038,169.15,PAYER EFT
2025-12-25,EFT20251225008,884.71,PAYER EFT
2025-12-25,EFT20251225014,257.07,PAYER EFT
2025-12-25,EFT20251225020,194.75,PAYER EFT
2025-12-25,EFT20251225022,31.16,PAYER EFT
2025-12-25,EFT20251225025,115.74,PAYER EFT
2025-12-25,EFT20251225029,255.95,PAYER EFT
2025-12-25,EFT20251225035,352.77,PAYER EFT
2025-12-25,EFT20251225036,38.95,PAYER EFT
2025-12-25,EFT20251225037,95.48,PAYER EFT
2025-12-25,EFT20251225038,89.69,PAYER EFT
2025-12-26,EFT20251226000,36.77,PAYER EFT
2025-12-26,EFT20251226005,95.86,PAYER EFT
2025-12-26,EFT20251226006,300.82,PAYER EFT
2025-12-26,EFT20251226013,800.69,PAYER EFT
2025-12-26,EFT20251226018,96.59,PAYER EFT
2025-12-26,EFT20251226019,85.35,PAYER EFT
2025-12-26,EFT20251226025,368.2,PAYER EFT
2025-12-26,EFT20251226032,120.74,PAYER EFT
2025-12-26,EFT20251226034,420.66,PAYER EFT
2025-12-26,EFT20251226035,271.81,PAYER EFT
2025-12-26,EFT20251226036,55.2,PAYER EFT
2025-12-27,EFT20251227002,229.8,PAYER EFT
2025-12-27,EFT20251227010,42.02,PAYER EFT
2025-12-27,EFT20251227011,131.32,PAYER EFT
2025-12-27,EFT20251227016,151.12,PAYER EFT
2025-12-27,EFT20251227019,917.54,PAYER EFT
2025-12-27,EFT20251227020,44.51,PAYER EFT
2025-12-27,EFT20251227021,35.61,PAYER EFT
2025-12-27,EFT20251227024,106.83,PAYER EFT
2025-12-27,EFT20251227032,853.55,PAYER EFT
2025-12-27,EFT20251227037,97.37,PAYER EFT
2025-12-27,EFT20251227039,311.59,PAYER EFT
2025-12-28,EFT20251228001,152.77,PAYER EFT
2025-12-28,EFT20251228005,136.57,PAYER EFT
2025-12-28,EFT20251228006,640.46,PAYER EFT
2025-12-28,EFT20251228007,194.75,PAYER EFT
2025-12-28,EFT20251228008,400.62,PAYER EFT
2025-12-28,EFT20251228012,70.16,PAYER EFT
2025-12-28,EFT20251228018,60.76,PAYER EFT
2025-12-28,EFT20251228019,194.75,PAYER EFT
2025-12-28,EFT20251228021,163.58,PAYER EFT
2025-12-28,EFT20251228022,85.78,PAYER EFT
2025-12-28,EFT20251228025,183.03,PAYER EFT
2025-12-28,EFT20251228028,319.94,PAYER EFT
2025-12-28,EFT20251228034,151.12,PAYER EFT
2025-12-28,EFT20251228035,136.57,PAYER EFT
2025-12-29,EFT20251229011,514.13,PAYER EFT
2025-12-29,EFT20251229018,52.99,PAYER EFT
2025-12-29,EFT20251229019,144.67,PAYER EFT
2025-12-29,EFT20251229020,311.59,PAYER EFT
2025-12-29,EFT20251229021,853.55,PAYER EFT
2025-12-29,EFT20251229024,72.33,PAYER EFT
2025-12-29,EFT20251229028,132.36,PAYER EFT
2025-12-29,EFT20251229029,416.56,PAYER EFT
2025-12-29,EFT20251229033,41.18,PAYER EFT
2025-12-29,EFT20251229034,361.12,PAYER EFT
2025-12-29,EFT20251229035,44.85,PAYER EFT
2025-12-30,EFT20251230003,65.81,PAYER EFT
2025-12-30,EFT20251230009,44.51,PAYER EFT
2025-12-30,EFT20251230011,52.53,PAYER EFT
2025-12-30,EFT20251230012,43.18,PAYER EFT
2025-12-30,EFT20251230013,544.18,PAYER EFT
2025-12-30,EFT20251230014,772.31,PAYER EFT
2025-12-30,EFT20251230016,190.96,PAYER EFT
2025-12-30,EFT20251230024,667.7,PAYER EFT
2025-12-30,EFT20251230033,114.9,PAYER EFT
2025-12-31,EFT20251231000,448.47,PAYER EFT
2025-12-31,EFT20251231003,625.53,PAYER EFT
2025-12-31,EFT20251231007,1248.61,PAYER EFT
2025-12-31,EFT20251231008,107.23,PAYER EFT
2025-12-31,EFT20251231009,370.24,PAYER EFT
2025-12-31,EFT20251231011,111.28,PAYER EFT
2025-12-31,EFT20251231014,190.08,PAYER EFT
2025-12-31,EFT20251231016,1116.18,PAYER EFT
2025-12-31,EFT20251231017,302.24,PAYER EFT
2025-12-31,EFT20251231019,220.06,PAYER EFT
2025-12-31,EFT20251231025,945.91,PAYER EFT
2025-12-31,EFT20251231026,211.44,PAYER EFT
2025-12-31,EFT20251231027,193.19,PAYER EFT
2025-12-31,EFT20251231028,72.33,PAYER EFT
2025-12-31,EFT20251231029,244.35,PAYER EFT
2025-12-31,EFT20251231033,31.16,PAYER EFT
2025-12-31,EFT20251231036,71.75,PAYER EFT
2026-01-01,EFT20260101000,38.36,PAYER EFT
2026-01-01,EFT20260101001,377.81,PAYER EFT
2026-01-01,EFT20260101004,588.3,PAYER EFT
2026-01-01,EFT20260101005,853.55,PAYER EFT
2026-01-01,EFT20260101007,122.41,PAYER EFT
2026-01-01,EFT20260101011,77.34,PAYER EFT
2026-01-01,EFT20260101012,77.34,PAYER EFT
2026-01-01,EFT20260101013,103.63,PAYER EFT
2026-01-01,EFT20260101015,81.67,PAYER EFT
2026-01-01,EFT20260101023,249.5,PAYER EFT
2026-01-01,EFT20260101025,389.49,PAYER EFT
2026-01-01,EFT20260101035,578.68,PAYER EFT
2026-01-01,EFT20260101036,286.34,PAYER EFT
2026-01-02,EFT20260102003,188.9,PAYER EFT
2026-01-02,EFT20260102004,58.76,PAYER EFT
2026-01-02,EFT20260102005,169.15,PAYER EFT
2026-01-02,EFT20260102019,205.66,PAYER EFT
2026-01-02,EFT20260102023,188.9,PAYER EFT
2026-01-02,EFT20260102025,389.49,PAYER EFT
2026-01-02,EFT20260102031,467.87,PAYER EFT
2026-01-02,EFT20260102036,459.6,PAYER EFT
2026-01-03,EFT20260103003,289.34,PAYER EFT
2026-01-03,EFT20260103012,302.02,PAYER EFT
2026-01-03,EFT20260103013,66.24,PAYER EFT
2026-01-03,EFT20260103014,38.36,PAYER EFT
2026-01-03,EFT20260103017,126.06,PAYER EFT
2026-01-03,EFT20260103022,103.63,PAYER EFT
2026-01-03,EFT20260103023,377.81,PAYER EFT
2026-01-03,EFT20260103033,377.53,PAYER EFT
2026-01-03,EFT20260103035,93.74,PAYER EFT
2026-01-03,EFT20260103037,104.87,PAYER EFT
2026-01-03,EFT20260103038,389.49,PAYER EFT
2026-01-03,EFT20260103039,122.41,PAYER EFT
2026-01-04,EFT20260104007,77.34,PAYER EFT
2026-01-04,EFT20260104010,131.09,PAYER EFT
2026-01-04,EFT20260104024,459.6,PAYER EFT
2026-01-04,EFT20260104027,41.13,PAYER EFT
2026-01-04,EFT20260104030,76.69,PAYER EFT
2026-01-04,EFT20260104035,112.26,PAYER EFT
2026-01-04,EFT20260104038,252.75,PAYER EFT
2026-01-05,EFT20260105001,60.02,PAYER EFT
2026-01-05,EFT20260105002,500.78,PAYER EFT
2026-01-05,EFT20260105005,41.13,PAYER EFT
2026-01-05,EFT20260105006,128.03,PAYER EFT
2026-01-05,EFT20260105007,256.65,PAYER EFT
2026-01-05,EFT20260105010,472.74,PAYER EFT
2026-01-05,EFT20260105011,66.24,PAYER EFT
2026-01-05,EFT20260105016,144.67,PAYER EFT
2026-01-05,EFT20260105020,44.51,PAYER EFT
2026-01-05,EFT20260105021,190.96,PAYER EFT
2026-01-05,EFT20260105022,234.79,PAYER EFT
2026-01-05,EFT20260105027,38.64,PAYER EFT
2026-01-05,EFT20260105029,568.76,PAYER EFT
2026-01-05,EFT20260105030,140.33,PAYER EFT
2026-01-05,EFT20260105034,43.18,PAYER EFT
2026-01-05,EFT20260105037,73.01,PAYER EFT
2026-01-06,EFT20260106001,274.74,PAYER EFT
2026-01-06,EFT20260106003,144.67,PAYER EFT
2026-01-06,EFT20260106009,1666.48,PAYER EFT
2026-01-06,EFT20260106014,136.57,PAYER EFT
2026-01-06,EFT20260106016,97.37,PAYER EFT
2026-01-06,EFT20260106018,102.09,PAYER EFT
2026-01-06,EFT20260106023,85.46,PAYER EFT
2026-01-06,EFT20260106024,211.44,PAYER EFT
2026-01-06,EFT20260106031,377.8,PAYER EFT
2026-01-06,EFT20260106032,942,PAYER EFT
2026-01-06,EFT20260106035,188.9,PAYER EFT
2026-01-06,EFT20260106036,91.26,PAYER EFT
2026-01-06,EFT20260106037,132.78,PAYER EFT
2026-01-07,EFT20260107007,89.02,PAYER EFT
2026-01-07,EFT20260107008,61.87,PAYER EFT
2026-01-07,EFT20260107012,151.12,PAYER EFT
2026-01-07,EFT20260107016,102.09,PAYER EFT
2026-01-07,EFT20260107017,85.46,PAYER EFT
2026-01-07,EFT20260107018,95.86,PAYER EFT
2026-01-07,EFT20260107030,38.95,PAYER EFT
2026-01-07,EFT20260107031,38.95,PAYER EFT
2026-01-07,EFT20260107032,72.33,PAYER EFT
2026-01-07,EFT20260107038,188.9,PAYER EFT
2026-01-08,EFT20260108001,500.78,PAYER EFT
2026-01-08,EFT20260108006,144.67,PAYER EFT
2026-01-08,EFT20260108010,701.65,PAYER EFT
2026-01-08,EFT20260108018,85.35,PAYER EFT
2026-01-08,EFT20260108019,164.08,PAYER EFT
2026-01-08,EFT20260108020,229.8,PAYER EFT
2026-01-08,EFT20260108022,97.37,PAYER EFT
2026-01-08,EFT20260108024,64.99,PAYER EFT
2026-01-08,EFT20260108027,131.32,PAYER EFT
2026-01-08,EFT20260108028,289.93,PAYER EFT
2026-01-08,EFT20260108029,164.08,PAYER EFT
2026-01-08,EFT20260108032,188.9,PAYER EFT
2026-01-08,EFT20260108033,111.28,PAYER EFT
2026-01-08,EFT20260108035,606.5,PAYER EFT
2026-01-08,EFT20260108036,111.28,PAYER EFT
2026-01-08,EFT20260108037,72.33,PAYER EFT
2026-01-09,EFT20260109000,41.18,PAYER EFT
2026-01-09,EFT20260109002,144.67,PAYER EFT
2026-01-09,EFT20260109006,411.19,PAYER EFT
2026-01-09,EFT20260109008,311.59,PAYER EFT
2026-01-09,EFT20260109009,112.82,PAYER EFT
2026-01-09,EFT20260109012,52.99,PAYER EFT
2026-01-09,EFT20260109013,146.89,PAYER EFT
2026-01-09,EFT20260109014,152.77,PAYER EFT
2026-01-09,EFT20260109015,30.91,PAYER EFT
2026-01-09,EFT20260109018,205.1,PAYER EFT
2026-01-09,EFT20260109019,85.35,PAYER EFT
2026-01-09,EFT20260109027,279.1,PAYER EFT
2026-01-09,EFT20260109028,107.23,PAYER EFT
2026-01-09,EFT20260109029,389.49,PAYER EFT
2026-01-09,EFT20260109030,131.09,PAYER EFT
2026-01-09,EFT20260109032,71.4,PAYER EFT
2026-01-09,EFT20260109037,111.28,PAYER EFT
2026-01-09,EFT20260109038,71.75,PAYER EFT
2026-01-09,EFT20260109039,152.77,PAYER EFT
2026-01-10,EFT20260110000,102.09,PAYER EFT
2026-01-10,EFT20260110003,194.75,PAYER EFT
2026-01-10,EFT20260110004,72.33,PAYER EFT
2026-01-10,EFT20260110005,800.58,PAYER EFT
2026-01-10,EFT20260110009,211.44,PAYER EFT
2026-01-10,EFT20260110013,455.15,PAYER EFT
2026-01-10,EFT20260110017,155.8,PAYER EFT
2026-01-10,EFT20260110024,606.5,PAYER EFT
2026-01-10,EFT20260110027,111.28,PAYER EFT
2026-01-10,EFT20260110028,526.6,PAYER EFT
2026-01-10,EFT20260110031,809.59,PAYER EFT
2026-01-10,EFT20260110032,254.86,PAYER EFT
2026-01-10,EFT20260110034,112.82,PAYER EFT
2026-01-10,EFT20260110035,376.03,PAYER EFT
2026-01-10,EFT20260110036,77.34,PAYER EFT
2026-01-10,EFT20260110037,82.9,PAYER EFT
2026-01-10,EFT20260110038,288.56,PAYER EFT
2026-01-10,EFT20260110039,60.02,PAYER EFT
2026-01-11,EFT20260111002,41.18,PAYER EFT
2026-01-11,EFT20260111004,1285.78,PAYER EFT
2026-01-11,EFT20260111005,800.69,PAYER EFT
2026-01-11,EFT20260111007,35.88,PAYER EFT
2026-01-11,EFT20260111012,47.95,PAYER EFT
2026-01-11,EFT20260111016,141.02,PAYER EFT
2026-01-11,EFT20260111020,126.06,PAYER EFT
2026-01-11,EFT20260111023,158.69,PAYER EFT
2026-01-11,EFT20260111024,310.34,PAYER EFT
2026-01-11,EFT20260111028,73.01,PAYER EFT
2026-01-11,EFT20260111030,126.06,PAYER EFT
2026-01-11,EFT20260111031,262.72,PAYER EFT
2026-01-12,EFT20260112002,72.33,PAYER EFT
2026-01-12,EFT20260112006,459.6,PAYER EFT
2026-01-12,EFT20260112008,668.37,PAYER EFT
2026-01-12,EFT20260112013,44.51,PAYER EFT
2026-01-12,EFT20260112014,205.1,PAYER EFT
2026-01-12,EFT20260112016,257.07,PAYER EFT
2026-01-12,EFT20260112021,525.13,PAYER EFT
2026-01-12,EFT20260112024,111.28,PAYER EFT
2026-01-12,EFT20260112025,95.48,PAYER EFT
2026-01-12,EFT20260112029,70.16,PAYER EFT
2026-01-12,EFT20260112033,115.74,PAYER EFT
2026-01-12,EFT20260112035,701.65,PAYER EFT
2026-01-12,EFT20260112038,115.74,PAYER EFT
2026-01-13,EFT20260113000,122.41,PAYER EFT
2026-01-13,EFT20260113003,144.67,PAYER EFT
2026-01-13,EFT20260113005,252.83,PAYER EFT
2026-01-13,EFT20260113007,422.32,PAYER EFT
2026-01-13,EFT20260113011,257.07,PAYER EFT
2026-01-13,EFT20260113012,107.23,PAYER EFT
2026-01-13,EFT20260113016,144.45,PAYER EFT
2026-01-13,EFT20260113022,72.33,PAYER EFT
2026-01-13,EFT20260113029,172.64,PAYER EFT
2026-01-13,EFT20260113032,170.71,PAYER EFT
2026-01-13,EFT20260113035,62.32,PAYER EFT
2026-01-13,EFT20260113036,205.1,PAYER EFT
2026-01-13,EFT20260113037,763.86,PAYER EFT
2026-01-13,EFT20260113039,715.67,PAYER EFT
2026-01-14,EFT20260114001,140.33,PAYER EFT
2026-01-14,EFT20260114004,307.8,PAYER EFT
2026-01-14,EFT20260114008,606.5,PAYER EFT
2026-01-14,EFT20260114011,103.63,PAYER EFT
2026-01-14,EFT20260114012,302.25,PAYER EFT
2026-01-14,EFT20260114014,194.75,PAYER EFT
2026-01-14,EFT20260114015,81.24,PAYER EFT
2026-01-14,EFT20260114018,485.75,PAYER EFT
2026-01-14,EFT20260114019,389.49,PAYER EFT
2026-01-14,EFT20260114024,97.37,PAYER EFT
2026-01-14,EFT20260114026,833.62,PAYER EFT
2026-01-14,EFT20260114027,76.69,PAYER EFT
2026-01-14,EFT20260114030,194.75,PAYER EFT
2026-01-14,EFT20260114033,319.94,PAYER EFT
2026-01-15,EFT20260115001,72.33,PAYER EFT
2026-01-15,EFT20260115005,106.83,PAYER EFT
2026-01-15,EFT20260115006,514.13,PAYER EFT
2026-01-15,EFT20260115007,128.53,PAYER EFT
2026-01-15,EFT20260115019,131.09,PAYER EFT
2026-01-15,EFT20260115022,194.3,PAYER EFT
2026-01-15,EFT20260115028,144.67,PAYER EFT
2026-01-15,EFT20260115031,49.86,PAYER EFT
2026-01-15,EFT20260115035,194.75,PAYER EFT
2026-01-15,EFT20260115036,70.16,PAYER EFT
2026-01-15,EFT20260115037,279.1,PAYER EFT
2026-01-15,EFT20260115038,255.95,PAYER EFT
2026-01-16,EFT20260116002,107.95,PAYER EFT
2026-01-16,EFT20260116004,111.28,PAYER EFT
2026-01-16,EFT20260116010,763.86,PAYER EFT
2026-01-16,EFT20260116012,107.95,PAYER EFT
2026-01-16,EFT20260116013,47.01,PAYER EFT
2026-01-16,EFT20260116019,459.6,PAYER EFT
2026-01-16,EFT20260116020,245.53,PAYER EFT
2026-01-16,EFT20260116021,44.51,PAYER EFT
2026-01-16,EFT20260116024,100.61,PAYER EFT
2026-01-16,EFT20260116025,60.72,PAYER EFT
2026-01-16,EFT20260116028,242.42,PAYER EFT
2026-01-16,EFT20260116030,482.86,PAYER EFT
2026-01-16,EFT20260116031,376.03,PAYER EFT
2026-01-16,EFT20260116032,448.47,PAYER EFT
2026-01-16,EFT20260116033,800.58,PAYER EFT
2026-01-16,EFT20260116038,75.9,PAYER EFT
2026-01-16,EFT20260116039,223.28,PAYER EFT
2026-01-17,EFT20260117008,126.06,PAYER EFT
2026-01-17,EFT20260117011,188.9,PAYER EFT
2026-01-17,EFT20260117012,170.71,PAYER EFT
2026-01-17,EFT20260117021,578.68,PAYER EFT
2026-01-17,EFT20260117030,493.48,PAYER EFT
2026-01-17,EFT20260117031,993.21,PAYER EFT
2026-01-17,EFT20260117033,62.32,PAYER EFT
2026-01-17,EFT20260117036,47.95,PAYER EFT
2026-01-18,EFT20260118003,34.54,PAYER EFT
2026-01-18,EFT20260118004,102.09,PAYER EFT
2026-01-18,EFT20260118005,62.32,PAYER EFT
2026-01-18,EFT20260118008,211.44,PAYER EFT
2026-01-18,EFT20260118009,60.72,PAYER EFT
2026-01-18,EFT20260118011,36.77,PAYER EFT
2026-01-18,EFT20260118016,69,PAYER EFT
2026-01-18,EFT20260118018,107.01,PAYER EFT
2026-01-18,EFT20260118021,413.98,PAYER EFT
2026-01-18,EFT20260118022,377.53,PAYER EFT
2026-01-18,EFT20260118031,422.32,PAYER EFT
2026-01-18,EFT20260118033,161.36,PAYER EFT
2026-01-18,EFT20260118034,155.8,PAYER EFT
2026-01-18,EFT20260118037,194.75,PAYER EFT
2026-01-18,EFT20260118038,51.41,PAYER EFT
2026-01-19,EFT20260119000,60.45,PAYER EFT
2026-01-19,EFT20260119004,61.87,PAYER EFT
2026-01-19,EFT20260119005,559.09,PAYER EFT
2026-01-19,EFT20260119007,723.35,PAYER EFT
2026-01-19,EFT20260119009,470.64,PAYER EFT
2026-01-19,EFT20260119010,81.67,PAYER EFT
2026-01-19,EFT20260119019,464.47,PAYER EFT
2026-01-19,EFT20260119021,570.78,PAYER EFT
2026-01-19,EFT20260119022,984.86,PAYER EFT
2026-01-19,EFT20260119023,701.65,PAYER EFT
2026-01-19,EFT20260119024,94.45,PAYER EFT
2026-01-19,EFT20260119030,381.92,PAYER EFT
2026-01-19,EFT20260119034,155.8,PAYER EFT
2026-01-19,EFT20260119036,578.68,PAYER EFT
2026-01-20,EFT20260120001,70.16,PAYER EFT
2026-01-20,EFT20260120003,140.33,PAYER EFT
2026-01-20,EFT20260120006,152.51,PAYER EFT
2026-01-20,EFT20260120007,1269.03,PAYER EFT
2026-01-20,EFT20260120011,682.84,PAYER EFT
2026-01-20,EFT20260120014,339.02,PAYER EFT
2026-01-20,EFT20260120016,85.35,PAYER EFT
2026-01-20,EFT20260120022,175.15,PAYER EFT
2026-01-20,EFT20260120023,110.99,PAYER EFT
2026-01-20,EFT20260120024,257.07,PAYER EFT
2026-01-20,EFT20260120032,72.33,PAYER EFT
2026-01-20,EFT20260120033,514.13,PAYER EFT
2026-01-20,EFT20260120036,454.53,PAYER EFT
2026-01-21,EFT20260121004,117.51,PAYER EFT
2026-01-21,EFT20260121016,111.28,PAYER EFT
2026-01-21,EFT20260121022,161.58,PAYER EFT
2026-01-21,EFT20260121025,60.76,PAYER EFT
2026-01-21,EFT20260121029,111.28,PAYER EFT
2026-01-21,EFT20260121035,56.13,PAYER EFT
2026-01-22,EFT20260122000,422.32,PAYER EFT
2026-01-22,EFT20260122003,169.15,PAYER EFT
2026-01-22,EFT20260122004,377.81,PAYER EFT
2026-01-22,EFT20260122008,211.44,PAYER EFT
2026-01-22,EFT20260122009,35.61,PAYER EFT
2026-01-22,EFT20260122010,255.95,PAYER EFT
2026-01-22,EFT20260122011,155.8,PAYER EFT
2026-01-22,EFT20260122013,85.46,PAYER EFT
2026-01-22,EFT20260122017,169.15,PAYER EFT
2026-01-22,EFT20260122023,661.03,PAYER EFT
2026-01-22,EFT20260122026,1101.71,PAYER EFT
2026-01-22,EFT20260122027,77.34,PAYER EFT
2026-01-22,EFT20260122030,144.45,PAYER EFT
2026-01-22,EFT20260122034,45.96,PAYER EFT
2026-01-23,EFT20260123006,32.94,PAYER EFT
2026-01-23,EFT20260123007,190.96,PAYER EFT
2026-01-23,EFT20260123009,81.67,PAYER EFT
2026-01-23,EFT20260123013,63.04,PAYER EFT
2026-01-23,EFT20260123014,182.72,PAYER EFT
2026-01-23,EFT20260123016,72.33,PAYER EFT
2026-01-23,EFT20260123017,448.47,PAYER EFT
2026-01-23,EFT20260123018,82.9,PAYER EFT
2026-01-23,EFT20260123019,300.82,PAYER EFT
2026-01-23,EFT20260123023,588.3,PAYER EFT
2026-01-23,EFT20260123027,43.18,PAYER EFT
2026-01-23,EFT20260123030,161.58,PAYER EFT
2026-01-23,EFT20260123032,113.51,PAYER EFT
2026-01-23,EFT20260123038,413.98,PAYER EFT
2026-01-24,EFT20260124004,35.61,PAYER EFT
2026-01-24,EFT20260124008,479.86,PAYER EFT
2026-01-24,EFT20260124012,248.27,PAYER EFT
2026-01-24,EFT20260124014,800.58,PAYER EFT
2026-01-24,EFT20260124023,89.02,PAYER EFT
2026-01-24,EFT20260124024,105.06,PAYER EFT
2026-01-24,EFT20260124026,110.28,PAYER EFT
2026-01-24,EFT20260124027,248.38,PAYER EFT
2026-01-24,EFT20260124030,255.95,PAYER EFT
2026-01-24,EFT20260124035,30.91,PAYER EFT
2026-01-24,EFT20260124038,190.96,PAYER EFT
2026-01-25,EFT20260125004,1116.18,PAYER EFT
2026-01-25,EFT20260125006,319.94,PAYER EFT
2026-01-25,EFT20260125007,51.41,PAYER EFT
2026-01-25,EFT20260125009,41.18,PAYER EFT
2026-01-25,EFT20260125014,436.29,PAYER EFT
2026-01-25,EFT20260125015,60.02,PAYER EFT
2026-01-25,EFT20260125017,64.99,PAYER EFT
2026-01-25,EFT20260125022,146.89,PAYER EFT
2026-01-25,EFT20260125023,140.33,PAYER EFT
2026-01-25,EFT20260125024,155.23,PAYER EFT
2026-01-25,EFT20260125025,588.3,PAYER EFT
2026-01-25,EFT20260125031,205.66,PAYER EFT
2026-01-25,EFT20260125038,62.32,PAYER EFT
2026-01-25,EFT20260125039,257.07,PAYER EFT
2026-01-26,EFT20260126003,44.51,PAYER EFT
2026-01-26,EFT20260126005,95.48,PAYER EFT
2026-01-26,EFT20260126022,250.14,PAYER EFT
2026-01-26,EFT20260126028,367.68,PAYER EFT
2026-01-26,EFT20260126029,100.85,PAYER EFT
2026-01-26,EFT20260126032,42.02,PAYER EFT
2026-01-26,EFT20260126038,142.58,PAYER EFT
2026-01-27,EFT20260127001,102.09,PAYER EFT
2026-01-27,EFT20260127004,111.28,PAYER EFT
2026-01-27,EFT20260127006,72.33,PAYER EFT
2026-01-27,EFT20260127008,146.89,PAYER EFT
2026-01-27,EFT20260127009,170.71,PAYER EFT
2026-01-27,EFT20260127014,70.16,PAYER EFT
2026-01-27,EFT20260127016,239.71,PAYER EFT
2026-01-27,EFT20260127024,151.12,PAYER EFT
2026-01-27,EFT20260127028,75.9,PAYER EFT
2026-01-27,EFT20260127032,82.26,PAYER EFT
2026-01-27,EFT20260127037,106.83,PAYER EFT
2026-01-27,EFT20260127039,85.69,PAYER EFT
2026-01-28,EFT20260128003,170.71,PAYER EFT
2026-01-28,EFT20260128021,578.68,PAYER EFT
2026-01-28,EFT20260128023,158.69,PAYER EFT
2026-01-28,EFT20260128034,72.33,PAYER EFT
2026-01-28,EFT20260128036,422.32,PAYER EFT
2026-01-28,EFT20260128039,35.61,PAYER EFT
2026-01-29,EFT20260129000,50.37,PAYER EFT
2026-01-29,EFT20260129002,389.49,PAYER EFT
2026-01-29,EFT20260129004,97.8,PAYER EFT
2026-01-29,EFT20260129005,319.94,PAYER EFT
2026-01-29,EFT20260129013,388.6,PAYER EFT
2026-01-29,EFT20260129020,578.68,PAYER EFT
2026-01-29,EFT20260129022,194.75,PAYER EFT
2026-01-29,EFT20260129026,588.3,PAYER EFT
2026-01-30,EFT20260130000,77.34,PAYER EFT
2026-01-30,EFT20260130015,249.5,PAYER EFT
2026-01-30,EFT20260130016,1101.71,PAYER EFT
2026-01-30,EFT20260130017,89.69,PAYER EFT
2026-01-30,EFT20260130024,106.83,PAYER EFT
2026-01-30,EFT20260130027,166.71,PAYER EFT
2026-01-30,EFT20260130030,682.84,PAYER EFT
2026-01-30,EFT20260130032,223.28,PAYER EFT
2026-01-30,EFT20260130034,701.65,PAYER EFT
2026-01-30,EFT20260130038,107.95,PAYER EFT
2026-01-31,EFT20260131000,82.26,PAYER EFT
2026-01-31,EFT20260131006,44.85,PAYER EFT
2026-01-31,EFT20260131008,411.3,PAYER EFT
2026-01-31,EFT20260131011,100.85,PAYER EFT
2026-01-31,EFT20260131012,57.86,PAYER EFT
2026-01-31,EFT20260131015,57.86,PAYER EFT
2026-01-31,EFT20260131016,58.76,PAYER EFT
2026-01-31,EFT20260131017,47.01,PAYER EFT
2026-01-31,EFT20260131019,286.44,PAYER EFT
2026-01-31,EFT20260131021,136.47,PAYER EFT
2026-01-31,EFT20260131025,188.9,PAYER EFT
2026-01-31,EFT20260131030,85.78,PAYER EFT
2026-01-31,EFT20260131037,115.74,PAYER EFT
2026-01-31,EFT20260131039,199.6,PAYER EFT
2026-02-01,EFT20260201003,144.67,PAYER EFT
2026-02-01,EFT20260201005,48.59,PAYER EFT
2026-02-01,EFT20260201014,141.02,PAYER EFT
2026-02-01,EFT20260201022,122.41,PAYER EFT
2026-02-01,EFT20260201023,72.33,PAYER EFT
2026-02-01,EFT20260201024,723.35,PAYER EFT
2026-02-01,EFT20260201029,800.58,PAYER EFT
2026-02-01,EFT20260201031,161.58,PAYER EFT
2026-02-01,EFT20260201032,56.13,PAYER EFT
2026-02-01,EFT20260201034,397.88,PAYER EFT
2026-02-01,EFT20260201035,578.68,PAYER EFT
2026-02-01,EFT20260201038,723.35,PAYER EFT
2026-02-02,EFT20260202001,756.73,PAYER EFT
2026-02-02,EFT20260202016,89.02,PAYER EFT
2026-02-02,EFT20260202033,891.91,PAYER EFT
2026-02-02,EFT20260202037,588.3,PAYER EFT
2026-02-03,EFT20260203010,85.78,PAYER EFT
2026-02-03,EFT20260203020,112.82,PAYER EFT
2026-02-03,EFT20260203024,38.64,PAYER EFT
2026-02-03,EFT20260203025,48.36,PAYER EFT
2026-02-03,EFT20260203026,52.53,PAYER EFT
2026-02-03,EFT20260203032,954.82,PAYER EFT
2026-02-04,EFT20260204000,111.28,PAYER EFT
2026-02-04,EFT20260204001,212.2,PAYER EFT
2026-02-04,EFT20260204004,205.1,PAYER EFT
2026-02-04,EFT20260204009,95.48,PAYER EFT
2026-02-04,EFT20260204010,45.96,PAYER EFT
2026-02-04,EFT20260204012,82.9,PAYER EFT
2026-02-04,EFT20260204019,136.57,PAYER EFT
2026-02-04,EFT20260204026,339.42,PAYER EFT
2026-02-04,EFT20260204036,367.68,PAYER EFT
2026-02-05,EFT20260205010,40.3,PAYER EFT
2026-02-05,EFT20260205020,95.48,PAYER EFT
2026-02-05,EFT20260205027,37.78,PAYER EFT
2026-02-05,EFT20260205029,459.6,PAYER EFT
2026-02-06,EFT20260206014,121.52,PAYER EFT
2026-02-06,EFT20260206017,917.54,PAYER EFT
2026-02-06,EFT20260206021,62.32,PAYER EFT
2026-02-06,EFT20260206022,279.1,PAYER EFT
2026-02-06,EFT20260206026,248.64,PAYER EFT
2026-02-06,EFT20260206033,66.24,PAYER EFT
2026-02-07,EFT20260207006,66.24,PAYER EFT
2026-02-07,EFT20260207013,75.02,PAYER EFT
2026-02-07,EFT20260207016,68.28,PAYER EFT
2026-02-07,EFT20260207018,241.49,PAYER EFT
2026-02-07,EFT20260207020,75.02,PAYER EFT
2026-02-07,EFT20260207023,188.9,PAYER EFT
2026-02-07,EFT20260207029,78.8,PAYER EFT
2026-02-07,EFT20260207039,388.6,PAYER EFT
2026-02-08,EFT20260208003,661.03,PAYER EFT
2026-02-08,EFT20260208010,118.74,PAYER EFT
2026-02-08,EFT20260208012,105.06,PAYER EFT
2026-02-08,EFT20260208017,131.32,PAYER EFT
2026-02-08,EFT20260208019,800.58,PAYER EFT
2026-02-08,EFT20260208020,163.23,PAYER EFT
2026-02-08,EFT20260208023,561.32,PAYER EFT
2026-02-08,EFT20260208025,85.78,PAYER EFT
2026-02-08,EFT20260208027,111.28,PAYER EFT
2026-02-08,EFT20260208030,89.69,PAYER EFT
2026-02-08,EFT20260208031,241.49,PAYER EFT
2026-02-08,EFT20260208033,248.87,PAYER EFT
2026-02-08,EFT20260208037,229.8,PAYER EFT
2026-02-09,EFT20260209003,34.54,PAYER EFT
2026-02-09,EFT20260209012,97.37,PAYER EFT
2026-02-09,EFT20260209013,169.15,PAYER EFT
2026-02-09,EFT20260209017,58.76,PAYER EFT
2026-02-09,EFT20260209018,337.29,PAYER EFT
2026-02-09,EFT20260209022,459.6,PAYER EFT
2026-02-10,EFT20260210006,107.23,PAYER EFT
2026-02-10,EFT20260210016,194.75,PAYER EFT
2026-02-10,EFT20260210017,57.86,PAYER EFT
2026-02-10,EFT20260210020,151.12,PAYER EFT
2026-02-10,EFT20260210022,164.8,PAYER EFT
2026-02-10,EFT20260210039,97.37,PAYER EFT
2026-02-11,EFT20260211005,485.2,PAYER EFT
2026-02-11,EFT20260211012,1072.33,PAYER EFT
2026-02-11,EFT20260211015,102.09,PAYER EFT
2026-02-11,EFT20260211020,358.78,PAYER EFT
2026-02-11,EFT20260211022,102.09,PAYER EFT
2026-02-12,EFT20260212000,38.87,PAYER EFT
2026-02-12,EFT20260212005,255.95,PAYER EFT
2026-02-12,EFT20260212006,44.51,PAYER EFT
2026-02-12,EFT20260212012,44.51,PAYER EFT
2026-02-12,EFT20260212014,111.28,PAYER EFT
2026-02-12,EFT20260212039,590.92,PAYER EFT
2026-02-13,EFT20260213001,120.74,PAYER EFT
2026-02-13,EFT20260213002,97.93,PAYER EFT
2026-02-13,EFT20260213006,106.83,PAYER EFT
2026-02-13,EFT20260213013,194.75,PAYER EFT
2026-02-13,EFT20260213017,389.49,PAYER EFT
2026-02-13,EFT20260213019,66.24,PAYER EFT
2026-02-13,EFT20260213024,106.83,PAYER EFT
2026-02-13,EFT20260213033,193.19,PAYER EFT
2026-02-14,EFT20260214003,187.77,PAYER EFT
2026-02-14,EFT20260214020,229.8,PAYER EFT
2026-02-14,EFT20260214022,89.69,PAYER EFT
2026-02-14,EFT20260214036,111.28,PAYER EFT
2026-02-14,EFT20260214037,106.83,PAYER EFT
2026-02-15,EFT20260215000,31.95,PAYER EFT
2026-02-15,EFT20260215006,682.84,PAYER EFT
2026-02-15,EFT20260215018,43.23,PAYER EFT
2026-02-15,EFT20260215027,44.51,PAYER EFT
2026-02-15,EFT20260215028,45.96,PAYER EFT
2026-02-15,EFT20260215033,112.82,PAYER EFT
2026-02-16,EFT20260216001,376.03,PAYER EFT
2026-02-16,EFT20260216022,319.94,PAYER EFT
2026-02-16,EFT20260216023,107.23,PAYER EFT
2026-02-16,EFT20260216024,34.54,PAYER EFT
2026-02-16,EFT20260216027,470.64,PAYER EFT
2026-02-16,EFT20260216034,834.63,PAYER EFT
2026-02-16,EFT20260216038,142.03,PAYER EFT
2026-02-16,EFT20260216039,31.16,PAYER EFT
2026-02-17,EFT20260217022,77.34,PAYER EFT
2026-02-17,EFT20260217024,647.67,PAYER EFT
2026-02-18,EFT20260218002,377.81,PAYER EFT
2026-02-18,EFT20260218031,255.95,PAYER EFT
2026-02-18,EFT20260218032,122.41,PAYER EFT
2026-02-19,EFT20260219008,97.93,PAYER EFT
2026-02-19,EFT20260219032,190.96,PAYER EFT
2026-02-19,EFT20260219036,578.68,PAYER EFT
2026-02-20,EFT20260220000,81.24,PAYER EFT
2026-02-20,EFT20260220002,64.99,PAYER EFT
2026-02-20,EFT20260220012,64.99,PAYER EFT
2026-02-20,EFT20260220018,107.23,PAYER EFT
2026-02-20,EFT20260220022,115.74,PAYER EFT
2026-02-20,EFT20260220024,37.78,PAYER EFT
2026-02-20,EFT20260220028,126.06,PAYER EFT
2026-02-20,EFT20260220029,73.54,PAYER EFT
2026-02-21,EFT20260221003,152.77,PAYER EFT
2026-02-21,EFT20260221007,43.18,PAYER EFT
2026-02-21,EFT20260221019,701.65,PAYER EFT
2026-02-21,EFT20260221022,528.82,PAYER EFT
2026-02-21,EFT20260221032,225.27,PAYER EFT
2026-02-22,EFT20260222006,44.51,PAYER EFT
2026-02-22,EFT20260222012,120.18,PAYER EFT
2026-02-22,EFT20260222016,75.02,PAYER EFT
2026-02-22,EFT20260222018,640.46,PAYER EFT
2026-02-22,EFT20260222024,41.13,PAYER EFT
2026-02-22,EFT20260222029,169.15,PAYER EFT
2026-02-22,EFT20260222033,70.16,PAYER EFT
2026-02-23,EFT20260223000,72.33,PAYER EFT
2026-02-23,EFT20260223003,122.41,PAYER EFT
2026-02-23,EFT20260223009,112.26,PAYER EFT
2026-02-24,EFT20260224003,62.32,PAYER EFT
2026-02-24,EFT20260224009,723.35,PAYER EFT
2026-02-24,EFT20260224023,144.67,PAYER EFT
2026-02-25,EFT20260225001,60.37,PAYER EFT
2026-02-25,EFT20260225014,70.16,PAYER EFT
2026-02-25,EFT20260225018,136.57,PAYER EFT
2026-02-25,EFT20260225024,106.83,PAYER EFT
2026-02-25,EFT20260225027,146.89,PAYER EFT
2026-02-27,EFT20260227022,257.07,PAYER EFT
2026-02-28,EFT20260228000,72.33,PAYER EFT
2026-02-28,EFT20260228007,144.67,PAYER EFT
2026-03-01,EFT20260301002,514.13,PAYER EFT
2026-03-02,EFT20260302000,211.44,PAYER EFT
2026-03-02,EFT20260302019,588.3,PAYER EFT
2026-03-02,EFT20260302033,102.09,PAYER EFT
2026-03-03,EFT20260303014,400.62,PAYER EFT
2026-03-03,EFT20260303034,190.96,PAYER EFT
2026-03-04,EFT20260304002,77.34,PAYER EFT
2026-03-04,EFT20260304007,75.02,PAYER EFT
2026-03-04,EFT20260304012,279.1,PAYER EFT
2026-03-04,EFT20260304015,75.02,PAYER EFT
2026-03-04,EFT20260304036,310.34,PAYER EFT
2026-03-05,EFT20260305014,95.48,PAYER EFT
2026-03-05,EFT20260305016,144.67,PAYER EFT
2025-04-15,BANKONLY000,3424.63,PATIENT LOCKBOX BATCH
2025-02-15,BANKONLY001,1343.26,PATIENT LOCKBOX BATCH
2025-07-15,BANKONLY002,2339.23,PATIENT LOCKBOX BATCH
2025-07-15,BANKONLY003,816.01,PATIENT LOCKBOX BATCH
2025-06-15,BANKONLY004,590.17,PATIENT LOCKBOX BATCH
2025-07-15,BANKONLY005,816.29,PATIENT LOCKBOX BATCH
2025-05-15,BANKONLY006,489.39,PATIENT LOCKBOX BATCH
2025-11-15,BANKONLY007,1389.71,PATIENT LOCKBOX BATCH
2025-06-15,BANKONLY008,1668.89,PATIENT LOCKBOX BATCH
2025-11-15,BANKONLY009,478.25,PATIENT LOCKBOX BATCH
2025-07-15,BANKONLY010,4394.84,PATIENT LOCKBOX BATCH
2025-01-15,BANKONLY011,5473.87,PATIENT LOCKBOX BATCH
2025-04-15,BANKONLY012,1278.71,PATIENT LOCKBOX BATCH
2025-10-15,BANKONLY013,4112.56,PATIENT LOCKBOX BATCH
